Age,Gender,Marital_Status,Department,Job_Role,Job_Level,Monthly_Income,Hourly_Rate,Years_at_Company,Years_in_Current_Role,Years_Since_Last_Promotion,Work_Life_Balance,Job_Satisfaction,Performance_Rating,Training_Hours_Last_Year,Overtime,Project_Count,Average_Hours_Worked_Per_Week,Absenteeism,Work_Environment_Satisfaction,Relationship_with_Manager,Job_Involvement,Distance_From_Home,Number_of_Companies_Worked,Attrition
1.62647711,-0.86043207,0.107308958,0.150266256,1.484791158,-1.440587041,0.813338745,-1.257797818,0.008209768,-0.875009989,-0.754189269,-1.304489412,-0.0453433,1.554293264,-1.287838428,-0.781488916,0.541932867,1.143546628,1.345086706,1.536011617,1.560709866,1.560671319,-0.288146071,0.632343664,0
0.723219031,-0.86043207,0.107308958,1.622966363,-0.398188716,1.614832614,0.325254854,-1.257797818,-1.155345555,0.457384117,-1.11135569,-0.350099774,-1.531137883,-1.243779626,-1.587689344,1.27960868,-1.146856971,0.021219502,-1.55133631,1.536011617,-1.329097671,-0.315141115,0.087314185,-0.32353837,0
-0.541342281,1.162206796,0.107308958,0.886616309,-0.398188716,-1.440587041,0.459989511,-1.428696694,1.171765091,1.789778223,1.38880926,0.604289863,-0.788240591,-1.243779626,1.073487541,1.27960868,0.541932867,-1.350513653,-1.370309871,0.602898942,1.560709866,1.560671319,1.589155209,0.632343664,0
-1.173622936,-0.86043207,-1.181988297,0.886616309,1.484791158,-1.440587041,-0.945100478,-1.343247256,-0.638209856,0.190905296,-0.754189269,0.604289863,1.440451283,1.554293264,0.024009333,-0.781488916,1.808525246,0.395328544,1.526113144,-0.330213733,0.597440687,-1.253047332,0.838234697,0.632343664,0
0.000612567,1.162206796,-1.181988297,0.886616309,0.543301221,-1.440587041,-0.256839383,-0.23240456,1.818184715,0.723862938,-1.11135569,-0.350099774,1.440451283,-1.243779626,0.586229802,-0.781488916,-0.724659511,-1.475216667,-1.732362748,1.536011617,-1.329097671,0.622765102,1.514063157,0.632343664,0
1.62647711,1.162206796,-1.181988297,-1.32243385,-0.398188716,0.087122786,1.068220246,-0.403303436,0.008209768,0.457384117,-0.397022847,1.5586795,-0.788240591,0.6216023,0.661192531,-0.781488916,1.808525246,-1.225810639,-0.103124802,-0.330213733,-0.365828492,0.622765102,0.012222134,-1.279420405,0
-0.180039049,1.162206796,-1.181988297,-0.586083797,-1.339678653,-1.440587041,1.523886776,-0.104230403,1.818184715,-1.674446452,-1.11135569,1.5586795,1.440451283,-1.243779626,-0.200878855,-0.781488916,-1.146856971,1.268249643,0.620980952,-1.263326408,-1.329097671,0.622765102,1.213694953,-0.32353837,0
0.181264183,-0.86043207,-1.181988297,0.886616309,1.484791158,0.087122786,1.531991116,-1.428696694,-1.413913404,0.457384117,-1.468522111,0.604289863,-0.788240591,0.6216023,-0.688136594,-0.781488916,0.119735408,0.145922516,0.439954513,1.536011617,-0.365828492,1.560671319,-0.813790429,-1.279420405,0
-0.902645512,1.162206796,0.107308958,0.150266256,-1.339678653,1.614832614,0.647807596,-1.129623661,0.396061543,-1.14148881,0.317309996,1.5586795,-1.531137883,-1.243779626,-0.238360219,1.27960868,-1.146856971,-1.101107625,-0.284151241,0.602898942,1.560709866,-0.315141115,1.814431362,0.632343664,0
-0.902645512,1.162206796,0.107308958,0.886616309,-1.339678653,0.087122786,0.959622087,-1.129623661,0.396061543,0.99034176,1.745975682,0.604289863,-1.531137883,-0.311088663,1.036006177,-0.781488916,0.964130327,1.018843614,-0.827230556,0.602898942,0.597440687,1.560671319,1.138602902,-0.32353837,0
0.271589991,-0.86043207,0.107308958,-1.32243385,0.543301221,1.614832614,-0.663879872,1.006612293,1.301049016,1.256820581,1.031642839,0.604289863,-1.531137883,1.554293264,-0.050953396,1.27960868,1.808525246,0.8941406,-0.827230556,1.536011617,-1.329097671,-0.315141115,-1.489618889,0.632343664,1
1.355499687,-0.86043207,0.107308958,0.150266256,-1.339678653,1.614832614,1.434333816,0.792988698,0.266777618,0.723862938,1.745975682,-0.350099774,-0.788240591,-0.311088663,1.223413,-0.781488916,0.964130327,-1.101107625,1.526113144,-0.330213733,-0.365828492,0.622765102,-0.88888248,-1.279420405,0
1.716802918,-0.86043207,-1.181988297,-1.32243385,0.543301221,0.087122786,-0.206997691,-1.813219166,-0.379642006,0.457384117,1.745975682,1.5586795,-0.788240591,-1.243779626,1.185931635,-0.781488916,0.119735408,-0.851701597,-0.103124802,-1.263326408,1.560709866,-1.253047332,-0.513422224,-1.279420405,0
0.271589991,-0.86043207,-1.181988297,0.150266256,-0.398188716,-0.676732128,0.049504678,-1.343247256,-1.02606163,-1.674446452,-1.11135569,-0.350099774,0.697553992,-1.243779626,1.185931635,1.27960868,-0.302462052,-0.35288954,-1.370309871,-1.263326408,0.597440687,1.560671319,-1.714895043,0.632343664,0
-1.625251976,1.162206796,-1.181988297,1.622966363,1.484791158,0.8509777,1.293723513,-1.685045009,0.137493693,-1.674446452,1.38880926,0.604289863,1.440451283,0.6216023,0.436304343,-0.781488916,-0.302462052,0.520031558,1.345086706,0.602898942,0.597440687,-1.253047332,-0.513422224,-0.32353837,0
0.090938375,1.162206796,1.396606212,-0.586083797,-1.339678653,-1.440587041,-1.276770602,-0.061505684,-0.508925931,0.457384117,-0.754189269,0.604289863,1.440451283,-1.243779626,0.961043447,1.27960868,1.386327786,-0.228186526,1.526113144,0.602898942,0.597440687,0.622765102,-1.639802992,-1.279420405,0
-1.715577784,1.162206796,0.107308958,-0.586083797,1.484791158,0.8509777,0.949086444,-1.300522537,-0.121074156,0.99034176,1.031642839,0.604289863,0.697553992,-1.243779626,1.298375729,1.27960868,-1.56905443,0.021219502,-1.008256994,-0.330213733,1.560709866,-0.315141115,-1.339434787,0.632343664,0
0.271589991,1.162206796,0.107308958,-1.32243385,-1.339678653,-1.440587041,1.659229258,1.775657237,-1.543197329,1.789778223,1.031642839,-1.304489412,0.697553992,-1.243779626,-1.475245251,1.27960868,0.119735408,0.8941406,0.077901636,0.602898942,1.560709866,-1.253047332,1.514063157,1.588225698,0
0.813544839,-0.86043207,-1.181988297,-0.586083797,1.484791158,-1.440587041,0.529079011,-1.685045009,0.525345467,-0.342052346,-0.754189269,-1.304489412,-1.531137883,-0.311088663,-0.763099324,-0.781488916,-1.146856971,-0.851701597,-0.103124802,-0.330213733,1.560709866,1.560671319,-0.963974531,0.632343664,0
1.536151302,1.162206796,0.107308958,-1.32243385,-1.339678653,1.614832614,-0.910251815,1.647483079,0.396061543,-0.875009989,-0.754189269,-1.304489412,0.697553992,0.6216023,-0.050953396,-0.781488916,1.808525246,-0.103483512,1.164060267,1.536011617,0.597440687,-1.253047332,1.438971106,0.632343664,0
-1.715577784,1.162206796,0.107308958,-1.32243385,-1.339678653,-1.440587041,-0.653749446,1.092061731,-0.638209856,-0.075573525,0.317309996,-0.350099774,-0.788240591,-0.311088663,1.823114833,-0.781488916,0.964130327,-1.350513653,-1.189283433,-1.263326408,-1.329097671,-1.253047332,-0.438330173,-0.32353837,0
0.000612567,-0.86043207,-1.181988297,-1.32243385,-1.339678653,-1.440587041,0.421291286,-1.044174223,-1.155345555,-0.608531167,-1.468522111,0.604289863,-0.0453433,0.6216023,1.185931635,-0.781488916,1.386327786,0.27062553,1.345086706,1.536011617,-0.365828492,1.560671319,1.213694953,0.632343664,0
1.084522263,1.162206796,1.396606212,-0.586083797,-1.339678653,0.087122786,-0.473833093,-1.770494447,-0.250358081,0.723862938,-0.397022847,1.5586795,-0.788240591,-0.311088663,0.473785708,-0.781488916,0.541932867,0.644734572,1.345086706,0.602898942,1.560709866,-0.315141115,0.087314185,1.588225698,0
-0.812319705,1.162206796,1.396606212,-1.32243385,-1.339678653,0.8509777,-0.587699073,-1.343247256,-0.638209856,1.789778223,-1.468522111,-0.350099774,0.697553992,-1.243779626,-1.362801157,-0.781488916,1.808525246,0.520031558,-1.732362748,-1.263326408,-1.329097671,1.560671319,1.138602902,0.632343664,1
0.090938375,1.162206796,1.396606212,-0.586083797,-1.339678653,0.087122786,1.065181118,1.60475836,0.396061543,-0.075573525,-0.754189269,-0.350099774,1.440451283,-0.311088663,-0.200878855,1.27960868,0.541932867,-0.976404611,0.620980952,-1.263326408,-0.365828492,0.622765102,0.312590339,1.588225698,0
0.361915799,1.162206796,-1.181988297,-1.32243385,-1.339678653,-1.440587041,-0.260283728,1.305685327,1.430332941,0.190905296,1.38880926,-0.350099774,-0.788240591,-0.311088663,-0.088434761,-0.781488916,0.964130327,-0.103483512,-0.465177679,1.536011617,0.597440687,-0.315141115,1.66424726,-1.279420405,0
0.542567415,1.162206796,0.107308958,0.886616309,-1.339678653,1.614832614,1.229294008,-1.599595571,0.654629392,0.190905296,-0.039856426,1.5586795,1.440451283,0.6216023,0.548748437,-0.781488916,0.964130327,0.644734572,-1.55133631,-0.330213733,-1.329097671,-1.253047332,-0.588514275,0.632343664,1
0.632893223,1.162206796,-1.181988297,-1.32243385,-1.339678653,0.087122786,0.487139051,-1.514146132,1.430332941,-1.674446452,-0.039856426,0.604289863,-0.788240591,0.6216023,1.560745281,-0.781488916,1.808525246,1.143546628,1.526113144,-1.263326408,0.597440687,1.560671319,-0.88888248,-0.32353837,1
-0.451016473,-0.86043207,-1.181988297,0.150266256,1.484791158,0.087122786,0.529484228,0.323016788,0.137493693,0.190905296,-0.397022847,-1.304489412,1.440451283,-0.311088663,0.136453427,-0.781488916,1.386327786,-0.851701597,0.80200739,-0.330213733,-0.365828492,0.622765102,1.288787004,0.632343664,0
-0.541342281,-0.86043207,0.107308958,-1.32243385,0.543301221,-0.676732128,1.052214174,-1.385971975,1.301049016,-0.342052346,-0.754189269,0.604289863,-0.788240591,0.6216023,1.523263916,1.27960868,-1.56905443,0.395328544,-1.55133631,1.536011617,1.560709866,1.560671319,0.38768239,1.588225698,0
-1.625251976,1.162206796,1.396606212,1.622966363,-1.339678653,-1.440587041,-1.154395065,0.835713417,1.301049016,-0.875009989,-0.039856426,0.604289863,1.440451283,0.6216023,1.598226645,1.27960868,-0.302462052,1.642358685,-1.189283433,1.536011617,0.597440687,-0.315141115,-0.062869917,1.588225698,0
1.445825495,1.162206796,1.396606212,-1.32243385,0.543301221,1.614832614,0.169651522,0.579365102,-1.155345555,1.523299402,-0.397022847,-0.350099774,-0.0453433,0.6216023,1.036006177,1.27960868,0.964130327,1.268249643,-1.732362748,-0.330213733,-1.329097671,0.622765102,-0.213054019,-0.32353837,1
-1.263948744,-0.86043207,-1.181988297,0.150266256,-1.339678653,0.087122786,-0.157358607,-1.343247256,-0.250358081,1.789778223,1.031642839,-0.350099774,-1.531137883,1.554293264,0.998524812,1.27960868,1.386327786,0.769437586,1.526113144,1.536011617,1.560709866,-1.253047332,-0.588514275,1.588225698,0
0.000612567,1.162206796,1.396606212,0.150266256,-1.339678653,0.087122786,1.247123557,1.262960608,-1.413913404,1.256820581,-0.397022847,-0.350099774,-0.788240591,0.6216023,-0.200878855,1.27960868,0.964130327,-1.225810639,-0.103124802,-1.263326408,-1.329097671,-0.315141115,1.814431362,0.632343664,0
-1.083297128,1.162206796,-1.181988297,-0.586083797,1.484791158,1.614832614,-0.017761346,-1.770494447,1.042481167,0.190905296,1.031642839,-1.304489412,-0.0453433,1.554293264,-0.800580688,-0.781488916,-0.724659511,-1.475216667,-1.732362748,1.536011617,-0.365828492,0.622765102,1.288787004,1.588225698,0
1.62647711,1.162206796,-1.181988297,0.886616309,-0.398188716,-1.440587041,-0.087053455,-1.514146132,-0.121074156,-1.14148881,0.317309996,-1.304489412,-1.531137883,1.554293264,-1.775096167,1.27960868,-0.302462052,-0.602295569,1.707139582,1.536011617,-0.365828492,-0.315141115,1.589155209,0.632343664,0
-0.270364857,-0.86043207,0.107308958,-1.32243385,-0.398188716,-0.676732128,0.231244508,-1.385971975,-1.801765179,1.523299402,-0.039856426,-1.304489412,-0.788240591,0.6216023,0.286378885,1.27960868,0.964130327,1.642358685,0.80200739,-1.263326408,1.560709866,-1.253047332,0.162406236,0.632343664,1
-1.534926168,1.162206796,0.107308958,-0.586083797,1.484791158,0.087122786,1.329180002,0.408466226,1.68890079,-0.875009989,-0.397022847,0.604289863,-0.0453433,-0.311088663,0.286378885,-0.781488916,1.386327786,-0.726998583,-1.189283433,-0.330213733,-1.329097671,0.622765102,0.988418799,1.588225698,0
0.361915799,-0.86043207,0.107308958,0.886616309,0.543301221,-0.676732128,-0.691637237,-1.428696694,0.654629392,-0.342052346,-0.397022847,-0.350099774,-0.0453433,0.6216023,-0.575692501,-0.781488916,0.964130327,-1.599919681,-0.646204118,1.536011617,-1.329097671,1.560671319,-0.137961968,-0.32353837,1
-0.631668089,1.162206796,-1.181988297,-1.32243385,-0.398188716,0.8509777,0.491596438,1.775657237,-1.284629479,0.99034176,-0.397022847,1.5586795,-0.0453433,-1.243779626,1.410819822,1.27960868,0.541932867,-1.849325709,-0.646204118,-0.330213733,-1.329097671,1.560671319,-1.039066582,-1.279420405,0
-1.083297128,-0.86043207,0.107308958,1.622966363,1.484791158,-1.440587041,-0.586078205,1.732932518,-0.896777705,-0.075573525,1.38880926,0.604289863,0.697553992,-0.311088663,0.323860249,-0.781488916,1.808525246,-0.477592555,1.345086706,-1.263326408,-1.329097671,-1.253047332,-1.264342736,-0.32353837,0
0.452241607,-0.86043207,1.396606212,-1.32243385,1.484791158,0.8509777,-1.308782746,-1.514146132,-0.379642006,-0.875009989,-0.397022847,-1.304489412,1.440451283,1.554293264,0.098972062,-0.781488916,1.808525246,0.8941406,0.439954513,-0.330213733,-0.365828492,0.622765102,-1.114158633,-1.279420405,0
-1.715577784,1.162206796,1.396606212,0.150266256,-0.398188716,0.8509777,0.916466475,-0.317853998,-1.672481254,-0.875009989,1.38880926,1.5586795,-1.531137883,1.554293264,-0.763099324,1.27960868,0.964130327,-0.103483512,-0.103124802,-0.330213733,-1.329097671,-1.253047332,0.087314185,-0.32353837,0
-0.089713241,-0.86043207,-1.181988297,0.150266256,0.543301221,0.8509777,0.437905184,1.391134765,-0.379642006,-0.075573525,1.745975682,1.5586795,1.440451283,-0.311088663,-0.538211136,-0.781488916,1.386327786,-0.103483512,-0.465177679,0.602898942,-0.365828492,-1.253047332,1.66424726,0.632343664,0
0.632893223,1.162206796,-1.181988297,1.622966363,1.484791158,-1.440587041,1.048364612,-1.257797818,-1.284629479,-0.342052346,0.317309996,-0.350099774,1.440451283,-0.311088663,0.961043447,1.27960868,0.541932867,0.644734572,-0.103124802,0.602898942,-1.329097671,-0.315141115,-0.663606326,0.632343664,0
-1.263948744,-0.86043207,0.107308958,-0.586083797,-1.339678653,-1.440587041,-0.268590677,0.451190945,0.913197242,1.523299402,1.745975682,1.5586795,1.440451283,0.6216023,-0.050953396,1.27960868,-1.56905443,-0.228186526,0.620980952,1.536011617,-1.329097671,1.560671319,-0.813790429,1.588225698,0
-1.173622936,1.162206796,-1.181988297,0.886616309,0.543301221,1.614832614,1.124140193,1.775657237,-1.284629479,0.99034176,0.674476417,-1.304489412,-0.0453433,1.554293264,-0.613173865,-0.781488916,-1.56905443,1.268249643,0.620980952,0.602898942,0.597440687,-1.253047332,1.363879055,-1.279420405,0
1.265173879,1.162206796,-1.181988297,-1.32243385,0.543301221,-0.676732128,-0.51759653,-0.958724784,-0.250358081,0.190905296,1.745975682,-0.350099774,1.440451283,-1.243779626,0.961043447,1.27960868,0.541932867,-1.101107625,1.707139582,0.602898942,0.597440687,-0.315141115,1.66424726,-1.279420405,0
-0.631668089,-0.86043207,1.396606212,0.150266256,-0.398188716,-0.676732128,1.501802449,0.280292069,-0.76749378,-1.674446452,-0.754189269,1.5586795,0.697553992,0.6216023,0.886080718,1.27960868,-1.146856971,0.145922516,0.077901636,0.602898942,-1.329097671,-1.253047332,0.162406236,1.588225698,1
-0.360690665,1.162206796,1.396606212,-0.586083797,-0.398188716,1.614832614,-0.371921015,-0.189679841,-0.638209856,0.723862938,1.031642839,-0.350099774,-0.788240591,-0.311088663,1.073487541,-0.781488916,1.386327786,1.018843614,-0.827230556,-0.330213733,-0.365828492,-1.253047332,-0.213054019,-0.32353837,1
1.355499687,1.162206796,0.107308958,1.622966363,-1.339678653,1.614832614,-0.774504116,-1.001449504,-1.801765179,1.523299402,-0.754189269,1.5586795,-0.0453433,1.554293264,-1.512726615,-0.781488916,-1.56905443,0.395328544,-1.732362748,-0.330213733,-1.329097671,-1.253047332,-0.062869917,1.588225698,0
1.716802918,-0.86043207,-1.181988297,0.150266256,1.484791158,0.8509777,-1.593447697,-1.556870852,-1.543197329,0.99034176,-1.468522111,0.604289863,-1.531137883,-0.311088663,-0.050953396,-0.781488916,-1.146856971,-1.101107625,1.526113144,0.602898942,0.597440687,1.560671319,1.514063157,-0.32353837,1
-1.534926168,1.162206796,-1.181988297,1.622966363,-0.398188716,1.614832614,-0.10812474,-1.471421413,0.396061543,-0.075573525,1.745975682,0.604289863,-0.788240591,-0.311088663,0.661192531,-0.781488916,1.386327786,1.517655671,-0.646204118,-1.263326408,-1.329097671,0.622765102,0.312590339,1.588225698,0
-1.715577784,1.162206796,1.396606212,-1.32243385,-0.398188716,0.087122786,0.379756543,-1.813219166,-0.379642006,1.256820581,-0.039856426,-1.304489412,-0.788240591,-0.311088663,1.63570801,1.27960868,0.541932867,-1.599919681,1.345086706,0.602898942,0.597440687,1.560671319,1.06351085,-1.279420405,1
-1.354274552,-0.86043207,-1.181988297,0.886616309,0.543301221,-0.676732128,-0.933551793,-0.745101189,1.818184715,-0.075573525,-1.11135569,0.604289863,-0.788240591,0.6216023,1.260894364,-0.781488916,-1.146856971,1.767061699,-1.370309871,-1.263326408,-1.329097671,-0.315141115,-0.88888248,-1.279420405,0
-1.534926168,-0.86043207,1.396606212,0.150266256,-0.398188716,1.614832614,1.67786924,-0.23240456,-1.543197329,0.99034176,1.745975682,0.604289863,1.440451283,-1.243779626,-0.500729771,-0.781488916,-1.146856971,-1.599919681,1.707139582,-0.330213733,1.560709866,0.622765102,0.012222134,-0.32353837,0
0.723219031,1.162206796,0.107308958,0.150266256,-0.398188716,0.087122786,1.727305716,-0.23240456,1.430332941,-0.075573525,0.317309996,0.604289863,1.440451283,-1.243779626,1.748152104,1.27960868,0.964130327,1.268249643,0.077901636,-1.263326408,-1.329097671,-0.315141115,-0.813790429,-1.279420405,1
-0.270364857,1.162206796,1.396606212,-1.32243385,-0.398188716,0.087122786,-1.260359313,0.750263979,1.301049016,-0.075573525,1.745975682,1.5586795,-0.0453433,1.554293264,0.811117989,1.27960868,0.119735408,1.143546628,-1.008256994,-0.330213733,-0.365828492,-1.253047332,1.213694953,-1.279420405,0
0.452241607,-0.86043207,-1.181988297,-0.586083797,-0.398188716,0.087122786,-0.715545041,0.023943754,1.818184715,0.723862938,1.38880926,1.5586795,1.440451283,-0.311088663,1.598226645,1.27960868,0.119735408,1.642358685,1.526113144,-1.263326408,0.597440687,0.622765102,1.814431362,-1.279420405,0
1.174848071,-0.86043207,0.107308958,0.886616309,0.543301221,0.087122786,0.781326601,0.023943754,-0.76749378,1.789778223,-1.468522111,-0.350099774,1.440451283,-1.243779626,-0.200878855,1.27960868,1.386327786,0.27062553,-1.55133631,-0.330213733,1.560709866,-0.315141115,-1.639802992,-1.279420405,0
-0.99297132,1.162206796,1.396606212,0.150266256,-1.339678653,0.8509777,-1.541782528,1.305685327,1.430332941,0.723862938,-0.397022847,1.5586795,1.440451283,-0.311088663,1.223413,-0.781488916,0.964130327,1.767061699,-1.189283433,-0.330213733,0.597440687,-1.253047332,1.138602902,0.632343664,0
1.355499687,-0.86043207,1.396606212,0.886616309,-1.339678653,0.087122786,-1.459928692,0.792988698,-1.672481254,0.190905296,-1.468522111,0.604289863,-0.0453433,1.554293264,0.398822979,-0.781488916,1.808525246,0.520031558,-0.103124802,0.602898942,0.597440687,-0.315141115,-0.88888248,1.588225698,0
-0.631668089,1.162206796,0.107308958,0.150266256,1.484791158,0.8509777,-0.206592474,-1.599595571,-1.543197329,0.457384117,-1.468522111,1.5586795,-0.0453433,-0.311088663,0.511267072,1.27960868,-0.302462052,0.769437586,-1.55133631,1.536011617,-0.365828492,-0.315141115,1.138602902,1.588225698,1
0.903870647,1.162206796,0.107308958,0.886616309,-0.398188716,0.8509777,1.052011565,-1.129623661,-0.121074156,0.457384117,1.031642839,-1.304489412,0.697553992,-1.243779626,-1.662652074,1.27960868,-0.302462052,-0.228186526,-0.465177679,1.536011617,-1.329097671,1.560671319,-0.738698378,0.632343664,1
-0.541342281,1.162206796,1.396606212,1.622966363,0.543301221,0.087122786,0.789430942,0.323016788,-1.413913404,-1.407967631,-1.11135569,-0.350099774,0.697553992,-0.311088663,1.410819822,1.27960868,-1.146856971,-1.599919681,-1.732362748,-0.330213733,-0.365828492,-1.253047332,0.462774441,-1.279420405,1
-1.173622936,1.162206796,-1.181988297,0.150266256,1.484791158,-0.676732128,-0.657396399,-0.23240456,1.301049016,1.523299402,-1.468522111,-0.350099774,0.697553992,-1.243779626,1.373338458,1.27960868,-0.724659511,1.517655671,-0.827230556,0.602898942,-1.329097671,1.560671319,1.288787004,1.588225698,0
-0.631668089,1.162206796,1.396606212,0.886616309,1.484791158,0.087122786,1.587505847,-0.830550627,0.525345467,1.523299402,1.031642839,1.5586795,0.697553992,1.554293264,1.523263916,-0.781488916,-1.56905443,1.268249643,0.077901636,1.536011617,1.560709866,0.622765102,1.438971106,1.588225698,0
0.181264183,-0.86043207,0.107308958,-0.586083797,-1.339678653,0.087122786,-0.895461394,0.323016788,-0.250358081,-0.075573525,-0.397022847,0.604289863,-0.788240591,-0.311088663,0.998524812,1.27960868,-1.56905443,1.767061699,-0.103124802,1.536011617,-0.365828492,-1.253047332,1.814431362,1.588225698,1
1.716802918,-0.86043207,1.396606212,1.622966363,0.543301221,0.087122786,-1.527397324,-1.428696694,-1.02606163,-0.075573525,-0.754189269,-0.350099774,-0.788240591,-1.243779626,-0.350804313,-0.781488916,0.964130327,1.268249643,0.439954513,0.602898942,-0.365828492,1.560671319,-0.363238122,-0.32353837,0
0.000612567,-0.86043207,0.107308958,1.622966363,0.543301221,-0.676732128,0.749314457,1.220235889,-0.379642006,-0.875009989,-0.397022847,-1.304489412,0.697553992,1.554293264,-1.137912969,1.27960868,0.119735408,-1.101107625,-1.732362748,0.602898942,0.597440687,1.560671319,0.537866492,0.632343664,0
-0.451016473,-0.86043207,0.107308958,-0.586083797,0.543301221,-1.440587041,0.416631291,-0.958724784,-1.543197329,0.457384117,-0.039856426,-1.304489412,0.697553992,-0.311088663,-0.088434761,-0.781488916,-0.724659511,-1.101107625,-1.55133631,1.536011617,-0.365828492,0.622765102,1.438971106,-0.32353837,0
-0.270364857,1.162206796,-1.181988297,0.886616309,-1.339678653,-1.440587041,1.435752076,1.13478645,1.042481167,0.190905296,-1.468522111,-0.350099774,-1.531137883,1.554293264,0.586229802,-0.781488916,0.964130327,-1.350513653,-1.370309871,1.536011617,-1.329097671,-0.315141115,1.438971106,-0.32353837,0
0.271589991,1.162206796,0.107308958,-1.32243385,-1.339678653,0.8509777,1.556506745,1.775657237,1.042481167,1.256820581,-1.468522111,0.604289863,-0.788240591,-1.243779626,0.661192531,-0.781488916,-1.146856971,-1.599919681,-0.284151241,-1.263326408,-0.365828492,-0.315141115,0.087314185,0.632343664,0
0.452241607,1.162206796,0.107308958,-0.586083797,-1.339678653,0.8509777,1.668549249,0.579365102,-0.76749378,-1.674446452,-0.754189269,0.604289863,-1.531137883,-0.311088663,1.560745281,-0.781488916,-0.724659511,0.27062553,-1.008256994,-1.263326408,-0.365828492,-0.315141115,-1.489618889,1.588225698,0
0.361915799,1.162206796,-1.181988297,0.886616309,-1.339678653,-0.676732128,0.253734052,-0.189679841,-1.672481254,-1.407967631,0.317309996,1.5586795,-1.531137883,-0.311088663,-1.175394334,1.27960868,-1.56905443,-0.103483512,-0.103124802,-0.330213733,1.560709866,0.622765102,-0.813790429,-0.32353837,0
0.723219031,-0.86043207,0.107308958,-0.586083797,-1.339678653,1.614832614,-0.141757752,-0.446028155,1.818184715,1.523299402,-1.468522111,1.5586795,1.440451283,-0.311088663,0.024009333,-0.781488916,1.386327786,0.520031558,-0.103124802,1.536011617,-1.329097671,1.560671319,0.913326748,1.588225698,0
-0.541342281,1.162206796,-1.181988297,-0.586083797,-0.398188716,-1.440587041,-1.314658393,0.664814541,0.913197242,1.523299402,-1.11135569,-0.350099774,-0.0453433,1.554293264,-0.725617959,1.27960868,-1.146856971,-0.228186526,0.258928075,0.602898942,0.597440687,-1.253047332,1.363879055,-0.32353837,0
-1.805903592,1.162206796,-1.181988297,0.150266256,-0.398188716,0.8509777,1.17074015,-1.086898942,-0.76749378,-1.407967631,0.674476417,1.5586795,-0.788240591,1.554293264,0.623711166,-0.781488916,0.964130327,1.642358685,1.345086706,0.602898942,-1.329097671,0.622765102,0.988418799,1.588225698,0
0.361915799,-0.86043207,0.107308958,0.886616309,0.543301221,-1.440587041,-0.784229324,0.536640383,-0.379642006,1.256820581,-1.468522111,1.5586795,0.697553992,-1.243779626,-1.662652074,-0.781488916,1.808525246,-1.475216667,-1.732362748,1.536011617,1.560709866,-0.315141115,-1.56471094,-1.279420405,0
-1.263948744,-0.86043207,0.107308958,-1.32243385,1.484791158,-0.676732128,1.516795478,0.579365102,-0.379642006,1.256820581,0.674476417,1.5586795,0.697553992,0.6216023,1.63570801,1.27960868,0.541932867,1.392952657,-1.370309871,-0.330213733,-1.329097671,-0.315141115,-0.588514275,-1.279420405,0
-1.083297128,-0.86043207,1.396606212,0.150266256,0.543301221,-0.676732128,0.200245406,1.391134765,0.008209768,0.99034176,-0.397022847,-1.304489412,-0.0453433,-0.311088663,1.785633468,1.27960868,-1.146856971,1.018843614,-1.008256994,0.602898942,-1.329097671,-1.253047332,0.162406236,-1.279420405,0
0.271589991,-0.86043207,-1.181988297,-0.586083797,1.484791158,1.614832614,1.153315818,0.194842631,-1.672481254,0.190905296,1.745975682,1.5586795,-0.788240591,-0.311088663,-0.275841584,-0.781488916,-1.146856971,-0.976404611,1.164060267,1.536011617,-0.365828492,0.622765102,1.213694953,0.632343664,0
-1.805903592,1.162206796,1.396606212,-0.586083797,-1.339678653,1.614832614,-0.145809922,-0.061505684,0.396061543,-1.674446452,0.317309996,-0.350099774,0.697553992,-1.243779626,1.298375729,-0.781488916,1.808525246,1.642358685,-0.465177679,1.536011617,-0.365828492,-0.315141115,1.138602902,-1.279420405,0
-1.173622936,1.162206796,0.107308958,-0.586083797,1.484791158,-0.676732128,1.169524499,-0.70237647,-0.250358081,-0.875009989,1.031642839,0.604289863,0.697553992,-0.311088663,1.673189375,1.27960868,1.386327786,0.644734572,1.164060267,-0.330213733,-1.329097671,0.622765102,-0.363238122,-0.32353837,0
0.271589991,-0.86043207,1.396606212,0.886616309,0.543301221,0.8509777,-0.89059879,1.305685327,-0.121074156,0.723862938,1.38880926,1.5586795,1.440451283,1.554293264,-1.662652074,-0.781488916,1.808525246,-0.35288954,-0.284151241,1.536011617,-1.329097671,1.560671319,1.66424726,1.588225698,0
-0.902645512,1.162206796,-1.181988297,0.886616309,0.543301221,-1.440587041,0.88729085,0.365741507,-1.284629479,1.256820581,0.317309996,0.604289863,-1.531137883,1.554293264,0.024009333,1.27960868,-0.302462052,0.769437586,-0.827230556,0.602898942,0.597440687,0.622765102,-0.663606326,1.588225698,0
-0.360690665,1.162206796,1.396606212,0.150266256,1.484791158,0.087122786,-0.897892696,-0.061505684,1.430332941,-0.608531167,1.38880926,1.5586795,0.697553992,-0.311088663,1.335857093,1.27960868,-0.302462052,-0.976404611,1.164060267,-1.263326408,1.560709866,1.560671319,0.612958543,1.588225698,0
-1.173622936,1.162206796,-1.181988297,-1.32243385,-0.398188716,1.614832614,1.582440634,-0.488752875,-0.638209856,0.457384117,-0.397022847,-0.350099774,-0.788240591,-0.311088663,0.323860249,1.27960868,-1.146856971,-0.103483512,-0.465177679,-0.330213733,-0.365828492,-1.253047332,1.889523413,1.588225698,0
1.265173879,-0.86043207,0.107308958,0.150266256,-1.339678653,0.087122786,1.198497515,-0.745101189,-0.379642006,-0.075573525,0.317309996,-1.304489412,-0.0453433,1.554293264,1.110968906,-0.781488916,-1.56905443,0.145922516,-0.646204118,1.536011617,-0.365828492,1.560671319,-0.213054019,-0.32353837,0
1.265173879,1.162206796,0.107308958,1.622966363,-1.339678653,0.8509777,-1.195119374,-0.787825908,-0.638209856,0.190905296,1.031642839,-0.350099774,1.440451283,-0.311088663,1.298375729,-0.781488916,-0.302462052,-1.350513653,-0.646204118,-0.330213733,-0.365828492,1.560671319,-1.714895043,1.588225698,0
1.084522263,-0.86043207,-1.181988297,-0.586083797,0.543301221,1.614832614,-0.348418428,1.348410046,1.171765091,1.789778223,1.38880926,-1.304489412,-0.788240591,1.554293264,-1.55020798,1.27960868,1.386327786,0.520031558,0.80200739,1.536011617,-0.365828492,-1.253047332,-1.339434787,-0.32353837,0
-1.44460036,1.162206796,0.107308958,-0.586083797,-0.398188716,0.087122786,-1.314455784,-0.873275346,-0.508925931,0.99034176,-0.754189269,1.5586795,1.440451283,0.6216023,-0.688136594,1.27960868,-1.146856971,-1.475216667,-0.646204118,-1.263326408,-1.329097671,-0.315141115,0.237498288,-0.32353837,0
1.62647711,1.162206796,0.107308958,-0.586083797,1.484791158,0.8509777,1.41751731,0.579365102,1.301049016,0.457384117,-1.11135569,1.5586795,-1.531137883,0.6216023,-1.400282521,1.27960868,1.386327786,-0.602295569,-0.465177679,-0.330213733,-1.329097671,-1.253047332,-0.062869917,1.588225698,1
0.632893223,1.162206796,0.107308958,0.150266256,-1.339678653,-1.440587041,-0.507668714,0.365741507,-1.672481254,1.523299402,0.317309996,-1.304489412,0.697553992,-0.311088663,-1.06295024,1.27960868,-1.56905443,0.27062553,-0.284151241,1.536011617,0.597440687,0.622765102,1.739339311,1.588225698,0
-1.263948744,-0.86043207,0.107308958,0.150266256,-0.398188716,0.8509777,-0.198690742,-0.531477594,-1.284629479,-0.075573525,-0.397022847,-0.350099774,-0.788240591,-0.311088663,1.673189375,-0.781488916,-1.56905443,-0.726998583,0.80200739,-1.263326408,-0.365828492,-1.253047332,0.537866492,1.588225698,1
-1.083297128,1.162206796,-1.181988297,-0.586083797,-1.339678653,1.614832614,-0.885533577,0.878438136,-1.02606163,-0.608531167,-1.468522111,-0.350099774,-0.0453433,-0.311088663,0.473785708,1.27960868,-0.302462052,0.145922516,-1.55133631,0.602898942,-0.365828492,0.622765102,-0.88888248,-0.32353837,0
-1.173622936,-0.86043207,1.396606212,0.150266256,-0.398188716,-0.676732128,-1.296221019,1.17751117,-1.155345555,1.523299402,1.031642839,-1.304489412,-1.531137883,1.554293264,1.560745281,-0.781488916,0.964130327,1.767061699,-0.646204118,1.536011617,-1.329097671,-0.315141115,-0.213054019,0.632343664,0
-0.812319705,-0.86043207,1.396606212,0.886616309,-0.398188716,-1.440587041,-1.11022641,-0.446028155,0.913197242,-0.608531167,1.38880926,1.5586795,-1.531137883,0.6216023,1.523263916,1.27960868,1.808525246,-0.103483512,0.80200739,-1.263326408,0.597440687,0.622765102,-1.639802992,-0.32353837,0
1.174848071,-0.86043207,0.107308958,0.886616309,0.543301221,0.087122786,-0.958270031,1.775657237,1.042481167,0.723862938,1.38880926,-1.304489412,1.440451283,0.6216023,-0.613173865,-0.781488916,0.119735408,-1.225810639,1.345086706,-1.263326408,-1.329097671,-1.253047332,-1.414526838,0.632343664,1
1.084522263,1.162206796,1.396606212,0.150266256,-1.339678653,1.614832614,1.21409837,-1.770494447,-1.543197329,0.99034176,-1.11135569,1.5586795,-1.531137883,-1.243779626,-0.875543417,-0.781488916,-1.146856971,0.8941406,1.345086706,-0.330213733,-0.365828492,-1.253047332,-1.114158633,1.588225698,0
0.181264183,1.162206796,1.396606212,-0.586083797,1.484791158,-0.676732128,1.225647055,-1.086898942,-0.250358081,-0.342052346,1.38880926,-1.304489412,-0.788240591,-1.243779626,1.523263916,-0.781488916,0.964130327,0.644734572,-0.103124802,1.536011617,-0.365828492,-0.315141115,-0.288146071,-0.32353837,0
0.271589991,1.162206796,0.107308958,0.150266256,0.543301221,0.8509777,-0.583444295,0.152117912,-1.543197329,-0.608531167,0.674476417,1.5586795,1.440451283,-0.311088663,1.898077562,-0.781488916,-1.146856971,0.021219502,1.345086706,0.602898942,1.560709866,-1.253047332,1.66424726,1.588225698,1
1.445825495,1.162206796,0.107308958,0.150266256,0.543301221,-0.676732128,-0.190991619,-0.446028155,1.430332941,1.523299402,-0.039856426,-1.304489412,-1.531137883,1.554293264,-0.350804313,-0.781488916,1.808525246,-0.103483512,-1.732362748,1.536011617,1.560709866,-0.315141115,-0.438330173,0.632343664,0
1.265173879,-0.86043207,1.396606212,0.150266256,1.484791158,1.614832614,-0.22340898,1.732932518,1.301049016,1.256820581,0.674476417,0.604289863,-0.0453433,-0.311088663,0.586229802,1.27960868,1.808525246,-0.976404611,-0.646204118,-1.263326408,1.560709866,-0.315141115,-0.137961968,0.632343664,0
1.716802918,-0.86043207,-1.181988297,1.622966363,0.543301221,1.614832614,1.230509659,-0.360578717,1.171765091,0.99034176,1.38880926,1.5586795,-0.788240591,0.6216023,0.361341614,1.27960868,-0.724659511,-0.851701597,-1.370309871,0.602898942,0.597440687,-1.253047332,-1.189250685,-0.32353837,0
0.090938375,-0.86043207,0.107308958,0.886616309,-0.398188716,-0.676732128,-1.079835134,0.323016788,0.783913317,0.457384117,1.031642839,-0.350099774,-0.0453433,-0.311088663,-1.287838428,-0.781488916,1.386327786,-0.602295569,0.620980952,-1.263326408,-1.329097671,1.560671319,0.763142646,-0.32353837,0
0.542567415,1.162206796,-1.181988297,-1.32243385,-0.398188716,0.8509777,1.117656721,-1.086898942,-1.155345555,-1.14148881,0.317309996,-1.304489412,-0.0453433,-0.311088663,-1.812577532,1.27960868,-0.302462052,1.392952657,0.258928075,-0.330213733,-0.365828492,0.622765102,-1.114158633,-0.32353837,0
1.265173879,-0.86043207,1.396606212,-1.32243385,-1.339678653,-0.676732128,1.136499312,1.220235889,-0.508925931,-1.14148881,-0.397022847,-0.350099774,1.440451283,0.6216023,-1.437763886,1.27960868,-0.724659511,-1.724622695,0.620980952,1.536011617,-0.365828492,1.560671319,-1.264342736,-0.32353837,0
-1.805903592,1.162206796,0.107308958,1.622966363,-1.339678653,1.614832614,1.651732743,-0.574202313,1.68890079,-0.075573525,-1.468522111,-1.304489412,0.697553992,0.6216023,0.211416156,1.27960868,-1.56905443,1.392952657,-1.189283433,-1.263326408,0.597440687,-0.315141115,0.462774441,-1.279420405,0
1.265173879,-0.86043207,-1.181988297,0.150266256,1.484791158,1.614832614,-0.105288221,0.023943754,1.430332941,-0.075573525,0.317309996,-0.350099774,1.440451283,0.6216023,-1.775096167,1.27960868,0.119735408,-0.35288954,0.439954513,-1.263326408,-0.365828492,0.622765102,-0.438330173,-1.279420405,0
1.445825495,1.162206796,0.107308958,1.622966363,-1.339678653,0.087122786,-0.244075047,0.408466226,0.266777618,-0.342052346,-0.754189269,-0.350099774,-0.788240591,0.6216023,0.586229802,1.27960868,-0.302462052,-1.475216667,0.983033829,1.536011617,-0.365828492,1.560671319,0.237498288,1.588225698,0
-0.631668089,1.162206796,1.396606212,1.622966363,-0.398188716,0.087122786,-0.27223763,-1.428696694,-0.638209856,-1.14148881,0.317309996,-1.304489412,-0.788240591,-1.243779626,1.710670739,1.27960868,-1.56905443,1.392952657,0.983033829,0.602898942,-1.329097671,-1.253047332,-0.588514275,0.632343664,1
-1.625251976,-0.86043207,-1.181988297,-0.586083797,1.484791158,-1.440587041,-0.333425398,0.365741507,-0.379642006,1.789778223,0.317309996,-1.304489412,1.440451283,1.554293264,-0.200878855,1.27960868,1.386327786,-0.851701597,-1.008256994,-1.263326408,1.560709866,1.560671319,-0.213054019,0.632343664,0
-1.805903592,-0.86043207,1.396606212,0.886616309,1.484791158,1.614832614,0.07503335,0.23756735,0.266777618,1.523299402,-0.397022847,-0.350099774,0.697553992,1.554293264,-1.250357063,-0.781488916,1.386327786,-1.350513653,1.707139582,1.536011617,1.560709866,0.622765102,-1.414526838,1.588225698,0
-1.44460036,-0.86043207,1.396606212,-1.32243385,-1.339678653,0.087122786,1.164256678,-1.385971975,-1.413913404,-0.075573525,-1.11135569,-0.350099774,1.440451283,0.6216023,-1.025468876,1.27960868,1.386327786,0.395328544,-0.827230556,-0.330213733,0.597440687,0.622765102,0.38768239,1.588225698,1
0.452241607,-0.86043207,0.107308958,0.150266256,-0.398188716,-0.676732128,-0.434121826,0.963887574,-1.672481254,-0.608531167,1.38880926,-0.350099774,-0.788240591,1.554293264,-1.175394334,1.27960868,-0.724659511,0.769437586,-0.827230556,-0.330213733,1.560709866,0.622765102,1.739339311,1.588225698,0
-0.631668089,1.162206796,-1.181988297,-1.32243385,1.484791158,0.8509777,0.997509877,0.622089822,-0.508925931,-0.075573525,-1.11135569,1.5586795,0.697553992,1.554293264,-0.088434761,1.27960868,0.541932867,-1.599919681,1.345086706,1.536011617,1.560709866,0.622765102,0.988418799,-1.279420405,1
1.62647711,-0.86043207,1.396606212,-1.32243385,-0.398188716,-0.676732128,0.368207858,-0.317853998,-1.02606163,-1.407967631,-0.754189269,1.5586795,-0.788240591,1.554293264,1.185931635,-0.781488916,0.964130327,1.767061699,-0.827230556,-1.263326408,0.597440687,1.560671319,1.438971106,1.588225698,0
0.542567415,-0.86043207,1.396606212,0.886616309,-0.398188716,0.8509777,0.342476577,-0.446028155,-1.672481254,-0.342052346,1.745975682,0.604289863,0.697553992,1.554293264,-0.725617959,-0.781488916,1.808525246,0.644734572,-0.646204118,1.536011617,0.597440687,-1.253047332,-0.137961968,0.632343664,0
-1.083297128,-0.86043207,-1.181988297,-1.32243385,-0.398188716,0.087122786,0.40042261,0.152117912,1.430332941,1.789778223,-1.468522111,1.5586795,0.697553992,0.6216023,-1.475245251,1.27960868,0.119735408,-1.599919681,0.983033829,1.536011617,1.560709866,-1.253047332,-0.738698378,1.588225698,0
-0.541342281,1.162206796,1.396606212,-1.32243385,-1.339678653,-1.440587041,-1.304527968,-1.300522537,0.396061543,0.190905296,0.674476417,1.5586795,1.440451283,-0.311088663,1.860596198,-0.781488916,1.808525246,-1.225810639,-0.284151241,-1.263326408,-1.329097671,0.622765102,-0.363238122,-0.32353837,0
-0.541342281,1.162206796,1.396606212,1.622966363,0.543301221,-0.676732128,0.605665027,-0.146955122,0.783913317,-1.674446452,-1.468522111,-1.304489412,1.440451283,-0.311088663,0.323860249,-0.781488916,0.541932867,1.517655671,0.439954513,0.602898942,0.597440687,-1.253047332,0.838234697,0.632343664,0
0.452241607,-0.86043207,-1.181988297,0.886616309,0.543301221,-0.676732128,-0.100628225,1.049337012,-1.413913404,-0.875009989,1.38880926,0.604289863,1.440451283,-0.311088663,0.473785708,1.27960868,-0.302462052,-0.726998583,0.258928075,0.602898942,-0.365828492,1.560671319,0.012222134,0.632343664,0
-0.721993897,1.162206796,-1.181988297,-0.586083797,1.484791158,-0.676732128,0.751340542,-0.061505684,-0.896777705,0.99034176,-1.468522111,0.604289863,0.697553992,-1.243779626,1.335857093,-0.781488916,-1.56905443,-1.350513653,1.526113144,-0.330213733,0.597440687,-1.253047332,1.363879055,0.632343664,0
0.994196455,-0.86043207,-1.181988297,0.150266256,-0.398188716,0.8509777,-1.656458942,-1.044174223,0.654629392,-1.674446452,-0.039856426,1.5586795,0.697553992,1.554293264,1.14845027,1.27960868,-1.56905443,1.767061699,-1.732362748,0.602898942,-0.365828492,-0.315141115,-1.339434787,-1.279420405,0
1.62647711,1.162206796,-1.181988297,-1.32243385,-1.339678653,0.087122786,-1.529828626,1.647483079,-0.121074156,1.789778223,0.674476417,-1.304489412,-0.788240591,0.6216023,-1.625170709,-0.781488916,0.119735408,1.143546628,-0.465177679,1.536011617,0.597440687,-1.253047332,-1.56471094,-1.279420405,0
0.994196455,1.162206796,0.107308958,0.150266256,-0.398188716,-0.676732128,0.984137716,-1.044174223,-0.379642006,-1.674446452,-0.754189269,-1.304489412,-0.0453433,0.6216023,0.661192531,1.27960868,-0.724659511,-1.599919681,-1.189283433,-1.263326408,0.597440687,0.622765102,0.763142646,0.632343664,0
-1.534926168,1.162206796,-1.181988297,-0.586083797,-0.398188716,-0.676732128,-0.384077525,0.622089822,0.913197242,0.723862938,1.38880926,0.604289863,1.440451283,-1.243779626,-0.313322948,-0.781488916,0.119735408,0.769437586,1.526113144,-0.330213733,1.560709866,-1.253047332,1.589155209,-0.32353837,1
0.813544839,1.162206796,0.107308958,0.150266256,-1.339678653,-1.440587041,-0.729119811,-0.873275346,0.783913317,1.256820581,1.031642839,-1.304489412,-0.788240591,0.6216023,-0.238360219,1.27960868,0.119735408,1.018843614,-1.008256994,0.602898942,1.560709866,-1.253047332,-1.639802992,0.632343664,0
1.445825495,-0.86043207,0.107308958,-0.586083797,0.543301221,-1.440587041,0.765928355,0.451190945,1.559616866,1.789778223,-0.754189269,-0.350099774,-0.788240591,-0.311088663,1.335857093,1.27960868,-1.56905443,-1.101107625,1.164060267,1.536011617,1.560709866,-1.253047332,-0.663606326,-1.279420405,0
0.181264183,-0.86043207,0.107308958,1.622966363,-0.398188716,0.087122786,0.49260948,1.562033641,0.396061543,1.789778223,-0.039856426,1.5586795,-1.531137883,-1.243779626,1.036006177,-0.781488916,1.386327786,0.769437586,-1.370309871,-0.330213733,-1.329097671,-1.253047332,0.988418799,-0.32353837,0
1.62647711,-0.86043207,1.396606212,-1.32243385,-0.398188716,0.087122786,0.988595103,0.921162855,-0.508925931,0.99034176,0.674476417,-0.350099774,1.440451283,0.6216023,-1.175394334,1.27960868,0.119735408,1.767061699,1.526113144,-1.263326408,1.560709866,-0.315141115,-0.663606326,0.632343664,0
-0.541342281,1.162206796,0.107308958,-0.586083797,0.543301221,1.614832614,1.500992015,-1.343247256,1.818184715,0.190905296,-0.397022847,0.604289863,-0.788240591,-1.243779626,0.323860249,1.27960868,0.119735408,0.27062553,-1.732362748,0.602898942,1.560709866,1.560671319,0.612958543,-1.279420405,0
0.723219031,-0.86043207,0.107308958,0.150266256,-1.339678653,-1.440587041,0.240969716,-0.830550627,1.68890079,-0.075573525,-0.039856426,0.604289863,-1.531137883,-1.243779626,0.398822979,-0.781488916,1.808525246,0.8941406,-1.732362748,1.536011617,0.597440687,0.622765102,-0.213054019,-0.32353837,0
1.355499687,-0.86043207,1.396606212,-1.32243385,1.484791158,1.614832614,-1.526181673,-0.403303436,-0.896777705,1.256820581,-0.754189269,-1.304489412,1.440451283,0.6216023,1.448301187,1.27960868,1.386327786,-0.976404611,1.707139582,-1.263326408,0.597440687,0.622765102,-0.513422224,1.588225698,0
-0.721993897,-0.86043207,1.396606212,1.622966363,0.543301221,0.8509777,-1.330461856,0.408466226,-1.672481254,0.723862938,1.38880926,-1.304489412,0.697553992,-0.311088663,-0.838062053,1.27960868,-1.56905443,-1.849325709,-0.284151241,1.536011617,-1.329097671,-1.253047332,0.763142646,1.588225698,0
0.994196455,1.162206796,1.396606212,-1.32243385,1.484791158,1.614832614,-0.736818934,-1.514146132,1.301049016,1.523299402,1.745975682,0.604289863,-1.531137883,0.6216023,0.698673895,-0.781488916,-0.724659511,1.143546628,-1.008256994,1.536011617,-0.365828492,1.560671319,0.612958543,0.632343664,0
-1.263948744,1.162206796,-1.181988297,-0.586083797,1.484791158,-0.676732128,1.054848084,-1.086898942,0.008209768,-1.674446452,1.38880926,0.604289863,0.697553992,1.554293264,-1.025468876,1.27960868,0.964130327,-1.475216667,-0.646204118,1.536011617,0.597440687,-1.253047332,1.739339311,1.588225698,0
0.090938375,1.162206796,1.396606212,1.622966363,0.543301221,1.614832614,-0.562778227,0.579365102,-0.76749378,0.99034176,0.674476417,-0.350099774,-0.0453433,1.554293264,-0.950506146,-0.781488916,-1.56905443,1.018843614,-0.827230556,-1.263326408,0.597440687,-0.315141115,-0.062869917,-1.279420405,0
0.632893223,-0.86043207,1.396606212,0.150266256,-0.398188716,0.087122786,1.570689341,-1.64232029,0.525345467,1.789778223,1.745975682,-0.350099774,-0.0453433,0.6216023,-0.350804313,1.27960868,-1.56905443,1.268249643,1.164060267,-0.330213733,-0.365828492,1.560671319,0.838234697,-0.32353837,0
-1.715577784,-0.86043207,0.107308958,1.622966363,1.484791158,0.8509777,1.027090719,-0.745101189,0.654629392,1.523299402,-1.11135569,-1.304489412,-0.0453433,-0.311088663,0.923562083,-0.781488916,0.119735408,-1.101107625,1.164060267,1.536011617,-1.329097671,1.560671319,0.988418799,0.632343664,1
-1.354274552,-0.86043207,1.396606212,1.622966363,1.484791158,-0.676732128,0.839070026,-0.574202313,-0.896777705,-1.407967631,0.674476417,-0.350099774,-0.0453433,1.554293264,0.623711166,-0.781488916,1.808525246,-0.228186526,0.439954513,-0.330213733,0.597440687,1.560671319,1.438971106,-0.32353837,0
0.632893223,1.162206796,-1.181988297,0.886616309,-1.339678653,1.614832614,-1.419812207,0.451190945,1.301049016,-0.875009989,0.674476417,-1.304489412,-0.788240591,1.554293264,-0.350804313,1.27960868,0.541932867,-0.35288954,0.258928075,-0.330213733,1.560709866,1.560671319,1.288787004,-0.32353837,0
0.632893223,1.162206796,1.396606212,1.622966363,-0.398188716,0.8509777,-1.640858087,-1.300522537,0.525345467,-1.674446452,-0.039856426,-1.304489412,-0.0453433,0.6216023,-1.625170709,-0.781488916,-1.146856971,-0.726998583,-1.189283433,0.602898942,-1.329097671,-1.253047332,0.988418799,-0.32353837,1
-0.089713241,-0.86043207,-1.181988297,1.622966363,1.484791158,0.8509777,-1.663752849,1.690207798,-1.284629479,-1.14148881,1.38880926,1.5586795,-0.788240591,0.6216023,-1.175394334,1.27960868,1.808525246,0.8941406,-0.465177679,0.602898942,-0.365828492,-0.315141115,0.688050595,-1.279420405,0
0.813544839,1.162206796,1.396606212,-1.32243385,-1.339678653,-0.676732128,0.629370222,-0.616927032,-0.508925931,0.190905296,-0.754189269,-1.304489412,-0.788240591,0.6216023,1.185931635,1.27960868,0.541932867,0.27062553,-1.008256994,-0.330213733,-0.365828492,1.560671319,0.087314185,0.632343664,0
-0.902645512,1.162206796,1.396606212,0.150266256,-0.398188716,1.614832614,0.336803539,-1.727769728,0.008209768,0.190905296,-0.397022847,-0.350099774,1.440451283,-1.243779626,1.410819822,-0.781488916,0.119735408,-1.849325709,-1.008256994,0.602898942,1.560709866,0.622765102,1.66424726,1.588225698,0
0.632893223,1.162206796,1.396606212,-1.32243385,0.543301221,0.8509777,-0.12980385,0.622089822,-0.896777705,0.190905296,-1.468522111,0.604289863,-0.788240591,-1.243779626,-0.725617959,1.27960868,0.119735408,-1.475216667,0.439954513,0.602898942,1.560709866,0.622765102,0.988418799,-0.32353837,1
0.361915799,1.162206796,1.396606212,-1.32243385,0.543301221,0.8509777,-1.333298375,1.391134765,0.525345467,-0.342052346,0.317309996,0.604289863,-0.788240591,-1.243779626,-1.06295024,1.27960868,-0.724659511,1.517655671,0.077901636,-0.330213733,1.560709866,-0.315141115,1.213694953,-0.32353837,0
1.62647711,-0.86043207,-1.181988297,-0.586083797,-1.339678653,-1.440587041,-0.074491728,-1.770494447,1.042481167,-0.342052346,-0.397022847,-0.350099774,-0.0453433,0.6216023,0.473785708,-0.781488916,0.541932867,0.021219502,-0.465177679,-1.263326408,-1.329097671,0.622765102,-0.213054019,-0.32353837,0
1.084522263,1.162206796,-1.181988297,-1.32243385,0.543301221,0.8509777,0.679211914,1.348410046,1.559616866,-0.608531167,-1.468522111,0.604289863,-0.788240591,-0.311088663,-1.475245251,1.27960868,-0.302462052,0.021219502,-0.465177679,0.602898942,-0.365828492,-1.253047332,1.66424726,-1.279420405,0
-1.805903592,1.162206796,0.107308958,0.886616309,1.484791158,-1.440587041,-1.382127025,-0.659651751,-0.896777705,1.523299402,-1.11135569,-1.304489412,0.697553992,1.554293264,-1.362801157,1.27960868,-1.146856971,0.27062553,-1.732362748,0.602898942,1.560709866,-1.253047332,1.814431362,1.588225698,0
0.542567415,1.162206796,-1.181988297,0.886616309,-0.398188716,1.614832614,-1.595473782,1.647483079,1.430332941,0.457384117,-0.754189269,0.604289863,-0.0453433,-1.243779626,0.998524812,-0.781488916,-0.724659511,-0.976404611,0.439954513,-1.263326408,1.560709866,-0.315141115,1.06351085,-0.32353837,0
-0.721993897,1.162206796,1.396606212,-0.586083797,1.484791158,1.614832614,0.064497707,1.433859484,1.559616866,-0.875009989,1.38880926,-0.350099774,-1.531137883,-0.311088663,-1.512726615,1.27960868,1.808525246,-0.726998583,-1.008256994,-1.263326408,-0.365828492,1.560671319,1.213694953,-1.279420405,0
-1.625251976,-0.86043207,0.107308958,0.150266256,1.484791158,1.614832614,-0.979949141,1.391134765,0.525345467,0.723862938,1.031642839,0.604289863,-0.0453433,0.6216023,0.698673895,1.27960868,1.808525246,0.021219502,-0.465177679,-1.263326408,0.597440687,0.622765102,0.763142646,-1.279420405,0
1.62647711,-0.86043207,0.107308958,0.150266256,0.543301221,0.087122786,0.381174802,-1.770494447,0.396061543,1.256820581,0.674476417,-1.304489412,-0.788240591,-1.243779626,-0.388285678,-0.781488916,0.541932867,0.8941406,1.164060267,-0.330213733,-1.329097671,0.622765102,-0.363238122,-0.32353837,0
-1.354274552,1.162206796,0.107308958,-1.32243385,1.484791158,1.614832614,1.522671125,-1.556870852,-0.638209856,1.256820581,-0.397022847,-1.304489412,0.697553992,0.6216023,-0.950506146,1.27960868,1.808525246,1.018843614,0.439954513,-1.263326408,0.597440687,-0.315141115,0.237498288,-0.32353837,0
-1.173622936,1.162206796,1.396606212,-1.32243385,0.543301221,0.8509777,0.165396743,-0.745101189,1.818184715,1.256820581,-1.468522111,-0.350099774,-0.0453433,-0.311088663,-0.575692501,1.27960868,-0.302462052,-0.602295569,-0.284151241,-0.330213733,1.560709866,-0.315141115,-1.114158633,-1.279420405,1
0.542567415,1.162206796,-1.181988297,-1.32243385,-0.398188716,-0.676732128,-0.582431252,1.391134765,-1.02606163,-0.075573525,1.031642839,-0.350099774,0.697553992,-1.243779626,0.436304343,-0.781488916,0.119735408,-1.225810639,-1.55133631,1.536011617,-1.329097671,0.622765102,-1.414526838,-1.279420405,0
-1.083297128,1.162206796,1.396606212,0.150266256,-0.398188716,-1.440587041,1.188974915,-1.17234838,1.68890079,-1.674446452,-0.397022847,-0.350099774,-1.531137883,-1.243779626,-0.313322948,1.27960868,0.541932867,-1.849325709,1.526113144,1.536011617,0.597440687,1.560671319,-1.414526838,-0.32353837,1
1.445825495,1.162206796,0.107308958,1.622966363,1.484791158,0.087122786,1.108539339,-0.873275346,-0.76749378,0.457384117,-0.754189269,1.5586795,-1.531137883,-1.243779626,-1.662652074,1.27960868,1.808525246,1.767061699,1.707139582,-1.263326408,-0.365828492,-0.315141115,0.087314185,-1.279420405,0
1.084522263,1.162206796,1.396606212,0.886616309,-1.339678653,1.614832614,0.463636464,-0.146955122,-1.801765179,-0.075573525,1.38880926,1.5586795,1.440451283,-1.243779626,1.110968906,-0.781488916,0.119735408,1.642358685,1.164060267,-1.263326408,1.560709866,-1.253047332,0.162406236,-1.279420405,0
0.271589991,-0.86043207,1.396606212,1.622966363,0.543301221,1.614832614,1.18289666,0.70753926,0.525345467,0.723862938,1.745975682,-1.304489412,1.440451283,-0.311088663,0.024009333,-0.781488916,1.386327786,1.642358685,-0.646204118,1.536011617,-1.329097671,0.622765102,-0.363238122,-0.32353837,1
-0.541342281,1.162206796,-1.181988297,1.622966363,0.543301221,-0.676732128,-0.221180286,1.262960608,-1.284629479,1.256820581,-0.397022847,1.5586795,-0.0453433,-1.243779626,-1.700133438,1.27960868,-1.56905443,-0.477592555,-1.370309871,-0.330213733,-1.329097671,-0.315141115,0.462774441,-0.32353837,0
0.994196455,-0.86043207,-1.181988297,0.150266256,1.484791158,-0.676732128,0.102993323,-0.488752875,0.525345467,0.457384117,-0.397022847,1.5586795,1.440451283,1.554293264,0.061490697,1.27960868,0.119735408,1.143546628,1.526113144,-0.330213733,-1.329097671,-0.315141115,0.913326748,0.632343664,0
0.994196455,-0.86043207,0.107308958,1.622966363,0.543301221,0.087122786,-0.155332522,-1.215073099,-1.801765179,-0.075573525,1.38880926,0.604289863,0.697553992,1.554293264,0.098972062,-0.781488916,-1.56905443,-1.225810639,1.526113144,-1.263326408,-1.329097671,-0.315141115,1.814431362,1.588225698,0
0.271589991,1.162206796,1.396606212,-0.586083797,0.543301221,-1.440587041,-0.778151069,-1.300522537,0.008209768,-1.407967631,-1.11135569,1.5586795,1.440451283,0.6216023,-0.388285678,1.27960868,0.541932867,1.517655671,-0.284151241,-1.263326408,1.560709866,0.622765102,1.814431362,-0.32353837,1
-0.812319705,-0.86043207,1.396606212,-1.32243385,-1.339678653,1.614832614,0.161141965,-1.64232029,0.137493693,-0.342052346,-0.039856426,0.604289863,0.697553992,-1.243779626,-1.55020798,1.27960868,0.964130327,-0.35288954,-0.103124802,-1.263326408,1.560709866,-1.253047332,-0.588514275,-0.32353837,0
1.62647711,-0.86043207,-1.181988297,-0.586083797,-1.339678653,0.087122786,1.074703718,1.348410046,1.042481167,0.723862938,-0.397022847,-0.350099774,1.440451283,1.554293264,-0.16339749,1.27960868,0.119735408,1.268249643,0.620980952,1.536011617,-0.365828492,-1.253047332,-1.264342736,-0.32353837,1
-1.715577784,-0.86043207,1.396606212,0.886616309,1.484791158,0.8509777,-0.296955867,1.305685327,-1.02606163,1.256820581,1.38880926,0.604289863,1.440451283,1.554293264,1.448301187,-0.781488916,-1.56905443,0.145922516,1.345086706,0.602898942,-0.365828492,0.622765102,-0.438330173,1.588225698,0
-1.625251976,-0.86043207,1.396606212,-1.32243385,-1.339678653,0.8509777,1.428255561,0.365741507,1.430332941,0.99034176,-0.039856426,0.604289863,1.440451283,1.554293264,-0.800580688,1.27960868,0.541932867,-1.849325709,0.80200739,-1.263326408,-0.365828492,-0.315141115,-0.213054019,0.632343664,0
1.445825495,-0.86043207,1.396606212,1.622966363,1.484791158,0.087122786,-0.983798703,1.433859484,-0.379642006,-0.875009989,1.38880926,-0.350099774,-0.788240591,-0.311088663,-0.838062053,1.27960868,0.119735408,-0.976404611,-1.732362748,-0.330213733,0.597440687,0.622765102,0.537866492,-1.279420405,0
-0.360690665,-0.86043207,-1.181988297,0.886616309,-0.398188716,1.614832614,-1.661726764,-0.104230403,-0.896777705,-1.14148881,1.38880926,-0.350099774,-0.788240591,-1.243779626,0.586229802,-0.781488916,0.541932867,0.769437586,-0.827230556,0.602898942,-0.365828492,0.622765102,-1.714895043,1.588225698,1
-1.715577784,1.162206796,0.107308958,-1.32243385,1.484791158,0.087122786,0.91849256,0.408466226,-1.284629479,-1.407967631,-1.11135569,-1.304489412,1.440451283,-0.311088663,-0.575692501,-0.781488916,0.964130327,-0.976404611,0.80200739,-0.330213733,1.560709866,-0.315141115,-1.56471094,-0.32353837,0
-1.715577784,-0.86043207,0.107308958,1.622966363,-0.398188716,1.614832614,-1.200792412,0.280292069,-0.638209856,-0.342052346,1.38880926,-1.304489412,0.697553992,-0.311088663,1.185931635,-0.781488916,0.964130327,1.018843614,-0.827230556,0.602898942,0.597440687,0.622765102,0.537866492,-0.32353837,0
0.632893223,-0.86043207,1.396606212,-0.586083797,1.484791158,-0.676732128,-1.075782964,-1.215073099,1.68890079,0.190905296,-0.754189269,-1.304489412,-0.0453433,1.554293264,0.473785708,1.27960868,-1.146856971,-0.602295569,1.345086706,1.536011617,1.560709866,1.560671319,0.087314185,0.632343664,0
0.181264183,-0.86043207,0.107308958,-1.32243385,0.543301221,0.087122786,1.203562728,-1.556870852,0.783913317,-0.342052346,-0.397022847,-1.304489412,-1.531137883,1.554293264,0.473785708,1.27960868,-0.724659511,-0.228186526,-1.732362748,0.602898942,0.597440687,-1.253047332,-1.189250685,0.632343664,1
1.445825495,1.162206796,-1.181988297,1.622966363,-1.339678653,1.614832614,1.185935788,-0.146955122,-1.284629479,0.457384117,-1.468522111,0.604289863,-0.788240591,0.6216023,-0.425767042,-0.781488916,0.541932867,1.018843614,-1.370309871,-0.330213733,-0.365828492,1.560671319,-1.714895043,0.632343664,0
0.994196455,-0.86043207,-1.181988297,-0.586083797,-0.398188716,0.087122786,1.438993812,-0.659651751,0.266777618,1.789778223,-1.468522111,0.604289863,1.440451283,-1.243779626,-0.875543417,1.27960868,-0.724659511,-0.726998583,1.164060267,0.602898942,-0.365828492,1.560671319,-1.264342736,-1.279420405,1
1.084522263,1.162206796,0.107308958,0.886616309,1.484791158,0.087122786,-1.525168631,-0.488752875,1.430332941,-0.608531167,-1.468522111,-1.304489412,-1.531137883,-1.243779626,-0.950506146,1.27960868,-1.146856971,-0.103483512,0.983033829,1.536011617,-0.365828492,1.560671319,-1.264342736,1.588225698,0
-1.805903592,-0.86043207,0.107308958,0.886616309,-1.339678653,1.614832614,1.260090501,-1.215073099,-1.284629479,-1.407967631,1.38880926,1.5586795,-0.788240591,1.554293264,-0.388285678,1.27960868,-0.302462052,-1.101107625,-0.465177679,-0.330213733,0.597440687,0.622765102,-1.189250685,1.588225698,0
-0.180039049,1.162206796,1.396606212,0.886616309,1.484791158,1.614832614,1.705221389,1.775657237,0.913197242,0.190905296,1.031642839,-1.304489412,-0.0453433,1.554293264,-1.06295024,1.27960868,0.119735408,-1.101107625,1.164060267,-1.263326408,1.560709866,-0.315141115,-0.363238122,0.632343664,0
-1.715577784,1.162206796,0.107308958,0.886616309,-1.339678653,-1.440587041,1.431699906,1.13478645,0.008209768,0.457384117,-0.039856426,1.5586795,0.697553992,-1.243779626,1.673189375,-0.781488916,1.808525246,-0.726998583,-0.465177679,0.602898942,-1.329097671,0.622765102,-0.513422224,-1.279420405,0
0.452241607,-0.86043207,1.396606212,0.150266256,-1.339678653,0.087122786,-0.355509726,0.921162855,-0.250358081,1.789778223,-0.039856426,-0.350099774,1.440451283,0.6216023,-0.088434761,-0.781488916,-0.724659511,-1.475216667,1.164060267,-0.330213733,1.560709866,-1.253047332,-0.963974531,1.588225698,0
0.994196455,-0.86043207,1.396606212,-1.32243385,1.484791158,0.8509777,-0.007833529,-1.685045009,1.68890079,0.723862938,1.38880926,0.604289863,-0.0453433,1.554293264,-0.050953396,1.27960868,-0.724659511,1.143546628,-0.284151241,0.602898942,-0.365828492,0.622765102,1.739339311,-0.32353837,0
-1.354274552,1.162206796,-1.181988297,-1.32243385,-0.398188716,0.087122786,0.582770266,-1.385971975,-1.801765179,-0.875009989,-0.754189269,0.604289863,-0.788240591,0.6216023,-1.362801157,-0.781488916,0.541932867,1.517655671,0.258928075,1.536011617,0.597440687,0.622765102,1.288787004,-0.32353837,0
0.994196455,-0.86043207,-1.181988297,0.150266256,-0.398188716,0.087122786,-0.989471741,-0.745101189,-0.508925931,-0.342052346,-0.754189269,1.5586795,1.440451283,-0.311088663,-1.737614803,1.27960868,0.119735408,0.27062553,1.526113144,-0.330213733,0.597440687,0.622765102,1.889523413,-0.32353837,0
-1.534926168,1.162206796,-1.181988297,1.622966363,0.543301221,1.614832614,0.322215727,0.750263979,1.042481167,0.99034176,0.674476417,-1.304489412,-1.531137883,1.554293264,-0.65065523,1.27960868,0.541932867,1.392952657,-1.189283433,-1.263326408,-0.365828492,0.622765102,-0.963974531,1.588225698,0
-0.902645512,1.162206796,-1.181988297,1.622966363,-1.339678653,0.087122786,-1.63781896,-0.275129279,-1.801765179,0.723862938,1.38880926,0.604289863,0.697553992,-0.311088663,-0.538211136,-0.781488916,0.964130327,1.143546628,0.077901636,-1.263326408,0.597440687,1.560671319,1.06351085,0.632343664,0
-0.360690665,1.162206796,0.107308958,0.886616309,0.543301221,0.087122786,0.849808276,-0.873275346,-0.508925931,0.190905296,0.317309996,1.5586795,-0.788240591,1.554293264,-1.137912969,-0.781488916,-0.724659511,-0.726998583,-1.189283433,0.602898942,-0.365828492,-0.315141115,1.288787004,-0.32353837,1
1.536151302,1.162206796,-1.181988297,-0.586083797,0.543301221,0.8509777,0.627141528,1.775657237,0.396061543,0.457384117,-1.11135569,-0.350099774,0.697553992,-0.311088663,-1.325319792,1.27960868,0.119735408,0.395328544,0.620980952,1.536011617,1.560709866,-1.253047332,-1.639802992,0.632343664,0
0.271589991,1.162206796,0.107308958,1.622966363,1.484791158,1.614832614,0.922949947,-0.146955122,0.396061543,1.256820581,-1.468522111,-0.350099774,1.440451283,1.554293264,-0.050953396,1.27960868,1.386327786,-0.228186526,0.620980952,1.536011617,0.597440687,-1.253047332,-1.489618889,-1.279420405,1
-1.44460036,-0.86043207,-1.181988297,-0.586083797,1.484791158,0.087122786,0.938753411,1.433859484,0.783913317,-0.608531167,-1.11135569,0.604289863,-0.0453433,0.6216023,1.373338458,1.27960868,-0.302462052,-0.35288954,-0.827230556,0.602898942,-1.329097671,-1.253047332,0.312590339,-0.32353837,0
1.174848071,1.162206796,0.107308958,-1.32243385,1.484791158,-0.676732128,-1.198158502,-0.873275346,1.430332941,1.256820581,-1.468522111,-1.304489412,0.697553992,0.6216023,1.185931635,1.27960868,-1.146856971,-0.103483512,1.164060267,-0.330213733,0.597440687,0.622765102,0.688050595,-1.279420405,0
-1.354274552,1.162206796,1.396606212,-0.586083797,-1.339678653,-1.440587041,-0.528132173,-1.17234838,0.137493693,-0.342052346,1.745975682,1.5586795,-1.531137883,0.6216023,0.698673895,-0.781488916,-0.302462052,0.021219502,-1.55133631,-0.330213733,-0.365828492,-1.253047332,-0.963974531,0.632343664,0
0.090938375,-0.86043207,0.107308958,-1.32243385,1.484791158,0.8509777,1.379832128,0.750263979,-0.250358081,0.99034176,1.745975682,0.604289863,-0.788240591,-0.311088663,-0.16339749,-0.781488916,-1.146856971,-1.724622695,-0.465177679,0.602898942,-1.329097671,1.560671319,-1.56471094,1.588225698,0
-0.902645512,1.162206796,0.107308958,0.150266256,1.484791158,0.087122786,-1.471477376,1.049337012,-1.02606163,-0.875009989,1.38880926,-0.350099774,-1.531137883,0.6216023,-1.137912969,1.27960868,-0.724659511,1.642358685,-1.189283433,-0.330213733,-0.365828492,-0.315141115,1.213694953,0.632343664,0
-0.451016473,-0.86043207,-1.181988297,0.150266256,-1.339678653,-0.676732128,0.131155906,1.562033641,-1.801765179,-0.608531167,1.745975682,-1.304489412,0.697553992,-0.311088663,0.548748437,1.27960868,-0.302462052,-1.475216667,-0.103124802,-0.330213733,0.597440687,0.622765102,-1.414526838,-0.32353837,1
1.084522263,-0.86043207,0.107308958,0.886616309,-1.339678653,0.087122786,-1.405021787,-0.531477594,1.430332941,-0.075573525,1.031642839,1.5586795,-0.0453433,1.554293264,0.623711166,-0.781488916,-0.302462052,0.644734572,-0.646204118,-0.330213733,-1.329097671,0.622765102,-0.213054019,-0.32353837,0
-1.083297128,-0.86043207,1.396606212,1.622966363,-0.398188716,0.087122786,0.044439465,0.408466226,0.137493693,0.457384117,0.674476417,0.604289863,-0.0453433,-0.311088663,1.110968906,1.27960868,1.808525246,0.27062553,-1.189283433,0.602898942,-1.329097671,1.560671319,-0.137961968,0.632343664,0
-1.354274552,1.162206796,1.396606212,0.886616309,1.484791158,1.614832614,0.090634205,-0.787825908,-1.801765179,0.723862938,-0.754189269,1.5586795,-1.531137883,1.554293264,0.623711166,-0.781488916,0.541932867,1.642358685,0.983033829,-1.263326408,0.597440687,-1.253047332,0.988418799,-0.32353837,0
-0.451016473,1.162206796,-1.181988297,-1.32243385,1.484791158,1.614832614,0.372057419,0.023943754,0.266777618,0.99034176,1.031642839,-1.304489412,1.440451283,-1.243779626,0.961043447,1.27960868,1.808525246,0.145922516,0.620980952,1.536011617,-1.329097671,0.622765102,-0.963974531,-0.32353837,1
0.723219031,1.162206796,1.396606212,0.886616309,1.484791158,1.614832614,0.865206523,-1.343247256,-1.155345555,1.523299402,-1.11135569,-1.304489412,1.440451283,-1.243779626,-0.16339749,-0.781488916,-0.302462052,-0.726998583,0.983033829,-1.263326408,1.560709866,0.622765102,1.514063157,-1.279420405,0
-1.625251976,-0.86043207,0.107308958,-0.586083797,-0.398188716,-0.676732128,-0.82819537,-1.471421413,-1.672481254,-0.342052346,-1.11135569,-0.350099774,-0.0453433,-1.243779626,1.410819822,1.27960868,1.808525246,1.392952657,-0.284151241,-0.330213733,-1.329097671,1.560671319,-0.137961968,1.588225698,0
-0.089713241,1.162206796,1.396606212,-1.32243385,1.484791158,0.087122786,0.763497053,-1.343247256,0.266777618,1.789778223,1.745975682,-1.304489412,-1.531137883,-0.311088663,0.923562083,1.27960868,1.808525246,0.644734572,-1.189283433,0.602898942,-1.329097671,1.560671319,1.288787004,0.632343664,0
1.355499687,-0.86043207,-1.181988297,0.150266256,-0.398188716,-1.440587041,1.171753192,1.092061731,-1.155345555,-0.342052346,-0.754189269,0.604289863,-1.531137883,-1.243779626,0.661192531,1.27960868,0.541932867,-0.851701597,-0.827230556,1.536011617,1.560709866,-1.253047332,-0.813790429,-1.279420405,0
-0.180039049,1.162206796,0.107308958,1.622966363,0.543301221,0.8509777,0.095902026,0.451190945,-0.121074156,0.190905296,0.674476417,1.5586795,-1.531137883,-1.243779626,0.73615526,-0.781488916,0.119735408,-0.103483512,-1.732362748,-0.330213733,-0.365828492,-0.315141115,-1.56471094,-0.32353837,1
0.452241607,-0.86043207,-1.181988297,-1.32243385,-0.398188716,1.614832614,1.108741947,0.451190945,0.396061543,0.99034176,-1.468522111,-1.304489412,0.697553992,-1.243779626,-1.737614803,-0.781488916,-0.724659511,1.517655671,-0.646204118,1.536011617,-0.365828492,-0.315141115,-0.813790429,-1.279420405,0
-1.625251976,1.162206796,0.107308958,-1.32243385,0.543301221,1.614832614,-0.515367837,-0.659651751,-1.155345555,-0.875009989,1.031642839,-1.304489412,1.440451283,1.554293264,-0.425767042,1.27960868,0.119735408,-0.477592555,-1.732362748,1.536011617,1.560709866,-1.253047332,0.312590339,1.588225698,0
-0.180039049,1.162206796,1.396606212,-0.586083797,1.484791158,0.087122786,-0.622345128,0.536640383,-0.638209856,-1.14148881,0.674476417,0.604289863,1.440451283,0.6216023,1.036006177,1.27960868,-0.724659511,0.644734572,1.526113144,-1.263326408,-1.329097671,-0.315141115,-0.963974531,0.632343664,0
-0.089713241,1.162206796,-1.181988297,1.622966363,0.543301221,0.087122786,1.528344163,1.092061731,1.171765091,1.789778223,-0.397022847,1.5586795,0.697553992,-0.311088663,-0.275841584,1.27960868,0.119735408,1.517655671,-0.465177679,-0.330213733,0.597440687,1.560671319,-0.963974531,1.588225698,1
0.994196455,-0.86043207,-1.181988297,0.150266256,-0.398188716,-0.676732128,-1.614113765,1.433859484,0.396061543,-0.075573525,-0.039856426,1.5586795,-0.788240591,-1.243779626,1.260894364,1.27960868,0.119735408,1.392952657,-1.370309871,1.536011617,1.560709866,1.560671319,-0.213054019,1.588225698,0
-1.263948744,-0.86043207,0.107308958,-1.32243385,-1.339678653,-0.676732128,-1.425890463,0.622089822,1.559616866,-0.608531167,1.745975682,-0.350099774,0.697553992,1.554293264,-0.350804313,-0.781488916,-1.146856971,1.268249643,-1.732362748,-1.263326408,0.597440687,1.560671319,-0.213054019,-1.279420405,0
1.084522263,1.162206796,-1.181988297,-1.32243385,0.543301221,1.614832614,0.637069345,1.476584203,-0.76749378,-1.407967631,-1.468522111,-0.350099774,-1.531137883,0.6216023,0.024009333,-0.781488916,1.808525246,-0.851701597,-1.732362748,0.602898942,-0.365828492,-0.315141115,-1.264342736,-1.279420405,0
1.716802918,1.162206796,0.107308958,-0.586083797,0.543301221,0.087122786,0.05598815,1.348410046,-0.896777705,-1.407967631,-0.397022847,1.5586795,0.697553992,0.6216023,-0.538211136,-0.781488916,0.964130327,-0.228186526,-0.646204118,1.536011617,1.560709866,-0.315141115,-0.513422224,1.588225698,0
1.62647711,-0.86043207,0.107308958,0.886616309,1.484791158,-1.440587041,1.549618056,-0.061505684,1.68890079,0.99034176,-1.468522111,0.604289863,-1.531137883,0.6216023,-0.950506146,1.27960868,0.541932867,-0.35288954,0.439954513,-0.330213733,0.597440687,0.622765102,1.814431362,-0.32353837,1
-0.270364857,-0.86043207,0.107308958,0.150266256,-0.398188716,0.8509777,-0.226853324,-0.23240456,-0.638209856,-0.342052346,-1.468522111,0.604289863,-0.0453433,1.554293264,1.448301187,1.27960868,0.119735408,1.517655671,-1.732362748,0.602898942,-1.329097671,0.622765102,-0.738698378,0.632343664,0
1.716802918,-0.86043207,0.107308958,1.622966363,0.543301221,0.087122786,0.571424189,1.049337012,0.266777618,0.190905296,1.745975682,-0.350099774,-1.531137883,-1.243779626,-1.212875699,-0.781488916,-0.302462052,1.268249643,0.983033829,1.536011617,1.560709866,0.622765102,0.688050595,-0.32353837,0
-1.805903592,1.162206796,1.396606212,-1.32243385,0.543301221,0.087122786,1.087265445,0.408466226,1.042481167,-1.674446452,-1.468522111,-1.304489412,1.440451283,0.6216023,-0.350804313,1.27960868,1.386327786,-1.225810639,0.620980952,1.536011617,0.597440687,-0.315141115,-0.963974531,-0.32353837,0
-0.902645512,-0.86043207,0.107308958,-1.32243385,0.543301221,-0.676732128,-0.825561459,-0.446028155,1.818184715,0.99034176,0.674476417,0.604289863,0.697553992,1.554293264,0.923562083,-0.781488916,-1.146856971,0.395328544,-1.189283433,-0.330213733,1.560709866,0.622765102,-0.813790429,0.632343664,0
0.632893223,1.162206796,-1.181988297,0.150266256,0.543301221,0.8509777,-0.696297233,1.17751117,1.430332941,-0.342052346,0.674476417,-1.304489412,-1.531137883,1.554293264,0.623711166,-0.781488916,1.386327786,-1.475216667,0.258928075,1.536011617,1.560709866,1.560671319,-1.714895043,-1.279420405,0
0.361915799,-0.86043207,1.396606212,0.886616309,-1.339678653,1.614832614,1.494103325,0.536640383,-1.155345555,1.256820581,-0.397022847,0.604289863,-0.788240591,-0.311088663,-0.200878855,-0.781488916,-1.56905443,0.520031558,0.258928075,-0.330213733,-0.365828492,-0.315141115,0.763142646,-0.32353837,0
0.181264183,1.162206796,-1.181988297,-1.32243385,-0.398188716,0.087122786,-0.964145678,1.220235889,-0.121074156,-1.407967631,-1.11135569,1.5586795,-0.0453433,1.554293264,-0.987987511,-0.781488916,-1.56905443,0.145922516,1.164060267,-0.330213733,-0.365828492,-1.253047332,-1.114158633,-1.279420405,0
0.903870647,-0.86043207,1.396606212,0.150266256,1.484791158,1.614832614,1.297370466,0.323016788,0.913197242,-1.407967631,-0.754189269,-0.350099774,-0.788240591,0.6216023,-1.625170709,1.27960868,-0.724659511,0.395328544,0.80200739,-0.330213733,-1.329097671,-0.315141115,-0.813790429,0.632343664,0
0.813544839,-0.86043207,0.107308958,-0.586083797,1.484791158,0.087122786,-0.128993416,1.305685327,0.913197242,-0.075573525,1.031642839,-1.304489412,-0.788240591,0.6216023,0.623711166,-0.781488916,0.119735408,-1.599919681,-0.103124802,-0.330213733,-0.365828492,0.622765102,0.988418799,-0.32353837,0
1.265173879,-0.86043207,1.396606212,0.886616309,-1.339678653,1.614832614,-1.453242611,-0.018780965,-1.155345555,0.723862938,1.031642839,-1.304489412,-0.788240591,1.554293264,-1.06295024,1.27960868,0.541932867,1.642358685,-1.370309871,1.536011617,-0.365828492,-0.315141115,0.462774441,-1.279420405,0
-1.263948744,-0.86043207,1.396606212,1.622966363,-0.398188716,0.8509777,-0.223611588,-1.215073099,1.430332941,-1.674446452,0.317309996,1.5586795,-0.0453433,0.6216023,-0.538211136,-0.781488916,-0.302462052,-0.228186526,1.707139582,0.602898942,-0.365828492,0.622765102,1.288787004,-1.279420405,0
-0.451016473,-0.86043207,-1.181988297,-1.32243385,0.543301221,-0.676732128,-0.417913145,-0.23240456,-1.02606163,-0.342052346,1.745975682,0.604289863,-0.0453433,1.554293264,-0.763099324,-0.781488916,0.964130327,0.145922516,1.707139582,0.602898942,0.597440687,0.622765102,1.589155209,-0.32353837,0
0.452241607,1.162206796,-1.181988297,0.150266256,-1.339678653,0.8509777,-0.427233137,-1.215073099,-0.379642006,1.789778223,1.38880926,-1.304489412,-0.0453433,0.6216023,-1.587689344,-0.781488916,0.964130327,-0.35288954,0.258928075,-1.263326408,1.560709866,-1.253047332,0.988418799,0.632343664,0
-1.715577784,-0.86043207,0.107308958,-0.586083797,-0.398188716,-1.440587041,1.413262531,-1.64232029,-1.543197329,-0.075573525,1.38880926,0.604289863,-0.0453433,-0.311088663,1.63570801,-0.781488916,-1.146856971,-0.851701597,-1.732362748,-0.330213733,-0.365828492,-1.253047332,1.739339311,1.588225698,0
-1.805903592,-0.86043207,1.396606212,1.622966363,0.543301221,-0.676732128,-1.576631191,1.690207798,-0.121074156,1.789778223,-0.397022847,1.5586795,-0.788240591,-1.243779626,0.136453427,1.27960868,-1.146856971,1.392952657,-1.732362748,1.536011617,0.597440687,1.560671319,-1.264342736,-1.279420405,1
-0.812319705,-0.86043207,1.396606212,0.150266256,-1.339678653,0.8509777,-1.417380905,0.451190945,0.913197242,0.190905296,-1.468522111,-0.350099774,1.440451283,-0.311088663,-0.463248407,1.27960868,-1.146856971,-1.849325709,-0.103124802,1.536011617,1.560709866,0.622765102,-0.738698378,0.632343664,0
-1.44460036,1.162206796,1.396606212,0.150266256,-0.398188716,-1.440587041,-0.420952273,0.323016788,0.525345467,-0.075573525,-1.468522111,-1.304489412,1.440451283,-0.311088663,-0.987987511,1.27960868,-1.146856971,1.143546628,1.345086706,-1.263326408,-0.365828492,-0.315141115,1.814431362,-0.32353837,1
1.445825495,-0.86043207,0.107308958,1.622966363,1.484791158,0.087122786,-0.005199619,-1.428696694,1.042481167,-0.342052346,1.745975682,0.604289863,-0.0453433,-1.243779626,1.785633468,1.27960868,1.808525246,0.145922516,0.80200739,0.602898942,-0.365828492,-1.253047332,-1.339434787,-1.279420405,0
0.994196455,1.162206796,0.107308958,-0.586083797,1.484791158,0.087122786,0.435271273,-1.343247256,0.137493693,0.457384117,-0.039856426,-1.304489412,0.697553992,0.6216023,-1.55020798,-0.781488916,0.119735408,0.021219502,-1.55133631,1.536011617,1.560709866,-1.253047332,0.763142646,-1.279420405,0
-1.083297128,-0.86043207,0.107308958,-0.586083797,-0.398188716,1.614832614,1.692051836,-1.685045009,-1.02606163,1.523299402,-1.11135569,0.604289863,-1.531137883,-1.243779626,0.998524812,1.27960868,1.386327786,0.27062553,1.164060267,-1.263326408,0.597440687,0.622765102,-0.588514275,-1.279420405,0
1.265173879,-0.86043207,0.107308958,0.886616309,1.484791158,-0.676732128,0.324039203,-1.086898942,-0.896777705,-1.14148881,0.317309996,0.604289863,0.697553992,1.554293264,-0.050953396,1.27960868,0.119735408,-1.724622695,-0.465177679,0.602898942,0.597440687,-0.315141115,0.988418799,0.632343664,1
-0.180039049,1.162206796,0.107308958,-1.32243385,-0.398188716,0.087122786,-1.18073417,1.562033641,0.396061543,0.99034176,0.674476417,0.604289863,0.697553992,-1.243779626,-1.475245251,-0.781488916,0.119735408,-0.228186526,-0.284151241,1.536011617,-1.329097671,-1.253047332,0.913326748,-1.279420405,0
-0.451016473,-0.86043207,-1.181988297,1.622966363,0.543301221,-0.676732128,-0.66144857,-0.317853998,1.301049016,-0.342052346,-1.468522111,1.5586795,0.697553992,-0.311088663,1.110968906,1.27960868,-1.56905443,0.769437586,1.707139582,-0.330213733,1.560709866,-1.253047332,1.66424726,-1.279420405,0
-1.625251976,1.162206796,1.396606212,1.622966363,-0.398188716,0.087122786,-0.393194908,-0.787825908,-0.250358081,-0.875009989,0.317309996,-0.350099774,1.440451283,-1.243779626,-0.950506146,1.27960868,0.541932867,0.8941406,0.077901636,-1.263326408,-1.329097671,-0.315141115,-1.339434787,-0.32353837,0
-0.089713241,1.162206796,1.396606212,1.622966363,0.543301221,1.614832614,-0.255826341,1.391134765,0.783913317,-1.407967631,1.031642839,-1.304489412,-1.531137883,0.6216023,1.523263916,1.27960868,-0.302462052,1.392952657,-0.827230556,1.536011617,0.597440687,-1.253047332,-1.189250685,-1.279420405,0
0.271589991,-0.86043207,1.396606212,-0.586083797,-1.339678653,0.8509777,0.294458362,-0.317853998,-0.76749378,-1.674446452,-0.039856426,-0.350099774,0.697553992,-0.311088663,-0.088434761,1.27960868,-0.724659511,0.145922516,0.620980952,-1.263326408,-0.365828492,-0.315141115,0.012222134,0.632343664,1
1.084522263,1.162206796,1.396606212,-1.32243385,-0.398188716,1.614832614,0.699675373,1.006612293,-0.638209856,1.256820581,0.674476417,0.604289863,-0.0453433,1.554293264,0.136453427,-0.781488916,0.541932867,-1.599919681,-1.732362748,-1.263326408,-1.329097671,0.622765102,-1.56471094,-0.32353837,0
0.271589991,-0.86043207,1.396606212,0.886616309,-1.339678653,-1.440587041,0.170664564,-1.471421413,0.783913317,1.256820581,1.745975682,0.604289863,1.440451283,0.6216023,-0.388285678,-0.781488916,-1.146856971,-1.724622695,-0.646204118,-1.263326408,0.597440687,-1.253047332,-1.489618889,1.588225698,0
-0.902645512,-0.86043207,1.396606212,0.150266256,1.484791158,0.087122786,0.7503275,0.750263979,1.042481167,1.789778223,0.317309996,-0.350099774,-0.0453433,-0.311088663,0.661192531,1.27960868,1.386327786,-0.976404611,-0.284151241,-0.330213733,0.597440687,0.622765102,0.612958543,-0.32353837,0
-1.173622936,1.162206796,1.396606212,0.150266256,0.543301221,-1.440587041,0.480655579,0.408466226,1.559616866,-1.674446452,-0.397022847,-0.350099774,-0.0453433,1.554293264,0.623711166,-0.781488916,-1.56905443,1.143546628,0.077901636,0.602898942,-0.365828492,-0.315141115,-1.714895043,-1.279420405,0
1.355499687,1.162206796,1.396606212,1.622966363,-0.398188716,-1.440587041,-0.109542999,-1.086898942,-0.76749378,0.99034176,0.674476417,-1.304489412,0.697553992,0.6216023,-1.625170709,1.27960868,1.808525246,1.642358685,0.983033829,0.602898942,1.560709866,0.622765102,0.763142646,1.588225698,0
1.536151302,1.162206796,-1.181988297,-1.32243385,-1.339678653,-0.676732128,-0.607352099,-0.018780965,0.008209768,0.723862938,1.745975682,0.604289863,-0.0453433,1.554293264,-1.06295024,1.27960868,1.386327786,-1.724622695,1.526113144,1.536011617,0.597440687,0.622765102,1.589155209,-0.32353837,0
1.716802918,1.162206796,1.396606212,-0.586083797,0.543301221,0.087122786,1.089899356,-0.360578717,0.654629392,-1.14148881,1.38880926,-0.350099774,-1.531137883,-1.243779626,0.886080718,1.27960868,-1.56905443,-1.724622695,-1.55133631,-0.330213733,-1.329097671,0.622765102,-1.114158633,-1.279420405,0
-0.089713241,-0.86043207,-1.181988297,-1.32243385,0.543301221,-1.440587041,-0.110556042,0.835713417,-1.672481254,-0.875009989,1.745975682,1.5586795,-0.0453433,-1.243779626,0.923562083,-0.781488916,1.808525246,1.268249643,0.80200739,0.602898942,-0.365828492,1.560671319,-0.88888248,-0.32353837,0
1.265173879,-0.86043207,0.107308958,-1.32243385,1.484791158,0.8509777,-1.295410585,1.476584203,1.301049016,-1.407967631,1.745975682,0.604289863,0.697553992,1.554293264,-0.500729771,-0.781488916,-1.146856971,-0.851701597,-1.370309871,1.536011617,1.560709866,-0.315141115,-1.039066582,0.632343664,0
0.361915799,1.162206796,1.396606212,-0.586083797,1.484791158,-1.440587041,-0.483153084,-1.685045009,-0.250358081,1.523299402,0.674476417,0.604289863,-0.0453433,-1.243779626,-1.737614803,-0.781488916,-0.724659511,1.767061699,-1.189283433,1.536011617,1.560709866,-0.315141115,-1.039066582,-1.279420405,0
1.265173879,-0.86043207,0.107308958,1.622966363,0.543301221,0.8509777,-0.137097756,-0.104230403,-1.672481254,1.256820581,-0.039856426,-1.304489412,1.440451283,1.554293264,1.448301187,-0.781488916,-1.146856971,0.520031558,1.707139582,-1.263326408,1.560709866,-0.315141115,1.514063157,0.632343664,0
0.361915799,-0.86043207,0.107308958,-1.32243385,0.543301221,-0.676732128,-0.025865686,0.066668473,0.525345467,0.99034176,0.674476417,1.5586795,1.440451283,0.6216023,1.373338458,-0.781488916,1.386327786,0.644734572,-0.646204118,-0.330213733,0.597440687,-0.315141115,1.814431362,-1.279420405,0
0.723219031,-0.86043207,0.107308958,0.150266256,-0.398188716,-1.440587041,-1.533678188,0.280292069,1.430332941,0.99034176,-0.754189269,-1.304489412,1.440451283,-0.311088663,1.073487541,-0.781488916,-1.146856971,1.642358685,0.258928075,0.602898942,1.560709866,-0.315141115,-0.062869917,0.632343664,0
-0.270364857,-0.86043207,-1.181988297,-0.586083797,0.543301221,1.614832614,1.684555321,1.519308922,-1.672481254,1.789778223,-1.11135569,1.5586795,-0.788240591,1.554293264,-0.275841584,1.27960868,-1.146856971,1.392952657,-1.189283433,-0.330213733,0.597440687,-1.253047332,-1.339434787,1.588225698,0
-0.270364857,1.162206796,0.107308958,0.886616309,-0.398188716,-0.676732128,0.303980961,-0.659651751,-1.543197329,0.99034176,-0.039856426,-1.304489412,1.440451283,-0.311088663,-0.16339749,-0.781488916,-1.56905443,1.143546628,-0.103124802,-0.330213733,-0.365828492,-1.253047332,0.012222134,0.632343664,0
-1.715577784,1.162206796,0.107308958,1.622966363,0.543301221,0.8509777,-1.476947806,-0.061505684,-1.155345555,-1.674446452,-0.397022847,1.5586795,1.440451283,-0.311088663,-0.200878855,1.27960868,0.964130327,-1.225810639,-0.827230556,0.602898942,-0.365828492,-1.253047332,0.012222134,-0.32353837,0
1.265173879,-0.86043207,0.107308958,-0.586083797,1.484791158,-0.676732128,-1.367336604,1.562033641,-1.543197329,-0.875009989,-0.039856426,1.5586795,-0.788240591,1.554293264,1.560745281,1.27960868,-1.146856971,1.268249643,0.620980952,0.602898942,1.560709866,0.622765102,-0.213054019,-1.279420405,0
-0.451016473,1.162206796,1.396606212,0.886616309,-0.398188716,-1.440587041,0.588848521,1.391134765,-0.638209856,-0.075573525,1.031642839,1.5586795,1.440451283,-1.243779626,-0.613173865,-0.781488916,0.119735408,-0.477592555,-1.370309871,-0.330213733,-0.365828492,0.622765102,1.363879055,-0.32353837,0
1.355499687,1.162206796,1.396606212,0.886616309,-1.339678653,0.087122786,0.928622985,1.092061731,1.171765091,0.723862938,-0.397022847,-0.350099774,0.697553992,0.6216023,0.398822979,1.27960868,0.119735408,1.143546628,1.164060267,1.536011617,-1.329097671,-0.315141115,0.537866492,0.632343664,0
1.084522263,1.162206796,-1.181988297,-1.32243385,1.484791158,0.087122786,-0.581012993,-1.813219166,1.559616866,0.99034176,1.38880926,0.604289863,1.440451283,-0.311088663,1.373338458,1.27960868,-0.724659511,-0.851701597,0.077901636,-0.330213733,-1.329097671,1.560671319,1.739339311,-1.279420405,0
-1.534926168,-0.86043207,-1.181988297,-1.32243385,-0.398188716,0.8509777,-0.915317028,-0.189679841,-1.155345555,-0.342052346,0.674476417,1.5586795,1.440451283,0.6216023,1.63570801,1.27960868,-0.724659511,-1.101107625,-0.103124802,0.602898942,0.597440687,-0.315141115,1.288787004,0.632343664,0
1.084522263,-0.86043207,1.396606212,-1.32243385,-0.398188716,0.8509777,1.637347539,-1.129623661,1.042481167,-0.342052346,1.745975682,-0.350099774,-0.788240591,-0.311088663,1.260894364,-0.781488916,-0.724659511,1.767061699,-0.103124802,-0.330213733,1.560709866,-1.253047332,0.462774441,1.588225698,1
-0.631668089,-0.86043207,-1.181988297,-0.586083797,-1.339678653,0.087122786,1.541311107,-0.360578717,0.137493693,0.99034176,0.674476417,-0.350099774,0.697553992,1.554293264,1.260894364,-0.781488916,0.541932867,-0.477592555,-0.103124802,0.602898942,0.597440687,-0.315141115,0.763142646,1.588225698,0
0.000612567,1.162206796,1.396606212,-0.586083797,-0.398188716,0.8509777,-1.631538096,0.109393193,0.266777618,0.457384117,1.031642839,-1.304489412,-0.0453433,-1.243779626,0.773636625,1.27960868,-0.302462052,1.268249643,-1.370309871,1.536011617,-0.365828492,0.622765102,-0.438330173,1.588225698,1
-0.089713241,-0.86043207,0.107308958,1.622966363,0.543301221,-0.676732128,-0.594385154,-0.061505684,0.525345467,1.789778223,0.317309996,0.604289863,-1.531137883,0.6216023,1.260894364,-0.781488916,-0.724659511,1.143546628,0.80200739,-0.330213733,1.560709866,-0.315141115,-0.88888248,0.632343664,0
-1.173622936,-0.86043207,0.107308958,-1.32243385,-1.339678653,1.614832614,1.583251068,-0.189679841,-1.543197329,-1.407967631,1.031642839,0.604289863,0.697553992,-0.311088663,1.036006177,1.27960868,-1.146856971,-1.350513653,1.164060267,1.536011617,0.597440687,-1.253047332,0.838234697,0.632343664,0
-1.263948744,1.162206796,-1.181988297,0.886616309,1.484791158,1.614832614,1.518011129,0.23756735,0.396061543,-0.875009989,-0.754189269,-1.304489412,-0.0453433,1.554293264,-0.875543417,-0.781488916,-0.724659511,0.021219502,1.345086706,-0.330213733,1.560709866,-0.315141115,-1.264342736,1.588225698,1
-1.625251976,-0.86043207,1.396606212,0.150266256,1.484791158,-0.676732128,1.500992015,0.792988698,-1.02606163,-0.608531167,1.745975682,0.604289863,0.697553992,1.554293264,1.373338458,1.27960868,-0.302462052,-1.350513653,1.526113144,-0.330213733,1.560709866,0.622765102,1.288787004,0.632343664,0
-0.360690665,-0.86043207,1.396606212,1.622966363,0.543301221,1.614832614,-0.769641512,-0.23240456,-0.76749378,-1.674446452,1.745975682,-1.304489412,-0.0453433,-0.311088663,-1.06295024,1.27960868,0.541932867,-0.477592555,1.526113144,0.602898942,0.597440687,1.560671319,1.213694953,-0.32353837,0
1.084522263,1.162206796,-1.181988297,-0.586083797,1.484791158,-1.440587041,0.123254174,-0.873275346,0.654629392,0.190905296,-1.468522111,-0.350099774,-0.0453433,-0.311088663,1.898077562,-0.781488916,-0.302462052,1.018843614,0.258928075,-1.263326408,1.560709866,-1.253047332,0.087314185,0.632343664,0
-0.812319705,1.162206796,1.396606212,1.622966363,-0.398188716,-0.676732128,0.918897777,-0.916000065,-0.379642006,0.190905296,0.317309996,-0.350099774,0.697553992,-0.311088663,-1.775096167,-0.781488916,1.386327786,1.268249643,-1.008256994,0.602898942,-0.365828492,-0.315141115,-1.339434787,-0.32353837,0
0.090938375,1.162206796,0.107308958,1.622966363,-0.398188716,0.8509777,-0.349634079,-1.685045009,-1.284629479,-0.342052346,-1.468522111,1.5586795,-0.788240591,-1.243779626,-0.088434761,-0.781488916,-0.724659511,0.520031558,0.983033829,-0.330213733,-1.329097671,0.622765102,-1.714895043,1.588225698,0
0.090938375,-0.86043207,-1.181988297,1.622966363,0.543301221,-0.676732128,-0.480316565,0.23756735,-1.543197329,1.256820581,1.38880926,-1.304489412,0.697553992,-0.311088663,-0.725617959,-0.781488916,-0.724659511,-0.851701597,0.80200739,-1.263326408,-1.329097671,-1.253047332,1.66424726,0.632343664,0
0.813544839,-0.86043207,-1.181988297,1.622966363,1.484791158,0.087122786,0.582365049,0.664814541,-0.508925931,-0.608531167,-1.11135569,-0.350099774,0.697553992,-0.311088663,-0.838062053,-0.781488916,-0.724659511,0.8941406,0.80200739,-1.263326408,1.560709866,-1.253047332,-0.588514275,1.588225698,0
1.536151302,-0.86043207,1.396606212,0.150266256,1.484791158,0.8509777,0.265080128,1.262960608,1.301049016,0.190905296,-1.11135569,-0.350099774,-0.0453433,-1.243779626,0.811117989,1.27960868,1.386327786,-1.101107625,-0.827230556,1.536011617,-1.329097671,0.622765102,1.814431362,-1.279420405,0
1.536151302,1.162206796,-1.181988297,-1.32243385,0.543301221,0.087122786,-0.525093045,1.049337012,-1.413913404,-1.14148881,0.674476417,-1.304489412,-1.531137883,1.554293264,-1.100431605,1.27960868,-0.302462052,1.642358685,0.258928075,-0.330213733,1.560709866,-0.315141115,-1.489618889,0.632343664,0
-1.173622936,1.162206796,1.396606212,0.886616309,-1.339678653,0.8509777,-0.54211216,1.17751117,-1.284629479,-1.14148881,-1.11135569,-0.350099774,-0.0453433,-0.311088663,0.024009333,1.27960868,-1.56905443,0.395328544,-1.55133631,0.602898942,0.597440687,-0.315141115,0.38768239,0.632343664,0
0.542567415,-0.86043207,1.396606212,1.622966363,1.484791158,1.614832614,0.23367581,-1.770494447,-1.801765179,-1.407967631,1.745975682,0.604289863,1.440451283,0.6216023,1.710670739,-0.781488916,-1.146856971,0.520031558,1.707139582,-1.263326408,-0.365828492,-0.315141115,1.06351085,1.588225698,0
0.542567415,-0.86043207,1.396606212,1.622966363,-1.339678653,-0.676732128,-0.011885699,0.23756735,1.559616866,-0.608531167,1.031642839,-0.350099774,0.697553992,1.554293264,-0.987987511,-0.781488916,-1.146856971,0.8941406,-0.284151241,-1.263326408,-1.329097671,-1.253047332,1.739339311,1.588225698,0
1.174848071,1.162206796,1.396606212,1.622966363,1.484791158,-1.440587041,0.808881358,-0.531477594,1.68890079,-1.14148881,0.317309996,-1.304489412,0.697553992,0.6216023,-1.362801157,1.27960868,-0.724659511,-0.602295569,-1.189283433,0.602898942,0.597440687,1.560671319,0.312590339,1.588225698,0
0.000612567,1.162206796,1.396606212,-1.32243385,1.484791158,0.8509777,0.278047073,-0.146955122,1.818184715,-1.14148881,0.674476417,0.604289863,-0.788240591,-0.311088663,1.185931635,1.27960868,0.541932867,1.392952657,-1.008256994,0.602898942,-0.365828492,-1.253047332,-0.137961968,-1.279420405,0
0.813544839,1.162206796,-1.181988297,-0.586083797,1.484791158,0.8509777,0.860343919,0.194842631,0.396061543,-0.342052346,0.674476417,0.604289863,-0.0453433,-1.243779626,-1.700133438,1.27960868,1.386327786,1.767061699,-0.465177679,-1.263326408,-1.329097671,-0.315141115,-1.189250685,-1.279420405,0
1.084522263,1.162206796,0.107308958,-0.586083797,1.484791158,0.087122786,0.13601851,0.323016788,-0.379642006,0.190905296,0.317309996,-0.350099774,-0.788240591,-1.243779626,-1.325319792,1.27960868,-1.56905443,0.644734572,-0.103124802,0.602898942,-1.329097671,-1.253047332,0.612958543,1.588225698,1
0.632893223,-0.86043207,0.107308958,0.150266256,-0.398188716,1.614832614,-0.800235396,-0.018780965,-0.250358081,-1.407967631,1.745975682,1.5586795,0.697553992,-1.243779626,-1.100431605,-0.781488916,1.808525246,-0.477592555,-0.646204118,1.536011617,-0.365828492,1.560671319,0.688050595,0.632343664,0
1.084522263,1.162206796,-1.181988297,-0.586083797,-1.339678653,0.087122786,-0.387927087,0.493915664,-0.76749378,-0.875009989,1.38880926,0.604289863,-0.0453433,-0.311088663,-1.362801157,1.27960868,-1.56905443,-1.599919681,0.620980952,-1.263326408,0.597440687,-1.253047332,-0.813790429,0.632343664,0
-1.44460036,-0.86043207,-1.181988297,1.622966363,-1.339678653,0.087122786,-0.172959462,0.23756735,-1.672481254,0.99034176,1.38880926,-1.304489412,-0.0453433,-0.311088663,-1.737614803,-0.781488916,-1.146856971,0.145922516,-1.008256994,1.536011617,0.597440687,0.622765102,0.237498288,1.588225698,0
-0.180039049,-0.86043207,0.107308958,1.622966363,1.484791158,1.614832614,-1.083887305,1.562033641,-1.284629479,-0.075573525,0.674476417,1.5586795,1.440451283,0.6216023,1.523263916,1.27960868,-0.724659511,-1.101107625,0.983033829,-0.330213733,-1.329097671,-0.315141115,-0.438330173,-0.32353837,0
-1.534926168,-0.86043207,0.107308958,1.622966363,1.484791158,-1.440587041,0.039982078,0.579365102,-0.250358081,-1.674446452,1.38880926,1.5586795,1.440451283,-1.243779626,1.523263916,-0.781488916,0.964130327,0.769437586,0.80200739,1.536011617,-0.365828492,-0.315141115,-0.438330173,-1.279420405,1
1.265173879,1.162206796,0.107308958,0.150266256,-1.339678653,0.087122786,0.654898894,1.433859484,0.137493693,-1.674446452,1.745975682,0.604289863,-1.531137883,-0.311088663,1.223413,-0.781488916,1.808525246,-0.726998583,-1.008256994,0.602898942,0.597440687,-0.315141115,-0.813790429,-1.279420405,1
-0.360690665,1.162206796,0.107308958,1.622966363,-0.398188716,0.087122786,0.72864839,-1.215073099,0.137493693,1.256820581,-0.754189269,-0.350099774,1.440451283,1.554293264,1.748152104,-0.781488916,-0.724659511,0.8941406,-1.370309871,-1.263326408,-0.365828492,-1.253047332,-0.137961968,-0.32353837,0
0.632893223,1.162206796,0.107308958,-0.586083797,0.543301221,0.8509777,-0.06881869,-0.70237647,1.171765091,1.523299402,-0.754189269,1.5586795,-0.0453433,-0.311088663,1.073487541,-0.781488916,1.386327786,-0.103483512,-0.103124802,1.536011617,-0.365828492,-1.253047332,-0.738698378,1.588225698,0
0.813544839,1.162206796,1.396606212,-1.32243385,0.543301221,1.614832614,-1.529626018,1.049337012,-1.543197329,0.723862938,-1.468522111,-0.350099774,1.440451283,-0.311088663,-0.088434761,1.27960868,1.808525246,1.767061699,-1.008256994,0.602898942,-1.329097671,-1.253047332,-0.963974531,0.632343664,0
0.723219031,-0.86043207,-1.181988297,-1.32243385,-1.339678653,-0.676732128,-0.601273843,1.562033641,0.913197242,-0.075573525,-0.039856426,0.604289863,-1.531137883,1.554293264,-1.737614803,1.27960868,0.964130327,-1.724622695,0.80200739,0.602898942,-0.365828492,-0.315141115,1.138602902,0.632343664,0
-1.354274552,1.162206796,1.396606212,0.886616309,1.484791158,-1.440587041,1.048769829,0.878438136,-1.413913404,1.789778223,-0.397022847,-1.304489412,0.697553992,-1.243779626,-1.812577532,1.27960868,-0.302462052,-0.35288954,1.345086706,1.536011617,-0.365828492,-1.253047332,-0.137961968,-1.279420405,0
1.265173879,1.162206796,0.107308958,-0.586083797,1.484791158,-1.440587041,-1.231588905,-0.574202313,-0.508925931,-0.075573525,-1.11135569,1.5586795,1.440451283,1.554293264,1.523263916,-0.781488916,-0.302462052,1.517655671,-0.465177679,-1.263326408,1.560709866,-0.315141115,0.913326748,-0.32353837,0
1.445825495,-0.86043207,0.107308958,1.622966363,-0.398188716,1.614832614,1.385099949,-0.317853998,1.042481167,-1.674446452,1.38880926,-1.304489412,-0.0453433,-1.243779626,-0.950506146,1.27960868,-0.302462052,-1.475216667,-1.55133631,1.536011617,-0.365828492,-1.253047332,-0.513422224,0.632343664,0
0.271589991,1.162206796,0.107308958,-1.32243385,0.543301221,0.8509777,-0.050178707,1.006612293,1.430332941,-1.674446452,-0.754189269,-0.350099774,0.697553992,1.554293264,-0.538211136,1.27960868,0.541932867,0.27062553,-0.465177679,-0.330213733,0.597440687,-0.315141115,0.612958543,-1.279420405,0
0.723219031,-0.86043207,1.396606212,-0.586083797,-0.398188716,0.8509777,0.670094532,0.23756735,-0.121074156,-0.875009989,1.031642839,-0.350099774,-0.0453433,0.6216023,-1.325319792,1.27960868,-0.302462052,1.018843614,-0.465177679,1.536011617,-1.329097671,0.622765102,-0.738698378,0.632343664,0
0.903870647,-0.86043207,1.396606212,-1.32243385,0.543301221,1.614832614,-0.599450367,1.391134765,1.818184715,-0.608531167,0.317309996,-1.304489412,0.697553992,-1.243779626,0.661192531,-0.781488916,0.119735408,0.8941406,-1.189283433,1.536011617,-1.329097671,-1.253047332,1.363879055,0.632343664,1
1.265173879,-0.86043207,0.107308958,1.622966363,-1.339678653,0.8509777,-1.035058655,0.493915664,-1.543197329,-0.608531167,-0.039856426,0.604289863,-0.0453433,-0.311088663,-1.362801157,-0.781488916,1.808525246,-1.849325709,1.526113144,-1.263326408,-0.365828492,-0.315141115,0.38768239,0.632343664,0
1.084522263,-0.86043207,1.396606212,-1.32243385,0.543301221,-1.440587041,1.721835286,1.775657237,0.137493693,-0.875009989,-1.468522111,0.604289863,1.440451283,0.6216023,-0.088434761,-0.781488916,0.964130327,-1.724622695,1.345086706,1.536011617,-0.365828492,0.622765102,-1.339434787,-1.279420405,0
0.000612567,-0.86043207,1.396606212,0.886616309,-0.398188716,-1.440587041,0.594926776,0.536640383,0.913197242,0.190905296,-0.397022847,1.5586795,1.440451283,-1.243779626,0.024009333,1.27960868,1.386327786,-1.724622695,-1.732362748,0.602898942,0.597440687,0.622765102,-1.489618889,-0.32353837,0
0.994196455,-0.86043207,0.107308958,0.886616309,-0.398188716,-0.676732128,0.125888085,1.049337012,0.008209768,-0.075573525,-0.754189269,1.5586795,-1.531137883,-1.243779626,1.073487541,1.27960868,0.119735408,-1.475216667,1.707139582,-1.263326408,1.560709866,1.560671319,-0.963974531,1.588225698,0
0.181264183,-0.86043207,1.396606212,-1.32243385,-0.398188716,1.614832614,0.382390453,0.023943754,1.68890079,0.457384117,-1.468522111,0.604289863,0.697553992,-1.243779626,1.335857093,1.27960868,0.119735408,-1.599919681,0.80200739,0.602898942,-1.329097671,-1.253047332,1.589155209,-0.32353837,0
1.084522263,-0.86043207,-1.181988297,-0.586083797,-1.339678653,0.087122786,0.011616887,-0.531477594,-0.638209856,-0.075573525,-0.039856426,0.604289863,-1.531137883,1.554293264,-0.875543417,-0.781488916,0.964130327,0.145922516,1.345086706,-1.263326408,1.560709866,-0.315141115,1.213694953,0.632343664,1
-1.625251976,1.162206796,-1.181988297,-0.586083797,0.543301221,0.087122786,-0.851697957,0.622089822,-0.76749378,0.723862938,0.317309996,-1.304489412,-0.788240591,-1.243779626,-1.737614803,1.27960868,1.386327786,1.517655671,0.258928075,-0.330213733,0.597440687,1.560671319,-1.039066582,-0.32353837,1
-0.270364857,1.162206796,-1.181988297,-0.586083797,0.543301221,-0.676732128,0.290203583,0.408466226,-0.508925931,-1.674446452,-1.11135569,-0.350099774,1.440451283,-0.311088663,0.061490697,-0.781488916,1.808525246,-0.228186526,-1.732362748,-0.330213733,-1.329097671,-1.253047332,0.312590339,0.632343664,0
0.361915799,1.162206796,-1.181988297,-1.32243385,-0.398188716,-0.676732128,1.715351814,1.732932518,0.137493693,1.523299402,-0.754189269,-0.350099774,0.697553992,-1.243779626,-0.350804313,-0.781488916,-1.146856971,-1.724622695,-0.646204118,-0.330213733,0.597440687,0.622765102,-0.963974531,-1.279420405,0
0.903870647,1.162206796,0.107308958,-0.586083797,0.543301221,0.8509777,0.568385062,1.519308922,-0.638209856,1.789778223,0.317309996,1.5586795,-1.531137883,-0.311088663,0.698673895,-0.781488916,-0.724659511,0.021219502,1.526113144,1.536011617,-0.365828492,-1.253047332,0.838234697,-1.279420405,0
-1.625251976,-0.86043207,0.107308958,1.622966363,1.484791158,-0.676732128,-0.612214703,-0.873275346,0.266777618,-0.075573525,-0.397022847,0.604289863,-1.531137883,-0.311088663,-0.500729771,-0.781488916,-1.146856971,-0.602295569,-1.732362748,-0.330213733,0.597440687,-0.315141115,-0.663606326,-1.279420405,0
1.716802918,1.162206796,0.107308958,0.886616309,1.484791158,-0.676732128,-0.404540984,-0.659651751,0.525345467,-1.674446452,1.38880926,-1.304489412,-0.788240591,-0.311088663,0.061490697,1.27960868,0.964130327,1.143546628,-0.646204118,-1.263326408,-0.365828492,0.622765102,-1.189250685,0.632343664,0
0.271589991,-0.86043207,-1.181988297,1.622966363,1.484791158,0.087122786,-0.405959244,-1.17234838,-1.672481254,-0.075573525,-0.039856426,1.5586795,-1.531137883,0.6216023,-1.812577532,1.27960868,-1.146856971,-0.35288954,-1.55133631,-0.330213733,1.560709866,1.560671319,-0.288146071,-0.32353837,0
0.994196455,1.162206796,-1.181988297,-0.586083797,0.543301221,0.8509777,-1.299057538,-0.275129279,1.171765091,0.723862938,-0.397022847,-1.304489412,-0.0453433,-0.311088663,-0.613173865,-0.781488916,-1.146856971,-1.849325709,-0.646204118,-1.263326408,-1.329097671,-1.253047332,-0.213054019,1.588225698,0
0.090938375,1.162206796,1.396606212,1.622966363,-1.339678653,-0.676732128,0.112718532,-0.958724784,1.042481167,0.190905296,-1.11135569,0.604289863,1.440451283,1.554293264,-1.587689344,1.27960868,-1.146856971,1.143546628,1.526113144,0.602898942,-1.329097671,-1.253047332,-1.714895043,1.588225698,1
0.181264183,1.162206796,1.396606212,-0.586083797,-1.339678653,-0.676732128,-1.349507056,1.519308922,-1.672481254,0.99034176,0.317309996,0.604289863,-1.531137883,-1.243779626,0.098972062,-0.781488916,-0.302462052,0.8941406,0.439954513,1.536011617,1.560709866,1.560671319,0.38768239,-1.279420405,1
-1.715577784,-0.86043207,-1.181988297,-1.32243385,-1.339678653,0.8509777,0.647807596,-1.129623661,-1.155345555,0.457384117,1.745975682,0.604289863,-1.531137883,1.554293264,-1.437763886,1.27960868,-1.56905443,-1.724622695,-1.008256994,0.602898942,-0.365828492,-1.253047332,0.012222134,1.588225698,0
0.542567415,1.162206796,-1.181988297,1.622966363,-1.339678653,1.614832614,1.182086226,-0.275129279,0.525345467,1.256820581,-1.11135569,-0.350099774,-0.788240591,0.6216023,-0.838062053,1.27960868,-1.146856971,-1.724622695,1.526113144,0.602898942,-1.329097671,-1.253047332,0.462774441,0.632343664,0
-1.715577784,-0.86043207,-1.181988297,-1.32243385,1.484791158,0.8509777,-1.248202803,1.433859484,-0.896777705,-1.14148881,0.674476417,0.604289863,-0.0453433,-1.243779626,-1.325319792,-0.781488916,-0.724659511,0.644734572,-1.732362748,-0.330213733,0.597440687,-1.253047332,1.213694953,-0.32353837,0
0.452241607,-0.86043207,-1.181988297,-1.32243385,1.484791158,0.087122786,0.249681882,-1.044174223,1.430332941,-0.875009989,-0.754189269,1.5586795,-1.531137883,-0.311088663,1.373338458,-0.781488916,0.964130327,1.642358685,-1.732362748,-0.330213733,-0.365828492,0.622765102,0.838234697,1.588225698,0
-0.360690665,1.162206796,1.396606212,0.150266256,-0.398188716,1.614832614,0.276223596,-0.574202313,1.818184715,-0.875009989,1.38880926,-0.350099774,1.440451283,-1.243779626,1.14845027,-0.781488916,-1.56905443,-1.350513653,1.345086706,-0.330213733,-1.329097671,0.622765102,0.688050595,1.588225698,0
1.716802918,1.162206796,-1.181988297,-0.586083797,0.543301221,-1.440587041,-0.535426079,0.066668473,-1.543197329,1.256820581,-0.039856426,-1.304489412,1.440451283,0.6216023,-0.125916126,-0.781488916,0.541932867,-1.475216667,-1.732362748,0.602898942,0.597440687,-0.315141115,-0.288146071,-0.32353837,0
1.084522263,1.162206796,1.396606212,0.886616309,0.543301221,0.8509777,-0.895056177,-1.086898942,1.430332941,0.457384117,1.031642839,1.5586795,-1.531137883,0.6216023,0.998524812,1.27960868,-0.724659511,-0.477592555,-1.008256994,1.536011617,0.597440687,-1.253047332,-0.588514275,1.588225698,0
-1.083297128,-0.86043207,-1.181988297,-0.586083797,-1.339678653,0.087122786,-1.655040683,1.476584203,-0.121074156,1.523299402,0.317309996,1.5586795,-0.0453433,1.554293264,-1.475245251,-0.781488916,-0.724659511,1.268249643,-0.284151241,1.536011617,-1.329097671,-0.315141115,-1.114158633,-0.32353837,1
1.62647711,1.162206796,-1.181988297,0.886616309,1.484791158,1.614832614,1.189987958,0.792988698,1.301049016,-0.075573525,1.745975682,-1.304489412,1.440451283,-1.243779626,-0.950506146,1.27960868,-0.302462052,1.268249643,0.258928075,0.602898942,1.560709866,0.622765102,0.537866492,0.632343664,1
0.723219031,-0.86043207,-1.181988297,-0.586083797,-1.339678653,0.8509777,-1.374630511,-0.317853998,0.137493693,-1.14148881,1.031642839,-0.350099774,1.440451283,-1.243779626,0.436304343,-0.781488916,-0.302462052,1.642358685,-0.284151241,1.536011617,1.560709866,-1.253047332,-0.513422224,0.632343664,0
0.452241607,-0.86043207,1.396606212,-1.32243385,-0.398188716,-0.676732128,-0.923218759,1.732932518,-1.801765179,0.723862938,-0.754189269,1.5586795,-0.0453433,-1.243779626,-1.175394334,1.27960868,0.964130327,1.517655671,1.345086706,0.602898942,-1.329097671,-0.315141115,0.537866492,0.632343664,0
1.265173879,1.162206796,1.396606212,1.622966363,0.543301221,0.8509777,-1.121977704,0.365741507,0.783913317,-0.608531167,-0.754189269,1.5586795,-0.0453433,1.554293264,1.373338458,-0.781488916,-0.724659511,-1.599919681,0.077901636,0.602898942,0.597440687,-1.253047332,1.814431362,-1.279420405,1
0.361915799,1.162206796,0.107308958,1.622966363,0.543301221,-1.440587041,-0.934362227,-1.044174223,-1.543197329,-0.075573525,-0.039856426,1.5586795,-1.531137883,0.6216023,-1.512726615,1.27960868,1.386327786,0.520031558,-1.732362748,1.536011617,1.560709866,-1.253047332,-0.062869917,0.632343664,1
0.271589991,-0.86043207,-1.181988297,0.150266256,-1.339678653,0.8509777,1.22220271,0.023943754,0.913197242,0.190905296,1.745975682,-0.350099774,0.697553992,-0.311088663,-1.212875699,1.27960868,1.386327786,-0.726998583,1.526113144,-1.263326408,1.560709866,1.560671319,-1.339434787,1.588225698,0
-0.721993897,-0.86043207,0.107308958,0.886616309,-0.398188716,1.614832614,1.184112311,-1.556870852,1.430332941,-1.674446452,-0.754189269,-0.350099774,-0.788240591,-1.243779626,0.323860249,1.27960868,0.964130327,0.520031558,-0.103124802,-1.263326408,1.560709866,-0.315141115,0.462774441,-1.279420405,0
-1.263948744,-0.86043207,0.107308958,0.886616309,0.543301221,1.614832614,1.383073864,0.023943754,0.396061543,1.256820581,1.031642839,-0.350099774,0.697553992,1.554293264,-1.362801157,-0.781488916,-1.146856971,0.27062553,-1.55133631,-0.330213733,-0.365828492,0.622765102,-1.264342736,-1.279420405,0
1.355499687,1.162206796,1.396606212,0.886616309,-0.398188716,0.8509777,-0.572300827,1.049337012,-0.76749378,-1.407967631,1.745975682,1.5586795,0.697553992,1.554293264,0.024009333,-0.781488916,0.119735408,0.644734572,-0.646204118,1.536011617,1.560709866,-0.315141115,1.814431362,-1.279420405,1
-0.089713241,-0.86043207,1.396606212,-1.32243385,-0.398188716,1.614832614,1.458849445,-0.403303436,-1.155345555,-0.075573525,1.031642839,0.604289863,1.440451283,-0.311088663,-1.625170709,-0.781488916,0.541932867,0.644734572,1.707139582,-0.330213733,-1.329097671,-0.315141115,1.213694953,0.632343664,0
-1.805903592,1.162206796,0.107308958,0.886616309,-1.339678653,-0.676732128,-0.590332984,0.963887574,1.042481167,0.99034176,-1.11135569,-1.304489412,-0.0453433,0.6216023,1.335857093,-0.781488916,-0.302462052,0.644734572,-1.55133631,0.602898942,-1.329097671,-0.315141115,1.363879055,-1.279420405,0
-1.173622936,-0.86043207,-1.181988297,1.622966363,1.484791158,0.8509777,1.413667749,1.092061731,0.783913317,1.523299402,-0.397022847,0.604289863,1.440451283,-1.243779626,0.061490697,1.27960868,0.119735408,1.392952657,1.526113144,-1.263326408,-0.365828492,1.560671319,1.66424726,0.632343664,0
-0.451016473,-0.86043207,1.396606212,-1.32243385,-1.339678653,-0.676732128,-1.498221699,0.493915664,1.301049016,1.789778223,1.745975682,-0.350099774,-0.788240591,-1.243779626,-0.500729771,1.27960868,1.808525246,1.392952657,-0.827230556,1.536011617,-0.365828492,-1.253047332,-0.963974531,0.632343664,0
-0.631668089,1.162206796,-1.181988297,-0.586083797,1.484791158,-0.676732128,1.116238462,-1.428696694,-1.801765179,1.523299402,-1.468522111,1.5586795,-1.531137883,1.554293264,0.811117989,1.27960868,0.964130327,-0.726998583,-0.103124802,1.536011617,-1.329097671,0.622765102,0.763142646,-1.279420405,0
-0.812319705,-0.86043207,-1.181988297,0.886616309,-0.398188716,0.087122786,1.388544294,-0.061505684,0.783913317,-1.407967631,-0.397022847,1.5586795,-0.788240591,0.6216023,1.898077562,-0.781488916,-1.146856971,-1.849325709,-0.284151241,1.536011617,-0.365828492,1.560671319,-0.88888248,-1.279420405,0
0.181264183,1.162206796,0.107308958,0.886616309,1.484791158,0.8509777,0.867435216,-0.104230403,1.559616866,-0.075573525,-0.397022847,0.604289863,1.440451283,-1.243779626,-0.913024782,1.27960868,-1.56905443,-1.225810639,-0.465177679,-1.263326408,1.560709866,0.622765102,1.589155209,1.588225698,0
-0.541342281,1.162206796,0.107308958,-0.586083797,-0.398188716,1.614832614,-0.250963737,1.433859484,-0.638209856,0.457384117,1.745975682,0.604289863,1.440451283,-0.311088663,-1.437763886,1.27960868,-1.146856971,-0.602295569,0.077901636,-0.330213733,0.597440687,1.560671319,1.739339311,-1.279420405,0
0.632893223,-0.86043207,0.107308958,0.886616309,0.543301221,-0.676732128,-1.305338402,1.092061731,1.559616866,0.99034176,1.38880926,-1.304489412,1.440451283,0.6216023,-0.200878855,-0.781488916,-0.724659511,-1.724622695,-0.284151241,-1.263326408,0.597440687,-1.253047332,0.237498288,0.632343664,0
1.174848071,1.162206796,0.107308958,-0.586083797,0.543301221,0.087122786,0.008172543,-1.428696694,-1.155345555,-1.407967631,-0.754189269,1.5586795,1.440451283,0.6216023,-1.325319792,-0.781488916,-1.146856971,-1.101107625,1.707139582,-0.330213733,0.597440687,0.622765102,-0.88888248,1.588225698,0
-1.715577784,1.162206796,1.396606212,-1.32243385,0.543301221,0.8509777,0.125888085,-1.428696694,1.042481167,-0.075573525,-1.11135569,0.604289863,0.697553992,1.554293264,-0.763099324,1.27960868,-0.724659511,0.520031558,1.707139582,0.602898942,-1.329097671,-0.315141115,-0.813790429,1.588225698,0
0.994196455,-0.86043207,1.396606212,1.622966363,-1.339678653,0.8509777,1.177831448,0.70753926,-0.379642006,-0.875009989,1.38880926,-1.304489412,-1.531137883,1.554293264,0.923562083,-0.781488916,1.808525246,0.644734572,-0.284151241,0.602898942,-0.365828492,1.560671319,-1.189250685,0.632343664,0
0.181264183,1.162206796,0.107308958,-0.586083797,-1.339678653,-1.440587041,-0.519217398,0.323016788,-1.413913404,0.99034176,1.38880926,-0.350099774,0.697553992,-1.243779626,0.024009333,-0.781488916,-0.302462052,0.644734572,-0.465177679,-0.330213733,0.597440687,0.622765102,-0.588514275,-1.279420405,0
0.090938375,1.162206796,1.396606212,0.150266256,-0.398188716,-1.440587041,0.6526702,-0.958724784,1.68890079,1.523299402,-1.468522111,0.604289863,1.440451283,1.554293264,-1.662652074,-0.781488916,1.808525246,0.644734572,0.80200739,0.602898942,1.560709866,-1.253047332,0.38768239,-1.279420405,0
0.361915799,1.162206796,0.107308958,-0.586083797,0.543301221,-0.676732128,-1.040123867,-1.514146132,-0.250358081,-1.407967631,0.317309996,-0.350099774,-0.0453433,0.6216023,0.848599354,-0.781488916,-0.724659511,0.27062553,-1.55133631,0.602898942,1.560709866,0.622765102,0.838234697,-0.32353837,1
0.090938375,-0.86043207,-1.181988297,0.886616309,-1.339678653,-1.440587041,-0.121091684,0.921162855,0.266777618,1.523299402,1.745975682,-1.304489412,0.697553992,-1.243779626,0.73615526,1.27960868,-1.56905443,0.644734572,-1.732362748,1.536011617,1.560709866,1.560671319,0.38768239,-1.279420405,1
0.090938375,1.162206796,-1.181988297,-1.32243385,0.543301221,-0.676732128,1.503828534,1.476584203,1.559616866,-0.075573525,1.031642839,-0.350099774,1.440451283,-1.243779626,1.448301187,1.27960868,0.119735408,0.395328544,-0.284151241,1.536011617,-0.365828492,-1.253047332,0.537866492,-0.32353837,0
-1.354274552,-0.86043207,-1.181988297,-1.32243385,-1.339678653,1.614832614,0.802600495,1.775657237,-0.896777705,1.523299402,-0.754189269,1.5586795,1.440451283,0.6216023,0.286378885,1.27960868,-1.146856971,-1.475216667,-0.284151241,-1.263326408,0.597440687,-0.315141115,-0.813790429,1.588225698,0
-0.541342281,-0.86043207,0.107308958,-0.586083797,1.484791158,-0.676732128,-1.485659972,-0.574202313,1.430332941,-0.608531167,1.38880926,1.5586795,-1.531137883,-1.243779626,-0.875543417,1.27960868,-0.302462052,-0.35288954,0.439954513,-1.263326408,1.560709866,1.560671319,-0.88888248,1.588225698,0
1.445825495,1.162206796,-1.181988297,1.622966363,1.484791158,-1.440587041,0.163573267,1.775657237,0.654629392,-1.674446452,-1.11135569,-0.350099774,-0.788240591,-0.311088663,-1.625170709,1.27960868,-1.146856971,0.27062553,-0.465177679,-1.263326408,-0.365828492,1.560671319,-1.639802992,1.588225698,0
1.084522263,1.162206796,1.396606212,0.150266256,0.543301221,1.614832614,-1.303920142,0.23756735,-1.543197329,-0.608531167,0.317309996,1.5586795,0.697553992,-0.311088663,-1.250357063,-0.781488916,-1.146856971,0.520031558,-1.008256994,1.536011617,1.560709866,-1.253047332,0.688050595,-0.32353837,0
-1.173622936,1.162206796,-1.181988297,-1.32243385,-0.398188716,-1.440587041,-0.851697957,-1.471421413,-0.379642006,1.256820581,-1.468522111,-1.304489412,0.697553992,-1.243779626,0.398822979,1.27960868,-0.724659511,1.642358685,-1.370309871,-1.263326408,0.597440687,1.560671319,-1.189250685,0.632343664,0
-1.44460036,-0.86043207,-1.181988297,0.886616309,-1.339678653,-0.676732128,0.318568774,-1.129623661,-1.02606163,1.256820581,0.674476417,1.5586795,0.697553992,1.554293264,1.898077562,1.27960868,0.119735408,1.143546628,-1.189283433,-1.263326408,0.597440687,0.622765102,1.288787004,0.632343664,0
1.62647711,1.162206796,-1.181988297,0.886616309,-1.339678653,0.087122786,-0.768020644,1.092061731,-0.379642006,-1.14148881,-0.754189269,-0.350099774,1.440451283,-0.311088663,-1.400282521,-0.781488916,-0.302462052,1.018843614,1.164060267,1.536011617,0.597440687,-0.315141115,1.213694953,1.588225698,1
-1.534926168,1.162206796,1.396606212,1.622966363,1.484791158,0.8509777,1.702790087,0.622089822,-1.672481254,-0.075573525,0.674476417,-0.350099774,-1.531137883,-1.243779626,0.961043447,-0.781488916,-1.146856971,-0.35288954,0.983033829,-0.330213733,0.597440687,0.622765102,1.889523413,-0.32353837,0
-1.354274552,1.162206796,0.107308958,-1.32243385,1.484791158,-1.440587041,-0.275074149,0.579365102,1.171765091,-0.342052346,-0.397022847,-0.350099774,1.440451283,-0.311088663,-1.737614803,-0.781488916,-1.146856971,1.767061699,0.983033829,1.536011617,0.597440687,-1.253047332,1.288787004,-0.32353837,0
0.994196455,1.162206796,1.396606212,-0.586083797,-0.398188716,-0.676732128,-1.355382703,0.792988698,-0.121074156,0.190905296,1.38880926,0.604289863,1.440451283,1.554293264,0.511267072,1.27960868,0.541932867,1.392952657,1.707139582,-0.330213733,1.560709866,1.560671319,0.612958543,1.588225698,1
0.813544839,1.162206796,0.107308958,0.886616309,-0.398188716,1.614832614,-0.949760474,0.365741507,0.913197242,1.523299402,-0.039856426,-0.350099774,-0.0453433,0.6216023,0.548748437,-0.781488916,0.964130327,1.517655671,-1.370309871,1.536011617,0.597440687,-0.315141115,1.06351085,-1.279420405,0
1.265173879,-0.86043207,0.107308958,1.622966363,-0.398188716,-1.440587041,0.145135893,0.750263979,1.042481167,-0.608531167,-0.754189269,-1.304489412,-1.531137883,-1.243779626,0.473785708,-0.781488916,0.541932867,0.395328544,-0.827230556,-1.263326408,1.560709866,-1.253047332,0.312590339,1.588225698,0
1.716802918,-0.86043207,-1.181988297,-1.32243385,0.543301221,-1.440587041,-0.617077307,-0.146955122,-1.284629479,-1.407967631,1.031642839,1.5586795,0.697553992,-1.243779626,-1.625170709,-0.781488916,0.964130327,0.145922516,-1.732362748,0.602898942,0.597440687,0.622765102,-0.663606326,-0.32353837,0
-0.451016473,1.162206796,0.107308958,-1.32243385,1.484791158,0.8509777,-0.363208849,-0.23240456,-0.76749378,0.457384117,0.317309996,1.5586795,-0.788240591,-1.243779626,-1.137912969,1.27960868,-1.56905443,-1.849325709,0.983033829,0.602898942,1.560709866,1.560671319,-0.062869917,-1.279420405,0
-0.721993897,1.162206796,1.396606212,-1.32243385,0.543301221,-0.676732128,-0.320255846,-0.018780965,0.783913317,1.789778223,-1.11135569,0.604289863,0.697553992,-1.243779626,-1.175394334,-0.781488916,0.541932867,-1.225810639,0.80200739,-0.330213733,0.597440687,1.560671319,0.012222134,0.632343664,1
0.813544839,1.162206796,1.396606212,-1.32243385,1.484791158,0.087122786,0.848390017,0.835713417,-0.508925931,0.99034176,-0.754189269,0.604289863,1.440451283,-1.243779626,1.14845027,-0.781488916,-0.724659511,0.395328544,-0.646204118,-0.330213733,1.560709866,-1.253047332,-0.813790429,-1.279420405,1
-0.180039049,1.162206796,0.107308958,-1.32243385,1.484791158,1.614832614,1.300409594,-1.044174223,-1.284629479,0.190905296,1.031642839,-1.304489412,-1.531137883,-1.243779626,1.410819822,1.27960868,-1.56905443,0.520031558,-1.55133631,-0.330213733,0.597440687,0.622765102,-0.213054019,0.632343664,0
-0.360690665,-0.86043207,-1.181988297,0.886616309,-1.339678653,-0.676732128,0.236917546,0.280292069,-1.543197329,-0.342052346,1.745975682,-0.350099774,-1.531137883,1.554293264,-0.238360219,-0.781488916,1.386327786,-1.849325709,-0.103124802,0.602898942,-0.365828492,1.560671319,-0.88888248,-0.32353837,0
-0.180039049,1.162206796,-1.181988297,1.622966363,1.484791158,1.614832614,0.297700098,-0.446028155,1.559616866,1.523299402,0.674476417,0.604289863,-1.531137883,0.6216023,0.886080718,1.27960868,-0.302462052,-0.976404611,0.80200739,-0.330213733,1.560709866,0.622765102,-0.813790429,1.588225698,0
0.632893223,-0.86043207,1.396606212,-1.32243385,1.484791158,-1.440587041,0.404879997,-1.300522537,0.266777618,0.723862938,1.745975682,1.5586795,-0.0453433,1.554293264,-1.737614803,1.27960868,1.386327786,0.145922516,-0.827230556,1.536011617,-0.365828492,-0.315141115,1.138602902,1.588225698,0
0.452241607,-0.86043207,-1.181988297,0.150266256,0.543301221,0.8509777,0.915453432,1.476584203,-1.672481254,-0.075573525,0.317309996,0.604289863,0.697553992,1.554293264,0.848599354,-0.781488916,-0.302462052,0.644734572,-1.55133631,1.536011617,1.560709866,1.560671319,-0.062869917,1.588225698,0
1.445825495,1.162206796,0.107308958,0.150266256,1.484791158,0.8509777,0.53738596,0.792988698,1.171765091,0.457384117,-1.468522111,0.604289863,-0.0453433,0.6216023,-0.425767042,1.27960868,-0.302462052,0.769437586,1.164060267,0.602898942,1.560709866,-0.315141115,1.66424726,1.588225698,1
0.452241607,-0.86043207,0.107308958,1.622966363,0.543301221,0.087122786,-0.32511845,-0.018780965,-1.801765179,-0.075573525,1.38880926,-0.350099774,-0.788240591,1.554293264,0.698673895,-0.781488916,-0.302462052,-0.103483512,-1.732362748,1.536011617,1.560709866,1.560671319,1.438971106,1.588225698,0
0.181264183,-0.86043207,1.396606212,-0.586083797,-0.398188716,0.8509777,-0.163031645,0.23756735,-1.02606163,-1.14148881,-0.754189269,0.604289863,1.440451283,-0.311088663,0.998524812,-0.781488916,0.541932867,0.27062553,-1.732362748,-0.330213733,-1.329097671,-1.253047332,0.312590339,-0.32353837,0
-1.083297128,-0.86043207,0.107308958,-0.586083797,1.484791158,-1.440587041,0.620860665,-0.317853998,-0.121074156,-0.342052346,-0.039856426,-1.304489412,-0.0453433,1.554293264,-0.200878855,-0.781488916,1.808525246,-1.101107625,-1.189283433,0.602898942,0.597440687,1.560671319,-0.738698378,-0.32353837,0
-0.812319705,-0.86043207,1.396606212,-0.586083797,1.484791158,0.087122786,0.322418335,-1.428696694,-1.284629479,0.99034176,0.674476417,1.5586795,-0.0453433,-1.243779626,1.710670739,-0.781488916,0.119735408,0.021219502,1.707139582,-0.330213733,-0.365828492,1.560671319,-0.513422224,1.588225698,1
-1.805903592,1.162206796,0.107308958,0.150266256,0.543301221,-0.676732128,0.343894837,-1.599595571,0.525345467,1.523299402,0.674476417,-0.350099774,1.440451283,-0.311088663,1.485782552,1.27960868,1.386327786,-1.101107625,0.983033829,1.536011617,-0.365828492,0.622765102,0.012222134,-1.279420405,0
-1.805903592,1.162206796,1.396606212,-0.586083797,-0.398188716,0.8509777,-1.116709883,0.579365102,1.68890079,0.99034176,-0.754189269,1.5586795,-1.531137883,-0.311088663,1.14845027,-0.781488916,1.386327786,0.145922516,-0.465177679,-0.330213733,1.560709866,0.622765102,0.763142646,1.588225698,1
1.174848071,-0.86043207,-1.181988297,0.886616309,-1.339678653,0.087122786,1.089494139,-1.813219166,1.68890079,-0.075573525,-0.397022847,-1.304489412,1.440451283,0.6216023,0.511267072,-0.781488916,-0.302462052,-1.475216667,-1.732362748,0.602898942,-0.365828492,-0.315141115,1.814431362,0.632343664,0
0.994196455,1.162206796,0.107308958,-1.32243385,-0.398188716,-1.440587041,0.912819522,1.17751117,-0.508925931,-1.407967631,1.745975682,-1.304489412,0.697553992,1.554293264,-0.275841584,-0.781488916,1.808525246,-0.477592555,1.526113144,-0.330213733,-0.365828492,-0.315141115,-0.137961968,0.632343664,0
0.361915799,1.162206796,0.107308958,0.150266256,0.543301221,1.614832614,-0.64382163,0.622089822,1.042481167,-1.14148881,0.674476417,0.604289863,1.440451283,1.554293264,0.548748437,1.27960868,1.808525246,-0.35288954,0.077901636,1.536011617,-0.365828492,-0.315141115,-1.039066582,0.632343664,1
1.716802918,1.162206796,1.396606212,1.622966363,-0.398188716,1.614832614,1.270626143,-0.958724784,1.301049016,-0.875009989,1.031642839,0.604289863,-1.531137883,-0.311088663,0.173934791,1.27960868,0.119735408,-1.475216667,1.164060267,-1.263326408,-0.365828492,1.560671319,-1.189250685,0.632343664,0
-1.805903592,1.162206796,1.396606212,1.622966363,0.543301221,-1.440587041,-0.555889538,1.562033641,-1.672481254,0.723862938,-1.11135569,0.604289863,1.440451283,1.554293264,1.073487541,-0.781488916,0.541932867,0.644734572,-0.103124802,0.602898942,-1.329097671,1.560671319,-0.213054019,1.588225698,0
-0.451016473,1.162206796,0.107308958,-1.32243385,0.543301221,-1.440587041,1.103676734,0.536640383,-0.896777705,-0.342052346,1.38880926,1.5586795,-0.0453433,1.554293264,1.036006177,1.27960868,0.119735408,-1.849325709,0.258928075,-0.330213733,1.560709866,-0.315141115,0.988418799,0.632343664,0
1.62647711,-0.86043207,1.396606212,0.150266256,-1.339678653,1.614832614,-1.691307605,-1.001449504,-0.76749378,-1.674446452,0.674476417,-1.304489412,-0.788240591,0.6216023,0.811117989,1.27960868,-0.724659511,-1.849325709,-0.284151241,0.602898942,-0.365828492,-1.253047332,-1.264342736,-1.279420405,0
-1.44460036,1.162206796,0.107308958,-0.586083797,1.484791158,0.087122786,-0.581823427,0.451190945,1.559616866,0.457384117,1.031642839,-0.350099774,-0.0453433,-0.311088663,0.998524812,-0.781488916,1.386327786,-1.101107625,-0.646204118,-0.330213733,-1.329097671,-1.253047332,0.162406236,1.588225698,0
0.090938375,1.162206796,-1.181988297,-0.586083797,0.543301221,1.614832614,0.832181336,-0.787825908,-1.543197329,-0.608531167,0.317309996,0.604289863,-0.788240591,-1.243779626,-0.463248407,-0.781488916,1.808525246,-0.851701597,0.258928075,-1.263326408,-1.329097671,1.560671319,-0.813790429,0.632343664,0
0.723219031,1.162206796,1.396606212,0.886616309,0.543301221,-1.440587041,1.524291993,-0.659651751,-1.672481254,1.523299402,0.317309996,1.5586795,1.440451283,-0.311088663,-1.700133438,-0.781488916,-0.302462052,-1.849325709,0.80200739,1.536011617,1.560709866,-1.253047332,-0.588514275,1.588225698,1
-1.625251976,1.162206796,0.107308958,0.886616309,-1.339678653,0.8509777,0.149390671,-1.64232029,-1.02606163,1.256820581,1.38880926,0.604289863,0.697553992,0.6216023,-1.775096167,-0.781488916,1.808525246,0.021219502,-0.465177679,-0.330213733,0.597440687,-1.253047332,0.462774441,1.588225698,0
-0.812319705,-0.86043207,-1.181988297,-0.586083797,0.543301221,-0.676732128,1.321683487,-0.958724784,-1.284629479,1.789778223,-0.397022847,-1.304489412,1.440451283,0.6216023,1.860596198,-0.781488916,1.808525246,0.27062553,1.164060267,-0.330213733,0.597440687,-0.315141115,0.537866492,1.588225698,1
0.452241607,-0.86043207,-1.181988297,1.622966363,1.484791158,0.8509777,-0.365234934,-1.086898942,0.783913317,-0.075573525,-0.039856426,-0.350099774,-1.531137883,0.6216023,-0.200878855,1.27960868,0.964130327,0.769437586,-1.008256994,-1.263326408,0.597440687,-1.253047332,-1.414526838,-0.32353837,0
-0.451016473,-0.86043207,0.107308958,1.622966363,-1.339678653,0.8509777,0.7693727,0.152117912,1.430332941,0.457384117,1.38880926,-1.304489412,1.440451283,1.554293264,0.661192531,-0.781488916,1.386327786,-0.103483512,0.620980952,0.602898942,-0.365828492,-1.253047332,0.612958543,0.632343664,0
1.445825495,-0.86043207,1.396606212,0.886616309,1.484791158,-1.440587041,0.081516822,1.13478645,-1.284629479,0.457384117,-1.468522111,1.5586795,-0.788240591,-0.311088663,0.698673895,-0.781488916,-0.724659511,-1.225810639,-1.55133631,1.536011617,1.560709866,1.560671319,-0.588514275,-0.32353837,1
0.090938375,1.162206796,0.107308958,-1.32243385,1.484791158,1.614832614,-1.13190552,0.579365102,0.654629392,-1.674446452,-0.397022847,0.604289863,-0.0453433,1.554293264,0.998524812,-0.781488916,0.119735408,-1.724622695,0.983033829,-0.330213733,0.597440687,1.560671319,1.739339311,-1.279420405,1
0.723219031,-0.86043207,-1.181988297,-0.586083797,-1.339678653,0.087122786,0.239146239,-1.044174223,-0.250358081,-1.674446452,0.674476417,-1.304489412,0.697553992,1.554293264,1.260894364,-0.781488916,-0.724659511,-0.851701597,1.164060267,-0.330213733,-0.365828492,1.560671319,-1.114158633,-1.279420405,0
-0.631668089,1.162206796,0.107308958,0.886616309,0.543301221,0.8509777,-0.888977922,0.921162855,0.783913317,-1.14148881,1.38880926,1.5586795,1.440451283,-0.311088663,0.923562083,-0.781488916,0.964130327,-1.475216667,-1.370309871,1.536011617,1.560709866,-1.253047332,-0.137961968,-0.32353837,0
0.632893223,1.162206796,1.396606212,0.886616309,1.484791158,1.614832614,-0.869932722,-1.727769728,1.818184715,-0.342052346,1.745975682,0.604289863,1.440451283,0.6216023,0.473785708,1.27960868,0.541932867,-0.35288954,-1.732362748,-1.263326408,-0.365828492,-0.315141115,1.514063157,0.632343664,0
-1.44460036,1.162206796,-1.181988297,-0.586083797,1.484791158,0.087122786,-1.141225512,-0.061505684,0.654629392,-1.407967631,0.317309996,-0.350099774,-0.0453433,-1.243779626,-1.812577532,-0.781488916,-0.724659511,0.8941406,1.345086706,0.602898942,0.597440687,0.622765102,1.213694953,1.588225698,0
0.813544839,1.162206796,0.107308958,-0.586083797,1.484791158,0.8509777,-0.493080901,-0.958724784,1.818184715,0.723862938,1.031642839,-1.304489412,0.697553992,-1.243779626,-1.212875699,1.27960868,1.808525246,0.769437586,1.345086706,1.536011617,0.597440687,1.560671319,1.589155209,-1.279420405,0
-1.44460036,1.162206796,1.396606212,1.622966363,1.484791158,0.087122786,0.370841768,-0.146955122,-1.155345555,1.256820581,1.38880926,0.604289863,1.440451283,-0.311088663,-1.250357063,-0.781488916,-1.56905443,-0.602295569,-1.189283433,0.602898942,-1.329097671,1.560671319,0.988418799,-1.279420405,0
-0.812319705,-0.86043207,-1.181988297,-1.32243385,-1.339678653,1.614832614,-0.752825006,1.006612293,0.654629392,0.99034176,1.745975682,0.604289863,1.440451283,-0.311088663,-1.512726615,-0.781488916,-0.724659511,-0.35288954,0.80200739,-1.263326408,-1.329097671,1.560671319,-0.738698378,-1.279420405,0
-0.451016473,-0.86043207,1.396606212,-1.32243385,-1.339678653,-0.676732128,1.572310209,-0.787825908,0.396061543,-1.674446452,-0.397022847,0.604289863,-0.788240591,0.6216023,0.136453427,-0.781488916,0.964130327,-0.602295569,1.526113144,-1.263326408,1.560709866,-0.315141115,-0.588514275,0.632343664,0
0.452241607,-0.86043207,-1.181988297,-0.586083797,-0.398188716,1.614832614,-0.700957228,0.493915664,1.301049016,-1.674446452,-1.468522111,0.604289863,-0.788240591,-0.311088663,0.886080718,1.27960868,-0.724659511,0.395328544,1.526113144,1.536011617,-0.365828492,0.622765102,1.438971106,-0.32353837,1
0.452241607,-0.86043207,0.107308958,0.150266256,-0.398188716,-1.440587041,-1.438249581,1.732932518,-1.672481254,1.523299402,1.031642839,-1.304489412,-1.531137883,-0.311088663,0.361341614,-0.781488916,-0.724659511,-0.976404611,-0.103124802,-0.330213733,-0.365828492,0.622765102,-0.288146071,-0.32353837,0
0.000612567,1.162206796,1.396606212,0.886616309,1.484791158,0.087122786,-1.477555632,0.365741507,1.301049016,-0.608531167,-1.11135569,0.604289863,-0.0453433,0.6216023,-1.512726615,-0.781488916,-1.146856971,-1.101107625,-1.008256994,-1.263326408,0.597440687,1.560671319,1.514063157,0.632343664,0
1.62647711,-0.86043207,-1.181988297,0.886616309,0.543301221,-0.676732128,-1.617558109,0.023943754,1.430332941,-0.875009989,-1.468522111,1.5586795,0.697553992,0.6216023,-1.400282521,-0.781488916,1.808525246,1.143546628,1.526113144,-1.263326408,0.597440687,-1.253047332,-0.663606326,-1.279420405,1
1.355499687,1.162206796,1.396606212,-0.586083797,1.484791158,0.087122786,-0.961309158,1.775657237,-1.155345555,-1.674446452,0.674476417,-1.304489412,1.440451283,1.554293264,-0.313322948,-0.781488916,-0.302462052,0.021219502,0.077901636,1.536011617,1.560709866,1.560671319,1.514063157,0.632343664,1
1.084522263,-0.86043207,1.396606212,0.150266256,0.543301221,0.087122786,-0.506453063,0.536640383,-0.76749378,-0.875009989,1.745975682,0.604289863,1.440451283,-0.311088663,-1.287838428,-0.781488916,0.541932867,-1.599919681,-0.646204118,1.536011617,-1.329097671,1.560671319,0.162406236,0.632343664,0
0.813544839,1.162206796,0.107308958,1.622966363,1.484791158,0.8509777,-1.335527069,0.493915664,1.301049016,-1.14148881,1.38880926,-1.304489412,-1.531137883,-1.243779626,0.623711166,-0.781488916,-1.146856971,0.145922516,-1.008256994,1.536011617,0.597440687,-1.253047332,-1.114158633,-0.32353837,0
1.445825495,1.162206796,1.396606212,-0.586083797,-0.398188716,-1.440587041,-1.11164467,1.13478645,-1.543197329,-1.407967631,1.38880926,1.5586795,1.440451283,-0.311088663,0.961043447,-0.781488916,1.808525246,0.27062553,1.707139582,-1.263326408,-0.365828492,-1.253047332,-1.714895043,0.632343664,1
0.181264183,-0.86043207,-1.181988297,-0.586083797,-0.398188716,0.087122786,-0.585267771,1.433859484,-1.801765179,0.457384117,-0.754189269,1.5586795,-0.0453433,-1.243779626,-1.437763886,1.27960868,0.964130327,1.517655671,0.258928075,0.602898942,0.597440687,1.560671319,0.838234697,0.632343664,1
-0.99297132,1.162206796,-1.181988297,0.886616309,0.543301221,1.614832614,-1.076796007,1.262960608,-1.801765179,1.789778223,0.317309996,-1.304489412,-1.531137883,-1.243779626,-1.55020798,-0.781488916,0.119735408,1.392952657,1.526113144,-1.263326408,-1.329097671,-0.315141115,1.514063157,-1.279420405,1
-1.44460036,1.162206796,-1.181988297,-0.586083797,1.484791158,1.614832614,-0.799019745,1.60475836,0.525345467,0.99034176,0.674476417,0.604289863,-0.0453433,-1.243779626,0.211416156,-0.781488916,0.964130327,-0.103483512,0.80200739,1.536011617,-0.365828492,-0.315141115,-0.288146071,1.588225698,0
1.355499687,-0.86043207,-1.181988297,-0.586083797,0.543301221,0.8509777,-1.49943735,0.963887574,-1.284629479,-1.674446452,1.745975682,0.604289863,-1.531137883,1.554293264,1.748152104,-0.781488916,-0.302462052,1.517655671,0.258928075,-0.330213733,-1.329097671,-1.253047332,1.589155209,-1.279420405,0
1.174848071,1.162206796,0.107308958,-0.586083797,-0.398188716,-1.440587041,1.06761242,-1.044174223,-0.250358081,-0.075573525,1.38880926,1.5586795,1.440451283,0.6216023,-1.625170709,1.27960868,0.964130327,0.145922516,-1.189283433,-0.330213733,1.560709866,1.560671319,-1.339434787,-0.32353837,0
0.903870647,-0.86043207,1.396606212,0.886616309,1.484791158,-1.440587041,-1.171211571,1.690207798,0.525345467,1.789778223,-1.11135569,0.604289863,-1.531137883,0.6216023,0.136453427,1.27960868,-1.146856971,-0.602295569,0.258928075,1.536011617,1.560709866,-0.315141115,1.363879055,1.588225698,1
-0.99297132,-0.86043207,0.107308958,1.622966363,1.484791158,1.614832614,0.220506257,-1.556870852,-0.379642006,1.523299402,1.031642839,1.5586795,-0.788240591,1.554293264,-1.100431605,-0.781488916,0.964130327,-1.350513653,1.345086706,-0.330213733,-1.329097671,1.560671319,-1.039066582,-1.279420405,0
-0.180039049,-0.86043207,1.396606212,1.622966363,0.543301221,-0.676732128,-0.837515361,0.835713417,0.137493693,-0.875009989,0.674476417,0.604289863,0.697553992,0.6216023,-0.388285678,1.27960868,-0.302462052,0.021219502,1.164060267,-1.263326408,-0.365828492,1.560671319,1.814431362,0.632343664,1
0.994196455,1.162206796,1.396606212,-0.586083797,-1.339678653,0.8509777,-1.280012338,-0.061505684,1.301049016,-0.608531167,-0.397022847,1.5586795,1.440451283,1.554293264,1.860596198,-0.781488916,-0.302462052,-0.103483512,1.526113144,0.602898942,-1.329097671,1.560671319,0.688050595,0.632343664,0
-1.805903592,1.162206796,1.396606212,0.886616309,0.543301221,0.8509777,1.562179783,-0.061505684,1.301049016,0.723862938,-1.11135569,-0.350099774,0.697553992,-0.311088663,0.848599354,-0.781488916,-1.56905443,-0.726998583,0.983033829,-1.263326408,0.597440687,-0.315141115,-0.588514275,1.588225698,0
-1.44460036,1.162206796,0.107308958,1.622966363,-0.398188716,1.614832614,-0.102856919,0.664814541,0.525345467,-0.608531167,1.031642839,0.604289863,1.440451283,1.554293264,-0.575692501,1.27960868,-0.724659511,-0.228186526,0.077901636,1.536011617,0.597440687,0.622765102,0.913326748,1.588225698,0
-1.534926168,-0.86043207,1.396606212,1.622966363,-0.398188716,1.614832614,-1.194106332,-1.001449504,-1.543197329,-1.674446452,-0.039856426,0.604289863,0.697553992,0.6216023,0.286378885,-0.781488916,0.119735408,-1.724622695,-1.55133631,-1.263326408,-1.329097671,1.560671319,-1.339434787,0.632343664,0
-0.451016473,1.162206796,0.107308958,1.622966363,-0.398188716,-0.676732128,-0.246506349,1.262960608,-0.379642006,-0.342052346,0.317309996,0.604289863,-0.788240591,0.6216023,-1.137912969,1.27960868,0.119735408,0.021219502,0.983033829,-0.330213733,0.597440687,-0.315141115,-0.363238122,-0.32353837,1
0.271589991,-0.86043207,-1.181988297,0.886616309,-0.398188716,-0.676732128,-1.279404513,-1.129623661,-1.284629479,1.523299402,0.674476417,-1.304489412,0.697553992,-0.311088663,0.811117989,1.27960868,-1.146856971,0.395328544,-1.732362748,-1.263326408,-1.329097671,0.622765102,0.537866492,-1.279420405,0
-0.451016473,-0.86043207,-1.181988297,0.886616309,-0.398188716,-1.440587041,1.559748481,-0.70237647,-1.672481254,0.457384117,1.745975682,0.604289863,-1.531137883,1.554293264,-0.688136594,1.27960868,-0.302462052,-0.976404611,1.164060267,0.602898942,0.597440687,-1.253047332,-1.639802992,0.632343664,0
-1.715577784,1.162206796,1.396606212,-0.586083797,-1.339678653,0.8509777,1.099421956,0.152117912,0.913197242,-1.407967631,-1.468522111,-1.304489412,0.697553992,-0.311088663,1.223413,-0.781488916,-1.56905443,-0.103483512,1.345086706,-0.330213733,-1.329097671,-0.315141115,-0.438330173,-1.279420405,0
0.632893223,-0.86043207,0.107308958,-1.32243385,1.484791158,0.8509777,0.601005031,-1.770494447,-1.02606163,-0.075573525,1.031642839,-1.304489412,1.440451283,-1.243779626,-0.350804313,-0.781488916,1.808525246,-0.726998583,0.439954513,0.602898942,0.597440687,0.622765102,1.363879055,-1.279420405,0
0.994196455,1.162206796,-1.181988297,1.622966363,0.543301221,1.614832614,1.257051373,0.835713417,-0.250358081,-0.342052346,-0.397022847,1.5586795,-0.0453433,1.554293264,-1.325319792,-0.781488916,-1.56905443,1.767061699,-1.008256994,0.602898942,-0.365828492,-0.315141115,0.312590339,-1.279420405,0
0.542567415,1.162206796,0.107308958,-1.32243385,0.543301221,-1.440587041,1.208020115,0.792988698,1.301049016,-0.608531167,1.38880926,-1.304489412,0.697553992,-0.311088663,1.898077562,-0.781488916,0.541932867,-1.350513653,-0.827230556,0.602898942,-0.365828492,0.622765102,-1.489618889,-1.279420405,0
-0.089713241,1.162206796,0.107308958,0.886616309,-0.398188716,0.8509777,0.718720573,-1.044174223,0.008209768,-0.875009989,-1.468522111,-1.304489412,0.697553992,-0.311088663,1.185931635,-0.781488916,0.964130327,0.520031558,-1.732362748,-1.263326408,0.597440687,0.622765102,-1.714895043,-0.32353837,0
0.271589991,1.162206796,1.396606212,0.886616309,0.543301221,-1.440587041,-0.344771475,-1.129623661,0.913197242,-0.875009989,-1.11135569,-0.350099774,0.697553992,0.6216023,-0.463248407,-0.781488916,-0.724659511,0.021219502,-0.103124802,-1.263326408,-1.329097671,-0.315141115,1.739339311,-0.32353837,0
-0.812319705,1.162206796,-1.181988297,0.886616309,-0.398188716,-1.440587041,-1.387192238,1.092061731,-1.543197329,-0.342052346,0.317309996,0.604289863,1.440451283,1.554293264,-0.200878855,-0.781488916,-1.56905443,0.644734572,-1.008256994,-1.263326408,0.597440687,-1.253047332,1.363879055,-0.32353837,0
1.265173879,-0.86043207,1.396606212,-1.32243385,-1.339678653,1.614832614,0.646389336,-0.189679841,1.68890079,-0.875009989,1.745975682,-1.304489412,0.697553992,-1.243779626,-1.512726615,1.27960868,0.964130327,1.268249643,-1.732362748,-1.263326408,1.560709866,1.560671319,-0.588514275,0.632343664,1
1.084522263,-0.86043207,1.396606212,0.886616309,-1.339678653,-1.440587041,-0.051596967,1.647483079,0.783913317,-0.608531167,-1.468522111,0.604289863,1.440451283,-1.243779626,0.323860249,-0.781488916,-0.724659511,0.769437586,0.077901636,-0.330213733,1.560709866,0.622765102,1.589155209,0.632343664,0
1.084522263,-0.86043207,-1.181988297,-0.586083797,1.484791158,-0.676732128,0.251100141,1.17751117,0.654629392,1.523299402,-0.397022847,-1.304489412,1.440451283,1.554293264,-1.100431605,-0.781488916,0.541932867,-0.477592555,-0.646204118,-1.263326408,-1.329097671,1.560671319,1.739339311,0.632343664,0
1.445825495,1.162206796,-1.181988297,0.886616309,-1.339678653,-0.676732128,0.002904721,1.60475836,-1.284629479,-0.342052346,1.031642839,1.5586795,-0.0453433,1.554293264,1.598226645,-0.781488916,0.541932867,0.8941406,1.345086706,-0.330213733,0.597440687,-1.253047332,-1.639802992,-0.32353837,0
-0.812319705,1.162206796,0.107308958,0.150266256,-1.339678653,0.087122786,-1.274947126,-0.189679841,1.171765091,-0.608531167,1.745975682,-0.350099774,-1.531137883,-0.311088663,0.024009333,1.27960868,-0.302462052,1.767061699,1.707139582,0.602898942,0.597440687,1.560671319,0.913326748,-1.279420405,0
-1.625251976,1.162206796,-1.181988297,-1.32243385,1.484791158,1.614832614,0.632206741,-0.317853998,-0.896777705,-0.075573525,-0.039856426,-1.304489412,1.440451283,0.6216023,-1.100431605,1.27960868,0.541932867,-0.35288954,-0.103124802,-0.330213733,-0.365828492,1.560671319,-1.714895043,-0.32353837,1
-1.805903592,-0.86043207,0.107308958,0.150266256,0.543301221,0.087122786,-0.26534894,-0.146955122,0.913197242,0.457384117,1.38880926,0.604289863,-0.788240591,0.6216023,-0.500729771,1.27960868,-0.302462052,-0.851701597,0.80200739,1.536011617,-1.329097671,-0.315141115,1.138602902,0.632343664,0
1.084522263,1.162206796,0.107308958,0.886616309,-0.398188716,-0.676732128,-1.534286013,0.066668473,-1.801765179,0.723862938,0.317309996,1.5586795,0.697553992,0.6216023,-0.838062053,-0.781488916,1.386327786,0.145922516,-1.189283433,-1.263326408,1.560709866,-0.315141115,-0.062869917,1.588225698,0
1.716802918,-0.86043207,0.107308958,-0.586083797,-0.398188716,0.087122786,0.165396743,-1.685045009,-0.896777705,-0.075573525,-1.468522111,0.604289863,-0.788240591,1.554293264,0.848599354,1.27960868,1.808525246,0.520031558,0.983033829,1.536011617,1.560709866,-1.253047332,0.162406236,0.632343664,0
-0.99297132,-0.86043207,-1.181988297,1.622966363,0.543301221,1.614832614,-1.133121172,-0.787825908,1.171765091,-0.075573525,0.317309996,1.5586795,0.697553992,0.6216023,-0.65065523,1.27960868,-1.146856971,1.517655671,0.80200739,-0.330213733,-1.329097671,-0.315141115,-0.963974531,-1.279420405,0
0.723219031,1.162206796,1.396606212,0.886616309,1.484791158,1.614832614,0.928825594,1.092061731,0.396061543,-0.875009989,0.317309996,-0.350099774,-0.0453433,-0.311088663,-1.812577532,-0.781488916,0.964130327,-0.477592555,0.80200739,-1.263326408,1.560709866,0.622765102,1.363879055,-0.32353837,0
-0.721993897,1.162206796,0.107308958,-0.586083797,0.543301221,-1.440587041,-0.577771257,-0.574202313,0.654629392,-1.674446452,0.317309996,1.5586795,1.440451283,1.554293264,-1.212875699,-0.781488916,1.808525246,1.143546628,0.258928075,1.536011617,-1.329097671,-1.253047332,-1.714895043,1.588225698,0
-0.812319705,-0.86043207,1.396606212,-1.32243385,-1.339678653,0.8509777,-1.437641756,1.391134765,1.68890079,1.789778223,1.031642839,0.604289863,-1.531137883,1.554293264,-1.512726615,-0.781488916,1.808525246,-1.350513653,-0.465177679,-1.263326408,1.560709866,-0.315141115,-0.963974531,1.588225698,0
0.903870647,1.162206796,1.396606212,0.150266256,1.484791158,-1.440587041,-0.572098218,1.049337012,0.137493693,0.190905296,0.317309996,0.604289863,1.440451283,0.6216023,1.298375729,1.27960868,0.119735408,1.018843614,-0.465177679,-0.330213733,1.560709866,-0.315141115,0.012222134,-1.279420405,0
-1.715577784,-0.86043207,-1.181988297,0.150266256,1.484791158,1.614832614,0.802195277,-0.616927032,0.396061543,-0.875009989,-0.039856426,-1.304489412,0.697553992,-1.243779626,-0.16339749,-0.781488916,-1.56905443,-0.477592555,1.345086706,1.536011617,-1.329097671,-1.253047332,-1.039066582,-0.32353837,0
1.265173879,1.162206796,1.396606212,0.150266256,1.484791158,-0.676732128,0.199029755,1.262960608,0.654629392,-1.674446452,-1.11135569,1.5586795,-1.531137883,-1.243779626,1.748152104,-0.781488916,0.541932867,-1.849325709,-0.827230556,-0.330213733,-1.329097671,0.622765102,-0.738698378,1.588225698,0
0.181264183,1.162206796,1.396606212,-1.32243385,-0.398188716,-0.676732128,-0.291282829,1.049337012,-0.379642006,-0.608531167,-0.397022847,0.604289863,1.440451283,-0.311088663,0.623711166,-0.781488916,1.386327786,0.520031558,-1.008256994,1.536011617,1.560709866,-1.253047332,-0.738698378,0.632343664,0
-0.360690665,-0.86043207,-1.181988297,-0.586083797,0.543301221,-1.440587041,-0.402514899,0.323016788,-0.250358081,1.789778223,1.745975682,-1.304489412,-1.531137883,0.6216023,-0.65065523,-0.781488916,-1.56905443,1.517655671,-1.55133631,0.602898942,1.560709866,-0.315141115,-1.264342736,-1.279420405,0
0.452241607,1.162206796,0.107308958,-1.32243385,1.484791158,1.614832614,-0.856155344,-0.830550627,-0.250358081,1.789778223,-0.039856426,-0.350099774,0.697553992,0.6216023,-0.16339749,-0.781488916,-1.146856971,0.021219502,0.258928075,0.602898942,-0.365828492,-0.315141115,-0.062869917,1.588225698,1
-1.173622936,-0.86043207,1.396606212,0.150266256,1.484791158,-0.676732128,-0.784229324,-1.257797818,-0.638209856,0.190905296,1.745975682,0.604289863,-0.0453433,1.554293264,-1.512726615,-0.781488916,-1.56905443,1.767061699,-1.189283433,0.602898942,0.597440687,-1.253047332,1.438971106,-1.279420405,0
0.723219031,1.162206796,-1.181988297,0.886616309,1.484791158,1.614832614,0.84251437,1.092061731,-1.02606163,-0.875009989,-0.397022847,-1.304489412,-0.0453433,1.554293264,-0.725617959,1.27960868,0.119735408,-0.477592555,0.439954513,0.602898942,-1.329097671,0.622765102,-0.137961968,-0.32353837,0
0.452241607,-0.86043207,1.396606212,1.622966363,0.543301221,-0.676732128,-1.672262406,-1.086898942,1.301049016,1.523299402,-1.11135569,0.604289863,1.440451283,0.6216023,1.298375729,-0.781488916,-1.146856971,-0.851701597,1.164060267,0.602898942,-1.329097671,0.622765102,0.913326748,-0.32353837,0
-0.99297132,-0.86043207,1.396606212,-1.32243385,-0.398188716,1.614832614,1.165472329,-0.061505684,-0.121074156,1.256820581,0.674476417,1.5586795,-0.788240591,1.554293264,-0.425767042,1.27960868,-0.302462052,-0.35288954,0.983033829,-0.330213733,0.597440687,1.560671319,0.237498288,-0.32353837,1
0.452241607,1.162206796,0.107308958,-1.32243385,-1.339678653,0.087122786,-0.740668495,0.579365102,1.171765091,0.190905296,1.745975682,-1.304489412,0.697553992,0.6216023,0.398822979,1.27960868,-1.56905443,0.145922516,-0.284151241,0.602898942,-0.365828492,0.622765102,-1.639802992,0.632343664,0
1.174848071,-0.86043207,1.396606212,-0.586083797,-0.398188716,1.614832614,-0.227866367,1.690207798,0.137493693,0.190905296,1.745975682,1.5586795,1.440451283,-0.311088663,-1.812577532,-0.781488916,0.964130327,0.145922516,-1.732362748,-0.330213733,1.560709866,-1.253047332,1.138602902,1.588225698,0
-1.263948744,1.162206796,-1.181988297,-0.586083797,1.484791158,1.614832614,-0.578581691,-1.343247256,0.008209768,-1.14148881,-1.11135569,-0.350099774,1.440451283,1.554293264,-1.662652074,1.27960868,1.386327786,-1.475216667,0.80200739,0.602898942,1.560709866,0.622765102,1.66424726,-0.32353837,0
-1.534926168,1.162206796,1.396606212,-1.32243385,-0.398188716,-1.440587041,0.280073158,1.647483079,-0.379642006,0.457384117,-1.468522111,1.5586795,-0.0453433,0.6216023,0.511267072,1.27960868,0.119735408,-0.228186526,0.258928075,-1.263326408,-0.365828492,0.622765102,-0.363238122,0.632343664,0
-0.902645512,1.162206796,0.107308958,0.150266256,-0.398188716,0.087122786,-0.789699754,-1.129623661,-0.76749378,-1.14148881,-0.039856426,-1.304489412,-1.531137883,1.554293264,1.860596198,1.27960868,-1.146856971,0.395328544,-1.008256994,0.602898942,-0.365828492,1.560671319,-1.264342736,-0.32353837,0
0.723219031,-0.86043207,0.107308958,1.622966363,-1.339678653,0.8509777,1.364231273,-0.574202313,-0.896777705,-1.674446452,-1.468522111,0.604289863,0.697553992,-0.311088663,-0.500729771,-0.781488916,1.386327786,-1.101107625,1.345086706,-1.263326408,0.597440687,0.622765102,-0.88888248,-0.32353837,0
1.355499687,-0.86043207,-1.181988297,-0.586083797,0.543301221,-1.440587041,-1.420622641,1.348410046,0.396061543,-1.407967631,-1.468522111,-1.304489412,-1.531137883,1.554293264,0.586229802,1.27960868,-1.56905443,1.392952657,1.707139582,-0.330213733,0.597440687,1.560671319,-1.56471094,1.588225698,0
0.361915799,1.162206796,0.107308958,0.150266256,0.543301221,0.8509777,1.50565201,-0.873275346,1.042481167,-0.342052346,-1.468522111,1.5586795,0.697553992,0.6216023,1.073487541,1.27960868,0.964130327,-1.599919681,-1.55133631,0.602898942,1.560709866,1.560671319,1.739339311,0.632343664,0
0.000612567,1.162206796,1.396606212,0.886616309,-0.398188716,-0.676732128,1.575957162,1.60475836,0.396061543,1.256820581,0.317309996,1.5586795,-0.788240591,1.554293264,0.886080718,1.27960868,-1.56905443,-1.849325709,-1.189283433,1.536011617,-0.365828492,0.622765102,-1.414526838,-0.32353837,0
1.355499687,-0.86043207,0.107308958,-0.586083797,-0.398188716,0.8509777,-0.048152622,-1.813219166,-0.250358081,0.723862938,1.38880926,0.604289863,-0.0453433,1.554293264,1.673189375,1.27960868,0.541932867,-0.477592555,0.80200739,-0.330213733,-0.365828492,-0.315141115,-1.189250685,0.632343664,0
-0.99297132,1.162206796,-1.181988297,0.150266256,0.543301221,1.614832614,-0.13385602,1.519308922,1.68890079,-1.407967631,1.745975682,-0.350099774,-0.788240591,0.6216023,-0.950506146,-0.781488916,0.541932867,-0.103483512,-0.827230556,0.602898942,1.560709866,-1.253047332,-0.738698378,0.632343664,1
1.445825495,1.162206796,0.107308958,0.150266256,0.543301221,0.8509777,-1.297841887,-0.488752875,1.559616866,-0.342052346,-1.468522111,-1.304489412,1.440451283,-1.243779626,-1.700133438,-0.781488916,0.119735408,-0.602295569,0.258928075,-0.330213733,1.560709866,-1.253047332,0.913326748,-0.32353837,1
-1.083297128,-0.86043207,0.107308958,1.622966363,-1.339678653,-1.440587041,-0.551229542,-1.471421413,0.396061543,1.789778223,-0.039856426,0.604289863,-0.0453433,1.554293264,1.073487541,1.27960868,-1.146856971,-0.726998583,1.345086706,1.536011617,1.560709866,0.622765102,-1.264342736,-0.32353837,0
0.271589991,1.162206796,0.107308958,1.622966363,1.484791158,-1.440587041,-0.25055852,-1.215073099,0.008209768,-1.674446452,1.38880926,0.604289863,1.440451283,1.554293264,1.485782552,-0.781488916,-1.146856971,-1.724622695,1.707139582,0.602898942,1.560709866,-1.253047332,-1.264342736,-1.279420405,0
1.265173879,-0.86043207,-1.181988297,0.886616309,-0.398188716,0.8509777,1.155139295,-0.659651751,-1.413913404,0.99034176,1.38880926,0.604289863,-0.788240591,-0.311088663,0.698673895,-0.781488916,1.808525246,1.268249643,-1.189283433,1.536011617,1.560709866,-1.253047332,1.66424726,1.588225698,0
1.265173879,1.162206796,0.107308958,0.150266256,0.543301221,-1.440587041,-0.462487017,-0.830550627,0.266777618,1.523299402,-1.468522111,-1.304489412,0.697553992,-1.243779626,-0.913024782,1.27960868,0.119735408,1.642358685,-1.732362748,0.602898942,0.597440687,1.560671319,0.612958543,-0.32353837,0
1.355499687,-0.86043207,0.107308958,0.150266256,-0.398188716,-1.440587041,1.245705297,0.70753926,-1.284629479,-1.674446452,1.031642839,-1.304489412,1.440451283,-0.311088663,0.923562083,-0.781488916,0.119735408,-1.475216667,0.80200739,-1.263326408,1.560709866,-0.315141115,-1.189250685,-1.279420405,0
-0.270364857,1.162206796,1.396606212,1.622966363,-0.398188716,0.8509777,-1.514025163,-0.360578717,0.913197242,-0.608531167,-1.468522111,-1.304489412,-1.531137883,0.6216023,1.860596198,-0.781488916,0.964130327,0.145922516,1.345086706,-0.330213733,-0.365828492,-1.253047332,-0.88888248,1.588225698,0
1.62647711,1.162206796,-1.181988297,-0.586083797,0.543301221,0.087122786,1.297370466,-0.70237647,0.137493693,0.723862938,1.031642839,-0.350099774,0.697553992,0.6216023,-1.587689344,1.27960868,0.541932867,0.145922516,0.620980952,1.536011617,-1.329097671,-0.315141115,-1.039066582,-0.32353837,0
0.994196455,-0.86043207,0.107308958,-0.586083797,-1.339678653,0.087122786,0.356253956,1.690207798,-0.76749378,1.523299402,-1.468522111,0.604289863,0.697553992,-0.311088663,-1.362801157,1.27960868,-1.146856971,1.517655671,-1.370309871,-0.330213733,0.597440687,-1.253047332,-0.738698378,0.632343664,0
0.271589991,1.162206796,-1.181988297,-1.32243385,-0.398188716,-0.676732128,-0.809960604,1.391134765,-0.638209856,0.99034176,-0.039856426,1.5586795,-0.788240591,1.554293264,0.698673895,-0.781488916,-1.56905443,1.767061699,0.80200739,1.536011617,-0.365828492,-0.315141115,-1.114158633,1.588225698,0
0.181264183,-0.86043207,0.107308958,1.622966363,-1.339678653,-1.440587041,1.69954835,-1.001449504,1.171765091,0.457384117,1.031642839,1.5586795,-0.788240591,-1.243779626,-0.238360219,-0.781488916,0.119735408,-0.976404611,-1.008256994,-0.330213733,-1.329097671,-0.315141115,1.06351085,0.632343664,0
0.994196455,1.162206796,0.107308958,-1.32243385,0.543301221,0.8509777,-1.612492897,0.921162855,0.396061543,1.789778223,0.317309996,0.604289863,-0.0453433,-0.311088663,0.286378885,-0.781488916,-0.302462052,0.8941406,-1.370309871,-0.330213733,0.597440687,-1.253047332,0.462774441,-1.279420405,0
1.445825495,-0.86043207,0.107308958,1.622966363,1.484791158,-1.440587041,0.81131266,1.775657237,0.266777618,0.190905296,1.38880926,1.5586795,-0.0453433,-0.311088663,-0.500729771,-0.781488916,-0.724659511,-0.228186526,-0.646204118,-0.330213733,1.560709866,1.560671319,-1.414526838,-0.32353837,1
-0.812319705,-0.86043207,1.396606212,0.886616309,1.484791158,1.614832614,-1.475529547,0.23756735,0.396061543,-1.14148881,-1.468522111,-0.350099774,-1.531137883,0.6216023,-1.325319792,1.27960868,-1.146856971,1.018843614,-0.827230556,-1.263326408,0.597440687,-0.315141115,-1.714895043,-1.279420405,0
-0.721993897,-0.86043207,1.396606212,0.150266256,-0.398188716,-1.440587041,0.483492098,-1.813219166,-1.02606163,-1.14148881,1.38880926,-0.350099774,0.697553992,1.554293264,1.223413,1.27960868,-1.146856971,1.642358685,-1.732362748,0.602898942,1.560709866,-0.315141115,-1.714895043,-0.32353837,1
0.181264183,-0.86043207,1.396606212,0.886616309,0.543301221,-1.440587041,1.007842911,-1.428696694,-1.413913404,-1.674446452,-1.468522111,-1.304489412,-1.531137883,-1.243779626,0.848599354,1.27960868,-0.302462052,-1.475216667,1.526113144,-1.263326408,1.560709866,-1.253047332,-0.288146071,-0.32353837,0
0.361915799,1.162206796,-1.181988297,1.622966363,-1.339678653,0.087122786,-0.441010515,0.152117912,1.430332941,1.789778223,1.745975682,-1.304489412,-1.531137883,-0.311088663,1.748152104,1.27960868,-1.146856971,-1.225810639,-0.646204118,-0.330213733,1.560709866,-0.315141115,1.889523413,0.632343664,0
1.265173879,1.162206796,-1.181988297,0.150266256,-0.398188716,0.8509777,1.65760839,0.664814541,-1.284629479,-1.14148881,1.745975682,-1.304489412,-0.788240591,-1.243779626,-0.838062053,1.27960868,-0.302462052,1.642358685,-1.189283433,1.536011617,-1.329097671,-0.315141115,-0.963974531,-1.279420405,1
0.813544839,-0.86043207,1.396606212,-0.586083797,0.543301221,-1.440587041,-0.028296988,0.792988698,1.68890079,1.789778223,-0.754189269,-1.304489412,-1.531137883,-1.243779626,-0.463248407,-0.781488916,-0.724659511,0.395328544,0.258928075,-0.330213733,0.597440687,1.560671319,0.162406236,0.632343664,0
-0.360690665,-0.86043207,-1.181988297,-0.586083797,0.543301221,0.087122786,-0.499564373,-1.086898942,1.042481167,1.256820581,-1.468522111,-1.304489412,-1.531137883,-0.311088663,1.410819822,-0.781488916,1.808525246,1.392952657,1.707139582,0.602898942,1.560709866,-0.315141115,1.514063157,0.632343664,0
-0.089713241,-0.86043207,0.107308958,-1.32243385,-1.339678653,-0.676732128,-0.09860214,0.109393193,0.137493693,1.256820581,-0.754189269,1.5586795,1.440451283,-1.243779626,0.811117989,1.27960868,0.964130327,1.642358685,1.345086706,-1.263326408,-0.365828492,1.560671319,-1.56471094,0.632343664,0
0.361915799,1.162206796,0.107308958,1.622966363,-0.398188716,0.087122786,-1.041744735,-0.488752875,-1.543197329,1.256820581,-1.11135569,1.5586795,-0.0453433,0.6216023,0.998524812,1.27960868,-0.724659511,1.018843614,-0.284151241,0.602898942,0.597440687,-0.315141115,-1.339434787,-1.279420405,1
0.090938375,1.162206796,0.107308958,1.622966363,0.543301221,0.087122786,-1.557383383,-0.70237647,1.430332941,1.523299402,-1.11135569,-1.304489412,-0.0453433,1.554293264,-0.913024782,1.27960868,1.386327786,-1.475216667,1.526113144,1.536011617,-0.365828492,-0.315141115,1.438971106,-0.32353837,0
-0.721993897,1.162206796,1.396606212,-0.586083797,0.543301221,0.087122786,-0.456206153,-1.086898942,0.396061543,0.99034176,1.38880926,-0.350099774,0.697553992,1.554293264,0.661192531,-0.781488916,1.808525246,-1.599919681,-1.189283433,0.602898942,-1.329097671,1.560671319,1.589155209,-0.32353837,0
-0.180039049,1.162206796,-1.181988297,0.886616309,0.543301221,-1.440587041,0.283517502,-0.189679841,1.818184715,-1.674446452,1.031642839,1.5586795,-0.0453433,1.554293264,1.523263916,-0.781488916,0.964130327,0.520031558,-1.732362748,-1.263326408,-1.329097671,1.560671319,-0.963974531,-1.279420405,0
1.355499687,-0.86043207,1.396606212,0.150266256,-1.339678653,-1.440587041,-0.972047409,0.23756735,1.042481167,0.190905296,-1.468522111,-0.350099774,0.697553992,0.6216023,-1.700133438,-0.781488916,0.541932867,-1.225810639,-0.284151241,1.536011617,0.597440687,0.622765102,-1.189250685,-0.32353837,1
-0.812319705,-0.86043207,-1.181988297,0.886616309,-0.398188716,-0.676732128,-1.1957272,1.647483079,0.783913317,-1.674446452,-0.397022847,-0.350099774,1.440451283,0.6216023,1.898077562,1.27960868,-0.302462052,1.392952657,0.80200739,0.602898942,-1.329097671,-0.315141115,0.38768239,-1.279420405,0
-0.180039049,-0.86043207,0.107308958,0.886616309,-0.398188716,1.614832614,-0.315798458,0.023943754,-0.121074156,-0.608531167,-1.468522111,0.604289863,-0.0453433,0.6216023,1.110968906,1.27960868,0.119735408,0.8941406,-0.465177679,-1.263326408,-1.329097671,1.560671319,-1.039066582,-1.279420405,0
-0.812319705,1.162206796,1.396606212,-0.586083797,-0.398188716,1.614832614,-0.697107667,1.220235889,0.008209768,0.457384117,-1.468522111,0.604289863,1.440451283,1.554293264,1.748152104,1.27960868,1.386327786,-1.101107625,0.80200739,-1.263326408,0.597440687,-0.315141115,0.763142646,-0.32353837,0
-1.083297128,1.162206796,-1.181988297,-0.586083797,-0.398188716,1.614832614,-0.138921233,0.451190945,0.266777618,-0.075573525,-0.397022847,-1.304489412,-0.0453433,-1.243779626,1.63570801,1.27960868,-0.724659511,-0.228186526,0.80200739,-0.330213733,-0.365828492,-0.315141115,0.012222134,1.588225698,0
-1.263948744,1.162206796,-1.181988297,-0.586083797,1.484791158,-0.676732128,1.461888573,-0.403303436,-1.801765179,-0.875009989,-1.11135569,-0.350099774,-0.0453433,0.6216023,0.923562083,1.27960868,-1.146856971,-0.477592555,1.345086706,0.602898942,1.560709866,-0.315141115,1.66424726,0.632343664,0
0.632893223,-0.86043207,0.107308958,-1.32243385,1.484791158,1.614832614,0.603436333,1.17751117,1.301049016,0.99034176,-0.754189269,1.5586795,1.440451283,-0.311088663,1.335857093,-0.781488916,-0.724659511,0.021219502,-0.646204118,1.536011617,0.597440687,-1.253047332,1.814431362,-1.279420405,0
-0.631668089,-0.86043207,1.396606212,0.886616309,-0.398188716,1.614832614,-0.762144997,-0.317853998,0.783913317,0.457384117,1.38880926,0.604289863,-1.531137883,0.6216023,-1.250357063,1.27960868,0.964130327,0.520031558,1.345086706,-0.330213733,0.597440687,0.622765102,-0.513422224,-1.279420405,0
0.903870647,1.162206796,1.396606212,1.622966363,-1.339678653,0.087122786,-1.703464116,-1.086898942,0.266777618,0.457384117,-1.11135569,0.604289863,-1.531137883,-0.311088663,-1.137912969,-0.781488916,1.386327786,-0.976404611,0.983033829,0.602898942,1.560709866,-1.253047332,0.612958543,1.588225698,1
-0.180039049,-0.86043207,1.396606212,0.150266256,1.484791158,-1.440587041,1.495521585,-0.23240456,1.042481167,-1.407967631,-0.397022847,-0.350099774,-1.531137883,1.554293264,-0.763099324,-0.781488916,-1.56905443,0.8941406,-1.55133631,0.602898942,-0.365828492,0.622765102,-0.963974531,-1.279420405,1
-0.451016473,1.162206796,0.107308958,-1.32243385,0.543301221,-1.440587041,0.81131266,0.664814541,1.301049016,0.723862938,-1.468522111,0.604289863,-1.531137883,-0.311088663,0.061490697,-0.781488916,0.964130327,-1.724622695,-1.189283433,1.536011617,1.560709866,-0.315141115,0.763142646,-1.279420405,0
-1.44460036,1.162206796,1.396606212,1.622966363,1.484791158,0.087122786,-0.190586402,-1.471421413,-0.508925931,0.723862938,-1.11135569,0.604289863,-0.0453433,0.6216023,-1.175394334,-0.781488916,1.808525246,-0.35288954,1.707139582,-0.330213733,1.560709866,-0.315141115,0.012222134,-0.32353837,1
1.265173879,-0.86043207,0.107308958,0.886616309,0.543301221,0.087122786,1.343159988,1.262960608,0.266777618,0.99034176,-0.039856426,1.5586795,-0.788240591,0.6216023,0.323860249,-0.781488916,-0.724659511,-0.976404611,0.983033829,-0.330213733,-0.365828492,1.560671319,-1.414526838,-0.32353837,0
-0.812319705,1.162206796,0.107308958,-0.586083797,-0.398188716,0.087122786,-0.781595414,1.220235889,1.430332941,1.256820581,1.745975682,-0.350099774,1.440451283,-1.243779626,-0.200878855,1.27960868,-0.724659511,1.143546628,-1.370309871,1.536011617,-0.365828492,0.622765102,0.38768239,1.588225698,1
0.361915799,-0.86043207,0.107308958,0.886616309,1.484791158,-1.440587041,0.973196857,0.323016788,-0.121074156,-0.342052346,-1.468522111,0.604289863,-0.788240591,1.554293264,-1.250357063,1.27960868,1.386327786,0.644734572,-1.55133631,-0.330213733,1.560709866,0.622765102,1.814431362,-1.279420405,0
0.000612567,1.162206796,-1.181988297,0.150266256,-1.339678653,1.614832614,-0.555889538,-0.360578717,1.818184715,-0.875009989,0.674476417,-0.350099774,-0.788240591,-0.311088663,0.586229802,1.27960868,-0.302462052,0.520031558,-1.370309871,-1.263326408,1.560709866,-1.253047332,1.814431362,0.632343664,0
1.355499687,-0.86043207,1.396606212,-1.32243385,1.484791158,0.087122786,0.455937341,1.647483079,0.654629392,0.190905296,-0.397022847,0.604289863,0.697553992,1.554293264,-1.775096167,-0.781488916,1.386327786,0.021219502,-1.008256994,1.536011617,0.597440687,0.622765102,0.763142646,-0.32353837,0
0.181264183,-0.86043207,1.396606212,-1.32243385,1.484791158,-0.676732128,0.668271055,-1.64232029,0.525345467,1.256820581,0.317309996,1.5586795,-1.531137883,0.6216023,0.24889752,-0.781488916,0.119735408,-1.475216667,-1.55133631,0.602898942,-0.365828492,-0.315141115,-0.588514275,0.632343664,0
-0.451016473,-0.86043207,0.107308958,0.150266256,1.484791158,0.087122786,1.579198898,-1.257797818,0.783913317,0.99034176,1.031642839,-0.350099774,-0.0453433,-1.243779626,1.110968906,-0.781488916,-0.724659511,1.642358685,1.526113144,1.536011617,-1.329097671,1.560671319,0.087314185,0.632343664,0
1.62647711,1.162206796,0.107308958,1.622966363,-0.398188716,0.8509777,0.90491779,-0.574202313,-1.02606163,-0.075573525,0.317309996,0.604289863,-1.531137883,0.6216023,-0.800580688,-0.781488916,-0.302462052,0.021219502,1.707139582,-1.263326408,-0.365828492,-1.253047332,0.988418799,1.588225698,0
1.62647711,1.162206796,1.396606212,1.622966363,-1.339678653,0.087122786,1.713730946,-1.685045009,1.171765091,-0.075573525,-1.11135569,1.5586795,-1.531137883,0.6216023,0.586229802,-0.781488916,-0.302462052,0.520031558,-1.55133631,1.536011617,1.560709866,1.560671319,-1.189250685,1.588225698,0
-0.631668089,-0.86043207,0.107308958,-1.32243385,1.484791158,-1.440587041,1.249960076,-0.189679841,-0.250358081,0.99034176,-1.468522111,0.604289863,-0.788240591,0.6216023,-1.662652074,-0.781488916,1.386327786,-1.225810639,-1.55133631,0.602898942,1.560709866,0.622765102,0.38768239,-1.279420405,0
0.903870647,-0.86043207,1.396606212,-1.32243385,-1.339678653,0.087122786,-1.676719793,1.732932518,0.396061543,0.723862938,1.031642839,-0.350099774,0.697553992,-0.311088663,-1.025468876,1.27960868,0.541932867,1.392952657,1.707139582,0.602898942,1.560709866,0.622765102,1.66424726,1.588225698,1
-1.44460036,1.162206796,-1.181988297,-0.586083797,-0.398188716,0.8509777,1.718390941,0.878438136,1.042481167,0.457384117,1.031642839,0.604289863,-1.531137883,0.6216023,1.898077562,-0.781488916,0.964130327,-1.475216667,1.345086706,1.536011617,1.560709866,-1.253047332,0.087314185,-0.32353837,0
1.265173879,1.162206796,0.107308958,1.622966363,0.543301221,-0.676732128,0.274805336,-0.787825908,-0.121074156,1.523299402,1.38880926,-0.350099774,1.440451283,1.554293264,-1.362801157,-0.781488916,1.808525246,0.021219502,1.707139582,1.536011617,-1.329097671,0.622765102,1.363879055,-1.279420405,1
0.181264183,1.162206796,1.396606212,0.150266256,1.484791158,1.614832614,1.078755888,-0.659651751,-1.801765179,-0.608531167,0.317309996,-0.350099774,1.440451283,1.554293264,0.586229802,1.27960868,0.541932867,0.8941406,0.620980952,-1.263326408,-0.365828492,1.560671319,-0.062869917,-1.279420405,1
0.723219031,-0.86043207,0.107308958,1.622966363,-1.339678653,0.087122786,0.606880678,1.391134765,-1.02606163,-0.342052346,-1.468522111,0.604289863,-1.531137883,-1.243779626,-1.250357063,-0.781488916,-0.724659511,0.8941406,0.80200739,-1.263326408,-1.329097671,-0.315141115,0.763142646,0.632343664,0
-0.902645512,1.162206796,1.396606212,-0.586083797,-1.339678653,0.8509777,-1.680771963,0.963887574,-0.896777705,-1.674446452,1.38880926,1.5586795,-0.788240591,1.554293264,1.373338458,1.27960868,-0.724659511,0.644734572,0.258928075,0.602898942,-1.329097671,-1.253047332,-1.56471094,0.632343664,0
-0.270364857,1.162206796,1.396606212,-1.32243385,-0.398188716,0.8509777,-1.555154689,1.476584203,0.396061543,-0.342052346,-0.754189269,-1.304489412,-0.788240591,0.6216023,0.548748437,1.27960868,-0.724659511,-0.35288954,0.077901636,-0.330213733,1.560709866,0.622765102,0.462774441,0.632343664,0
-0.812319705,-0.86043207,0.107308958,-1.32243385,1.484791158,-0.676732128,-0.176809023,-0.916000065,-0.76749378,-1.407967631,0.317309996,1.5586795,-0.0453433,0.6216023,-0.65065523,1.27960868,-1.146856971,-1.350513653,0.077901636,-0.330213733,-1.329097671,1.560671319,0.763142646,-1.279420405,0
-1.083297128,1.162206796,-1.181988297,-0.586083797,0.543301221,-1.440587041,-1.150545503,-0.531477594,-1.801765179,-0.342052346,1.745975682,1.5586795,0.697553992,1.554293264,1.14845027,-0.781488916,-1.56905443,-0.103483512,-0.646204118,-0.330213733,1.560709866,-0.315141115,0.612958543,1.588225698,0
-0.99297132,1.162206796,1.396606212,0.150266256,-1.339678653,0.087122786,0.814959613,-0.873275346,1.818184715,0.457384117,1.745975682,0.604289863,-0.788240591,-1.243779626,0.061490697,1.27960868,-1.56905443,1.268249643,0.258928075,-0.330213733,1.560709866,0.622765102,0.38768239,1.588225698,0
-0.360690665,1.162206796,1.396606212,-1.32243385,1.484791158,0.8509777,-0.787268452,0.194842631,0.913197242,0.190905296,1.38880926,1.5586795,-0.0453433,-1.243779626,1.110968906,1.27960868,-0.302462052,-0.976404611,0.983033829,0.602898942,1.560709866,-1.253047332,-1.114158633,1.588225698,0
1.536151302,-0.86043207,1.396606212,0.886616309,0.543301221,-0.676732128,-0.238402009,-1.001449504,0.266777618,0.457384117,-0.754189269,1.5586795,1.440451283,1.554293264,0.323860249,-0.781488916,-0.724659511,-1.101107625,-1.008256994,-0.330213733,-1.329097671,0.622765102,-1.639802992,-1.279420405,0
-1.263948744,-0.86043207,-1.181988297,-1.32243385,-1.339678653,1.614832614,-1.091991645,-0.23240456,0.525345467,1.523299402,-0.039856426,-1.304489412,1.440451283,-0.311088663,-0.125916126,1.27960868,0.119735408,-0.228186526,-1.55133631,-0.330213733,1.560709866,0.622765102,1.138602902,-1.279420405,0
-0.721993897,-0.86043207,-1.181988297,0.886616309,-1.339678653,0.8509777,0.534144224,0.493915664,1.559616866,0.723862938,-0.039856426,1.5586795,1.440451283,-0.311088663,0.098972062,-0.781488916,1.808525246,-1.101107625,0.983033829,1.536011617,-1.329097671,0.622765102,-1.264342736,-1.279420405,0
1.716802918,-0.86043207,0.107308958,-0.586083797,0.543301221,-0.676732128,-1.568729459,1.049337012,-1.155345555,0.190905296,1.745975682,-1.304489412,-1.531137883,-0.311088663,0.511267072,-0.781488916,1.386327786,0.769437586,0.80200739,-0.330213733,-0.365828492,-0.315141115,1.66424726,-1.279420405,0
-1.083297128,-0.86043207,-1.181988297,-0.586083797,0.543301221,-1.440587041,-1.488091274,1.519308922,-1.543197329,-1.14148881,0.674476417,0.604289863,0.697553992,-0.311088663,0.998524812,1.27960868,1.808525246,-1.101107625,0.077901636,1.536011617,1.560709866,-0.315141115,-1.414526838,-1.279420405,0
0.542567415,-0.86043207,0.107308958,-1.32243385,-0.398188716,-1.440587041,-1.391649625,-1.813219166,1.171765091,0.190905296,-0.397022847,-1.304489412,-0.0453433,1.554293264,0.398822979,-0.781488916,0.119735408,0.8941406,-0.827230556,0.602898942,0.597440687,0.622765102,-1.189250685,1.588225698,0
-1.715577784,-0.86043207,0.107308958,1.622966363,1.484791158,0.8509777,0.708387539,-1.556870852,-1.284629479,-0.342052346,-0.397022847,-0.350099774,0.697553992,-1.243779626,0.586229802,-0.781488916,1.386327786,1.268249643,0.439954513,1.536011617,0.597440687,0.622765102,0.612958543,-1.279420405,0
-1.44460036,1.162206796,-1.181988297,0.886616309,1.484791158,0.8509777,0.499092953,0.579365102,-1.672481254,1.523299402,0.674476417,-0.350099774,-1.531137883,0.6216023,1.185931635,1.27960868,-0.302462052,1.767061699,1.526113144,-1.263326408,0.597440687,-1.253047332,-0.438330173,1.588225698,1
0.723219031,1.162206796,0.107308958,0.150266256,-0.398188716,0.087122786,0.585201568,-1.343247256,0.654629392,-0.342052346,1.38880926,-1.304489412,-0.0453433,0.6216023,0.211416156,1.27960868,0.119735408,0.27062553,-0.103124802,1.536011617,0.597440687,0.622765102,1.06351085,-1.279420405,0
1.445825495,-0.86043207,-1.181988297,-1.32243385,-1.339678653,-0.676732128,-1.122585529,-1.64232029,1.301049016,-0.342052346,-0.397022847,-0.350099774,-0.0453433,1.554293264,0.286378885,1.27960868,-0.724659511,1.767061699,1.526113144,-0.330213733,0.597440687,1.560671319,1.66424726,1.588225698,0
1.536151302,1.162206796,0.107308958,0.150266256,0.543301221,0.8509777,1.360179103,0.280292069,-1.413913404,-1.14148881,-0.397022847,0.604289863,-0.788240591,0.6216023,1.598226645,1.27960868,0.119735408,-0.726998583,-1.008256994,1.536011617,-1.329097671,1.560671319,-0.438330173,-0.32353837,0
-0.180039049,1.162206796,-1.181988297,-1.32243385,0.543301221,0.087122786,-0.688800718,-0.061505684,-0.638209856,0.723862938,0.317309996,-0.350099774,0.697553992,-0.311088663,0.811117989,-0.781488916,-0.724659511,0.27062553,-0.646204118,1.536011617,-0.365828492,-1.253047332,1.889523413,-0.32353837,0
-1.173622936,-0.86043207,-1.181988297,1.622966363,0.543301221,0.087122786,1.127179321,-1.343247256,-0.638209856,-1.674446452,0.317309996,-1.304489412,0.697553992,-1.243779626,0.886080718,1.27960868,0.119735408,-0.228186526,0.077901636,0.602898942,-1.329097671,-0.315141115,1.288787004,1.588225698,0
-1.805903592,1.162206796,0.107308958,1.622966363,-1.339678653,0.8509777,-0.278518493,-1.086898942,1.171765091,1.256820581,0.674476417,0.604289863,-0.788240591,1.554293264,1.373338458,1.27960868,0.119735408,-0.726998583,0.620980952,0.602898942,1.560709866,0.622765102,1.589155209,-0.32353837,0
0.090938375,1.162206796,1.396606212,1.622966363,0.543301221,-1.440587041,-1.535906881,0.963887574,0.783913317,1.789778223,-1.468522111,-0.350099774,1.440451283,-1.243779626,-0.875543417,1.27960868,0.541932867,-1.101107625,0.983033829,-0.330213733,-0.365828492,-1.253047332,-0.588514275,-0.32353837,0
-0.360690665,1.162206796,0.107308958,1.622966363,0.543301221,-0.676732128,-1.435210454,1.305685327,-0.508925931,-0.875009989,-0.754189269,0.604289863,-1.531137883,1.554293264,-1.400282521,-0.781488916,1.808525246,1.767061699,1.345086706,-1.263326408,-0.365828492,-0.315141115,-0.213054019,1.588225698,0
-1.263948744,1.162206796,-1.181988297,-0.586083797,-0.398188716,-0.676732128,-0.85797882,1.519308922,1.559616866,0.723862938,1.38880926,-1.304489412,0.697553992,1.554293264,0.811117989,-0.781488916,-1.56905443,1.268249643,-1.189283433,-1.263326408,-0.365828492,-1.253047332,-1.039066582,-1.279420405,1
0.361915799,1.162206796,1.396606212,-0.586083797,-1.339678653,-1.440587041,-1.021483885,-1.129623661,0.137493693,1.256820581,0.317309996,-0.350099774,-0.788240591,1.554293264,-0.125916126,-0.781488916,0.541932867,-1.101107625,-1.732362748,1.536011617,-0.365828492,-0.315141115,1.363879055,-1.279420405,1
-1.534926168,-0.86043207,0.107308958,0.886616309,1.484791158,0.8509777,-1.23645151,1.049337012,1.430332941,-0.342052346,0.317309996,0.604289863,-0.0453433,1.554293264,-0.088434761,-0.781488916,-1.56905443,-1.101107625,0.80200739,-1.263326408,0.597440687,0.622765102,-1.489618889,1.588225698,0
1.355499687,-0.86043207,0.107308958,0.150266256,-0.398188716,-0.676732128,-1.409884391,1.17751117,1.818184715,0.99034176,-0.039856426,0.604289863,-0.788240591,-1.243779626,1.110968906,-0.781488916,0.541932867,-1.350513653,0.620980952,0.602898942,1.560709866,-1.253047332,1.514063157,0.632343664,0
-1.354274552,-0.86043207,0.107308958,-1.32243385,-0.398188716,0.8509777,1.505854619,0.792988698,1.818184715,1.256820581,-0.754189269,-0.350099774,1.440451283,0.6216023,-0.425767042,1.27960868,-1.146856971,-1.849325709,1.526113144,-0.330213733,-0.365828492,0.622765102,-1.189250685,0.632343664,0
0.903870647,1.162206796,1.396606212,-1.32243385,1.484791158,0.8509777,-0.435134868,-0.104230403,0.266777618,0.723862938,-0.039856426,0.604289863,-1.531137883,1.554293264,-1.06295024,-0.781488916,1.386327786,-0.228186526,-1.008256994,-0.330213733,-0.365828492,-1.253047332,1.739339311,-0.32353837,1
-0.180039049,-0.86043207,-1.181988297,-0.586083797,-0.398188716,0.087122786,1.242260952,-0.403303436,0.137493693,-1.407967631,-1.468522111,0.604289863,1.440451283,-0.311088663,-1.325319792,-0.781488916,-0.724659511,0.27062553,-1.189283433,0.602898942,0.597440687,-0.315141115,-0.363238122,0.632343664,0
1.62647711,1.162206796,0.107308958,-1.32243385,-1.339678653,-1.440587041,-0.585065163,1.13478645,-1.02606163,-0.075573525,-0.754189269,-1.304489412,-0.0453433,1.554293264,-1.775096167,-0.781488916,0.541932867,-0.35288954,0.439954513,-0.330213733,-1.329097671,-1.253047332,1.739339311,-0.32353837,0
0.542567415,1.162206796,0.107308958,-0.586083797,0.543301221,0.8509777,-1.125827265,0.066668473,0.137493693,-0.075573525,-0.397022847,-1.304489412,-0.0453433,-1.243779626,0.848599354,1.27960868,0.541932867,1.143546628,1.345086706,1.536011617,-1.329097671,1.560671319,1.213694953,-1.279420405,0
-0.99297132,1.162206796,0.107308958,0.886616309,-1.339678653,1.614832614,1.504841576,0.622089822,-1.543197329,0.99034176,-0.039856426,-1.304489412,-0.0453433,1.554293264,0.773636625,1.27960868,-0.302462052,-0.976404611,0.258928075,-0.330213733,-1.329097671,1.560671319,1.213694953,1.588225698,0
0.452241607,1.162206796,0.107308958,0.150266256,1.484791158,-1.440587041,-0.948342214,0.323016788,1.430332941,-0.875009989,1.745975682,-1.304489412,-0.0453433,-0.311088663,-0.613173865,-0.781488916,0.119735408,-0.976404611,0.80200739,-1.263326408,1.560709866,-1.253047332,-1.114158633,-1.279420405,0
-0.180039049,-0.86043207,0.107308958,0.886616309,1.484791158,-0.676732128,0.298510532,-0.403303436,0.137493693,-0.875009989,1.38880926,-1.304489412,-0.788240591,-1.243779626,-1.625170709,1.27960868,-1.146856971,-0.726998583,-0.284151241,-0.330213733,-1.329097671,1.560671319,0.462774441,1.588225698,0
1.62647711,-0.86043207,-1.181988297,1.622966363,-0.398188716,0.087122786,1.496332019,0.023943754,-0.896777705,-1.674446452,-0.397022847,-1.304489412,-0.0453433,1.554293264,1.523263916,-0.781488916,1.386327786,0.145922516,-1.189283433,-0.330213733,-0.365828492,0.622765102,-0.513422224,0.632343664,0
-1.625251976,1.162206796,-1.181988297,1.622966363,-1.339678653,-0.676732128,-1.397322663,-1.215073099,-0.379642006,1.523299402,-0.754189269,-0.350099774,-0.0453433,-0.311088663,-0.463248407,1.27960868,0.964130327,-1.225810639,-1.008256994,0.602898942,0.597440687,1.560671319,1.213694953,-1.279420405,0
-0.721993897,-0.86043207,0.107308958,1.622966363,-1.339678653,-0.676732128,0.205513227,1.476584203,-1.543197329,-1.407967631,1.745975682,-1.304489412,-0.788240591,-1.243779626,-1.325319792,1.27960868,0.541932867,-0.103483512,-0.284151241,0.602898942,0.597440687,1.560671319,1.514063157,-1.279420405,0
0.632893223,1.162206796,1.396606212,0.886616309,1.484791158,-1.440587041,0.139868071,1.13478645,0.266777618,0.457384117,-1.468522111,0.604289863,-0.0453433,1.554293264,-0.463248407,-0.781488916,0.964130327,-0.103483512,0.439954513,-1.263326408,-1.329097671,0.622765102,-0.663606326,-0.32353837,0
-0.089713241,-0.86043207,-1.181988297,-1.32243385,-1.339678653,-0.676732128,-1.508149516,0.280292069,0.783913317,0.723862938,1.745975682,-0.350099774,1.440451283,-0.311088663,-1.55020798,1.27960868,-1.56905443,1.143546628,-0.103124802,0.602898942,0.597440687,0.622765102,-1.489618889,1.588225698,0
0.632893223,-0.86043207,1.396606212,0.150266256,1.484791158,0.8509777,1.500789406,-0.488752875,0.396061543,0.190905296,0.317309996,0.604289863,1.440451283,-1.243779626,1.036006177,-0.781488916,0.119735408,0.021219502,0.983033829,-1.263326408,-0.365828492,-0.315141115,-1.339434787,0.632343664,1
-1.173622936,1.162206796,-1.181988297,1.622966363,-1.339678653,-0.676732128,0.46829646,1.006612293,-0.508925931,0.190905296,0.674476417,-1.304489412,0.697553992,1.554293264,-1.362801157,-0.781488916,0.964130327,-0.976404611,0.439954513,1.536011617,-1.329097671,0.622765102,-0.588514275,-1.279420405,0
1.62647711,-0.86043207,0.107308958,1.622966363,-1.339678653,0.087122786,-0.361182764,-1.727769728,-1.413913404,0.457384117,1.745975682,-1.304489412,1.440451283,-1.243779626,-0.350804313,-0.781488916,-1.56905443,0.395328544,-1.189283433,-1.263326408,-0.365828492,-1.253047332,0.162406236,1.588225698,0
-1.805903592,1.162206796,-1.181988297,1.622966363,-1.339678653,0.087122786,-0.428651396,1.305685327,0.137493693,-0.075573525,1.031642839,0.604289863,-1.531137883,-0.311088663,1.598226645,1.27960868,-1.146856971,0.520031558,0.439954513,-0.330213733,1.560709866,1.560671319,0.988418799,0.632343664,0
-1.625251976,-0.86043207,0.107308958,0.150266256,1.484791158,1.614832614,-1.420622641,0.323016788,0.266777618,1.523299402,-1.468522111,0.604289863,-1.531137883,1.554293264,0.323860249,1.27960868,1.808525246,-0.103483512,-0.465177679,-1.263326408,-0.365828492,-0.315141115,-0.062869917,-1.279420405,1
-0.721993897,1.162206796,-1.181988297,1.622966363,-0.398188716,0.087122786,1.425824259,1.006612293,-0.76749378,0.457384117,-0.397022847,0.604289863,-1.531137883,1.554293264,-1.175394334,-0.781488916,-0.724659511,-1.599919681,0.439954513,1.536011617,-0.365828492,0.622765102,-0.813790429,1.588225698,0
0.632893223,1.162206796,0.107308958,0.150266256,-1.339678653,-0.676732128,0.424735631,1.391134765,-1.155345555,0.723862938,-0.039856426,1.5586795,-0.788240591,1.554293264,0.286378885,-0.781488916,0.541932867,-1.225810639,0.80200739,-0.330213733,-0.365828492,1.560671319,1.739339311,-0.32353837,1
0.361915799,-0.86043207,0.107308958,1.622966363,1.484791158,0.087122786,1.504031142,0.194842631,1.171765091,1.256820581,-1.11135569,1.5586795,1.440451283,-0.311088663,1.260894364,1.27960868,0.964130327,1.767061699,1.707139582,-1.263326408,-0.365828492,-1.253047332,-0.513422224,-1.279420405,0
1.084522263,-0.86043207,0.107308958,0.886616309,1.484791158,-1.440587041,0.642742383,-1.129623661,1.559616866,-1.407967631,-1.468522111,1.5586795,-1.531137883,0.6216023,-0.425767042,-0.781488916,1.808525246,1.143546628,1.707139582,0.602898942,1.560709866,-1.253047332,0.237498288,1.588225698,0
1.536151302,1.162206796,0.107308958,0.886616309,-1.339678653,0.087122786,1.418327744,-1.556870852,0.654629392,-0.342052346,1.031642839,1.5586795,0.697553992,1.554293264,-0.65065523,1.27960868,0.119735408,-0.976404611,0.439954513,0.602898942,-1.329097671,-0.315141115,-0.137961968,0.632343664,0
-1.354274552,-0.86043207,1.396606212,0.150266256,-1.339678653,0.8509777,-0.291080221,-1.300522537,1.301049016,-1.14148881,0.317309996,-0.350099774,-0.788240591,-0.311088663,1.373338458,1.27960868,-0.302462052,0.021219502,-1.008256994,0.602898942,-0.365828492,-1.253047332,0.988418799,0.632343664,0
0.994196455,-0.86043207,0.107308958,0.886616309,-0.398188716,-1.440587041,0.207741921,0.963887574,-1.672481254,0.99034176,-0.039856426,-1.304489412,0.697553992,-1.243779626,0.623711166,1.27960868,-1.146856971,-0.103483512,-0.827230556,-1.263326408,-1.329097671,1.560671319,-0.363238122,-0.32353837,0
0.000612567,1.162206796,1.396606212,0.150266256,1.484791158,1.614832614,0.995281184,-1.685045009,-0.76749378,-0.342052346,1.38880926,0.604289863,1.440451283,-1.243779626,1.036006177,-0.781488916,-0.724659511,-0.35288954,-1.008256994,-1.263326408,0.597440687,0.622765102,1.138602902,-1.279420405,0
-0.451016473,1.162206796,1.396606212,0.886616309,1.484791158,0.8509777,-0.456408762,-1.428696694,1.68890079,-1.14148881,-1.11135569,-1.304489412,-0.0453433,-0.311088663,1.410819822,-0.781488916,0.119735408,1.268249643,0.439954513,1.536011617,-0.365828492,-1.253047332,0.838234697,-0.32353837,0
0.000612567,-0.86043207,0.107308958,0.886616309,0.543301221,-0.676732128,-0.142770794,-1.129623661,0.783913317,0.190905296,1.745975682,0.604289863,0.697553992,0.6216023,-0.913024782,1.27960868,-1.146856971,0.520031558,-1.008256994,-0.330213733,-0.365828492,0.622765102,-0.813790429,1.588225698,1
-0.902645512,1.162206796,1.396606212,0.150266256,1.484791158,-0.676732128,1.191811434,0.365741507,1.818184715,0.99034176,1.031642839,-1.304489412,-0.0453433,-0.311088663,1.598226645,-0.781488916,-0.302462052,-0.103483512,0.439954513,-0.330213733,0.597440687,1.560671319,-0.738698378,0.632343664,0
1.445825495,1.162206796,-1.181988297,-1.32243385,-0.398188716,-0.676732128,-0.219762027,-1.599595571,-1.155345555,1.523299402,1.745975682,-0.350099774,-0.788240591,-1.243779626,0.323860249,-0.781488916,-1.56905443,0.27062553,1.707139582,-0.330213733,-1.329097671,1.560671319,1.814431362,-0.32353837,0
1.355499687,1.162206796,0.107308958,0.886616309,0.543301221,0.8509777,-0.719597211,1.690207798,-1.543197329,-0.875009989,1.38880926,1.5586795,0.697553992,-1.243779626,0.961043447,1.27960868,-0.302462052,-0.35288954,-0.465177679,-0.330213733,1.560709866,0.622765102,0.537866492,-1.279420405,0
1.265173879,-0.86043207,1.396606212,1.622966363,0.543301221,0.8509777,1.046541136,1.092061731,0.654629392,1.256820581,-1.468522111,-1.304489412,0.697553992,1.554293264,-0.613173865,1.27960868,0.964130327,1.018843614,-0.284151241,-1.263326408,-0.365828492,1.560671319,1.589155209,1.588225698,0
-0.180039049,-0.86043207,0.107308958,-1.32243385,0.543301221,0.8509777,0.309856608,1.305685327,-1.155345555,0.723862938,0.674476417,0.604289863,-0.788240591,0.6216023,1.448301187,-0.781488916,-0.724659511,-0.976404611,1.526113144,-1.263326408,0.597440687,-0.315141115,-1.639802992,-1.279420405,0
-0.089713241,1.162206796,0.107308958,0.150266256,-1.339678653,-1.440587041,-0.667729433,-1.471421413,-1.02606163,-0.342052346,1.031642839,-1.304489412,-0.788240591,-0.311088663,0.623711166,1.27960868,1.386327786,-0.228186526,1.707139582,1.536011617,0.597440687,-1.253047332,1.66424726,-0.32353837,0
-0.270364857,-0.86043207,0.107308958,-1.32243385,-1.339678653,-1.440587041,1.370917354,1.433859484,-1.801765179,0.457384117,-0.754189269,-0.350099774,-1.531137883,-1.243779626,-0.725617959,-0.781488916,0.541932867,1.517655671,0.80200739,-0.330213733,-0.365828492,-0.315141115,1.138602902,0.632343664,0
-0.631668089,1.162206796,1.396606212,-0.586083797,1.484791158,-0.676732128,-0.912885726,1.690207798,1.042481167,-1.407967631,-0.397022847,-0.350099774,1.440451283,-1.243779626,1.185931635,1.27960868,0.541932867,-0.602295569,-0.103124802,-1.263326408,-1.329097671,-0.315141115,0.988418799,0.632343664,0
-0.541342281,-0.86043207,-1.181988297,-0.586083797,0.543301221,0.087122786,-1.166551575,-0.958724784,-1.801765179,-1.407967631,-0.754189269,-1.304489412,0.697553992,-1.243779626,-0.575692501,1.27960868,-1.56905443,-1.225810639,0.077901636,-1.263326408,-1.329097671,-0.315141115,-0.738698378,-0.32353837,0
0.903870647,1.162206796,-1.181988297,0.886616309,-0.398188716,-0.676732128,1.641197101,-0.830550627,-1.284629479,-0.075573525,0.674476417,1.5586795,0.697553992,-0.311088663,1.373338458,-0.781488916,0.119735408,1.767061699,-1.008256994,-1.263326408,-0.365828492,0.622765102,-1.114158633,-1.279420405,1
-1.805903592,1.162206796,1.396606212,0.886616309,-1.339678653,1.614832614,1.020607247,-1.685045009,-1.155345555,-1.407967631,1.38880926,0.604289863,-0.788240591,-0.311088663,0.73615526,-0.781488916,-0.724659511,1.018843614,-0.284151241,-1.263326408,0.597440687,0.622765102,-1.039066582,-1.279420405,0
-1.625251976,-0.86043207,0.107308958,1.622966363,-0.398188716,-1.440587041,-0.05929609,-0.830550627,-0.250358081,-1.407967631,-0.754189269,-0.350099774,-0.788240591,0.6216023,-0.050953396,-0.781488916,-1.56905443,1.143546628,0.077901636,-0.330213733,-0.365828492,1.560671319,-1.264342736,-1.279420405,0
-0.451016473,1.162206796,1.396606212,-1.32243385,-0.398188716,0.8509777,0.916061258,0.664814541,-1.672481254,-0.875009989,0.317309996,-0.350099774,1.440451283,1.554293264,-0.350804313,-0.781488916,1.386327786,1.642358685,1.526113144,-0.330213733,1.560709866,0.622765102,0.312590339,-1.279420405,0
0.181264183,-0.86043207,1.396606212,-0.586083797,-1.339678653,-1.440587041,0.572234623,-1.727769728,0.008209768,0.457384117,1.031642839,-1.304489412,-0.788240591,1.554293264,0.061490697,-0.781488916,0.964130327,-1.849325709,-1.55133631,-1.263326408,1.560709866,1.560671319,1.66424726,0.632343664,0
-0.902645512,-0.86043207,1.396606212,0.886616309,-1.339678653,0.8509777,1.6792875,1.049337012,0.008209768,0.190905296,0.317309996,-0.350099774,-0.0453433,1.554293264,1.14845027,1.27960868,0.964130327,1.143546628,-0.827230556,0.602898942,-1.329097671,0.622765102,0.087314185,-1.279420405,0
-0.812319705,1.162206796,0.107308958,-1.32243385,-1.339678653,1.614832614,-0.424194009,-0.146955122,-0.250358081,-1.407967631,-1.11135569,-0.350099774,-0.0453433,-1.243779626,-1.362801157,1.27960868,-0.302462052,-1.724622695,-1.732362748,1.536011617,1.560709866,1.560671319,1.66424726,-0.32353837,0
-0.99297132,1.162206796,1.396606212,0.886616309,-1.339678653,1.614832614,-1.592232046,0.194842631,1.430332941,0.190905296,0.674476417,0.604289863,-0.0453433,1.554293264,1.523263916,-0.781488916,0.541932867,1.767061699,-1.370309871,-0.330213733,0.597440687,-1.253047332,0.312590339,-0.32353837,0
0.994196455,-0.86043207,0.107308958,0.886616309,0.543301221,-1.440587041,-1.623028539,0.451190945,1.301049016,-0.875009989,-1.11135569,1.5586795,-0.0453433,-1.243779626,-0.688136594,1.27960868,1.808525246,-0.35288954,-1.370309871,-0.330213733,1.560709866,1.560671319,-1.639802992,-0.32353837,1
-0.451016473,1.162206796,1.396606212,-0.586083797,0.543301221,0.8509777,0.13865242,-0.360578717,-0.121074156,-1.407967631,-1.11135569,0.604289863,1.440451283,0.6216023,-0.388285678,-0.781488916,-0.724659511,-1.849325709,0.620980952,0.602898942,-0.365828492,-1.253047332,-0.513422224,-0.32353837,0
-1.173622936,1.162206796,-1.181988297,-0.586083797,0.543301221,1.614832614,-1.076998615,0.536640383,1.430332941,0.99034176,-1.11135569,1.5586795,0.697553992,-1.243779626,0.511267072,1.27960868,1.808525246,1.018843614,1.707139582,-0.330213733,0.597440687,1.560671319,-1.489618889,-1.279420405,0
1.536151302,1.162206796,1.396606212,0.886616309,0.543301221,-0.676732128,1.005006392,-0.146955122,0.913197242,0.723862938,-1.468522111,0.604289863,-0.0453433,0.6216023,-0.050953396,1.27960868,-0.302462052,1.018843614,-1.008256994,0.602898942,-1.329097671,0.622765102,-0.813790429,0.632343664,0
-0.812319705,1.162206796,1.396606212,0.150266256,1.484791158,-0.676732128,-0.716355475,1.433859484,-1.02606163,-0.075573525,-1.468522111,-1.304489412,-0.788240591,0.6216023,1.410819822,-0.781488916,0.119735408,1.392952657,1.164060267,0.602898942,-1.329097671,0.622765102,-0.438330173,1.588225698,0
0.271589991,1.162206796,-1.181988297,0.886616309,0.543301221,0.8509777,-0.619306,1.049337012,-0.121074156,-0.342052346,0.674476417,-0.350099774,-0.0453433,1.554293264,-0.050953396,-0.781488916,0.964130327,-1.475216667,0.80200739,-1.263326408,1.560709866,-1.253047332,-1.56471094,-1.279420405,1
0.632893223,-0.86043207,0.107308958,0.886616309,-1.339678653,-1.440587041,0.082529864,0.109393193,1.430332941,1.789778223,-0.039856426,1.5586795,1.440451283,1.554293264,0.436304343,-0.781488916,0.541932867,1.018843614,-0.827230556,-0.330213733,-1.329097671,-0.315141115,0.988418799,1.588225698,0
-1.173622936,-0.86043207,0.107308958,1.622966363,-0.398188716,1.614832614,-0.581620818,1.476584203,1.171765091,0.723862938,-0.754189269,-1.304489412,-0.788240591,-1.243779626,-1.400282521,1.27960868,1.386327786,0.8941406,0.620980952,1.536011617,-0.365828492,-0.315141115,0.688050595,0.632343664,0
0.632893223,1.162206796,1.396606212,1.622966363,0.543301221,-1.440587041,-1.268666262,-1.300522537,1.559616866,-0.608531167,-1.468522111,-0.350099774,-0.0453433,-0.311088663,1.073487541,-0.781488916,1.386327786,1.642358685,0.620980952,0.602898942,0.597440687,1.560671319,1.288787004,-1.279420405,1
1.355499687,1.162206796,-1.181988297,1.622966363,1.484791158,-0.676732128,1.680097934,-0.70237647,1.818184715,0.99034176,1.745975682,-0.350099774,0.697553992,1.554293264,0.24889752,-0.781488916,1.386327786,-1.724622695,1.164060267,1.536011617,-0.365828492,0.622765102,0.012222134,1.588225698,0
0.452241607,1.162206796,0.107308958,0.150266256,-1.339678653,1.614832614,0.6526702,-1.599595571,-0.638209856,-1.674446452,0.317309996,-0.350099774,-0.788240591,1.554293264,-1.175394334,-0.781488916,-0.724659511,0.644734572,-0.465177679,-1.263326408,-0.365828492,-0.315141115,-1.189250685,0.632343664,0
-1.173622936,-0.86043207,1.396606212,0.150266256,-0.398188716,-1.440587041,0.263661869,-1.129623661,0.266777618,-1.407967631,-1.468522111,0.604289863,-0.788240591,-0.311088663,-0.838062053,-0.781488916,0.541932867,1.767061699,-0.465177679,-0.330213733,-0.365828492,0.622765102,0.838234697,1.588225698,0
0.632893223,1.162206796,-1.181988297,0.886616309,-0.398188716,0.087122786,1.232940961,-0.317853998,-0.121074156,0.190905296,1.38880926,-1.304489412,0.697553992,-0.311088663,-0.800580688,-0.781488916,0.964130327,1.268249643,1.526113144,-1.263326408,-0.365828492,0.622765102,-1.639802992,-0.32353837,0
0.632893223,-0.86043207,0.107308958,1.622966363,0.543301221,0.8509777,-0.4716044,1.60475836,-0.896777705,-1.674446452,-1.11135569,-1.304489412,-0.788240591,1.554293264,1.223413,-0.781488916,1.808525246,0.520031558,-0.284151241,-1.263326408,0.597440687,0.622765102,0.688050595,-0.32353837,0
1.445825495,-0.86043207,0.107308958,0.150266256,-0.398188716,0.8509777,-1.641668521,-1.770494447,-1.413913404,-1.14148881,-1.468522111,-0.350099774,-0.0453433,-0.311088663,1.14845027,1.27960868,-0.302462052,0.021219502,0.077901636,1.536011617,0.597440687,1.560671319,-0.88888248,0.632343664,1
1.355499687,-0.86043207,-1.181988297,-0.586083797,0.543301221,0.087122786,-0.589319941,1.433859484,1.430332941,-1.407967631,0.674476417,1.5586795,-0.788240591,-1.243779626,0.098972062,1.27960868,0.119735408,-1.599919681,0.439954513,1.536011617,-0.365828492,-1.253047332,-0.137961968,0.632343664,1
0.542567415,1.162206796,-1.181988297,0.886616309,0.543301221,-0.676732128,0.066523792,0.365741507,0.137493693,-0.608531167,0.317309996,-1.304489412,-0.0453433,0.6216023,-1.250357063,1.27960868,1.386327786,0.145922516,0.439954513,0.602898942,-0.365828492,1.560671319,-0.813790429,1.588225698,0
-0.360690665,-0.86043207,-1.181988297,-1.32243385,-1.339678653,1.614832614,-0.033767418,0.963887574,1.171765091,-0.875009989,0.317309996,0.604289863,0.697553992,0.6216023,1.036006177,1.27960868,-1.56905443,-1.350513653,1.526113144,-0.330213733,-1.329097671,-0.315141115,-1.039066582,0.632343664,0
-1.083297128,1.162206796,-1.181988297,0.886616309,-1.339678653,0.8509777,-0.210036818,0.365741507,-0.250358081,1.523299402,-0.039856426,1.5586795,-1.531137883,1.554293264,0.323860249,-0.781488916,0.541932867,1.268249643,1.526113144,-1.263326408,-1.329097671,-1.253047332,-0.513422224,-0.32353837,1
1.084522263,-0.86043207,1.396606212,-1.32243385,1.484791158,0.087122786,-1.626472884,-0.018780965,0.913197242,-0.075573525,-0.397022847,1.5586795,0.697553992,1.554293264,1.63570801,-0.781488916,-0.302462052,-0.976404611,-1.008256994,0.602898942,0.597440687,-0.315141115,1.438971106,-0.32353837,0
-0.089713241,1.162206796,-1.181988297,1.622966363,-1.339678653,0.087122786,-1.435007845,-0.916000065,1.559616866,-0.608531167,-0.397022847,1.5586795,-0.0453433,-1.243779626,-1.512726615,1.27960868,0.119735408,-0.477592555,0.983033829,0.602898942,-1.329097671,-1.253047332,-1.414526838,-1.279420405,0
-0.721993897,-0.86043207,0.107308958,-1.32243385,-1.339678653,-0.676732128,0.616403278,0.493915664,1.301049016,0.190905296,-0.754189269,1.5586795,1.440451283,-0.311088663,-0.875543417,1.27960868,0.119735408,1.143546628,-0.284151241,-1.263326408,0.597440687,-1.253047332,-1.114158633,1.588225698,1
0.632893223,1.162206796,0.107308958,1.622966363,0.543301221,-0.676732128,1.414275574,1.006612293,1.559616866,-0.875009989,1.745975682,-1.304489412,0.697553992,1.554293264,-0.800580688,1.27960868,-1.146856971,0.8941406,1.707139582,-1.263326408,0.597440687,1.560671319,-0.813790429,0.632343664,1
0.723219031,-0.86043207,1.396606212,-0.586083797,-1.339678653,-1.440587041,0.692381467,0.70753926,0.654629392,1.256820581,1.031642839,-0.350099774,1.440451283,0.6216023,1.036006177,-0.781488916,1.386327786,-0.477592555,-1.370309871,0.602898942,1.560709866,0.622765102,-0.062869917,0.632343664,0
-0.721993897,1.162206796,0.107308958,-1.32243385,0.543301221,0.8509777,1.321886095,0.622089822,0.396061543,-0.342052346,0.674476417,1.5586795,1.440451283,-1.243779626,-0.500729771,-0.781488916,-1.146856971,1.392952657,1.526113144,-1.263326408,0.597440687,0.622765102,0.462774441,0.632343664,0
1.265173879,1.162206796,0.107308958,0.886616309,0.543301221,-1.440587041,-0.507466105,-1.343247256,-0.121074156,-0.875009989,1.38880926,0.604289863,-0.0453433,-1.243779626,-1.512726615,-0.781488916,-0.302462052,-1.849325709,-1.008256994,-1.263326408,-1.329097671,-1.253047332,1.438971106,1.588225698,1
-1.354274552,1.162206796,-1.181988297,1.622966363,-1.339678653,0.087122786,0.160331531,1.092061731,0.396061543,-1.407967631,-1.468522111,0.604289863,-0.0453433,-0.311088663,-0.088434761,1.27960868,0.119735408,-1.849325709,-0.465177679,1.536011617,1.560709866,1.560671319,-1.489618889,-0.32353837,0
-0.270364857,1.162206796,0.107308958,0.886616309,1.484791158,1.614832614,1.496737236,1.732932518,-1.284629479,-1.674446452,0.674476417,-0.350099774,-1.531137883,1.554293264,1.073487541,1.27960868,-1.56905443,-0.103483512,0.620980952,-0.330213733,-1.329097671,-0.315141115,-0.213054019,0.632343664,1
-1.44460036,-0.86043207,1.396606212,0.150266256,1.484791158,1.614832614,-0.611809486,-0.189679841,1.430332941,1.789778223,1.745975682,-1.304489412,-0.788240591,1.554293264,0.061490697,1.27960868,0.541932867,0.145922516,-1.370309871,0.602898942,0.597440687,-0.315141115,1.438971106,0.632343664,0
0.361915799,-0.86043207,-1.181988297,1.622966363,-0.398188716,-0.676732128,-1.078619483,-1.300522537,-0.76749378,1.789778223,-0.397022847,-0.350099774,0.697553992,-1.243779626,0.998524812,1.27960868,-1.146856971,-1.724622695,0.439954513,-1.263326408,0.597440687,0.622765102,-1.114158633,-0.32353837,0
-1.715577784,1.162206796,-1.181988297,-1.32243385,-0.398188716,1.614832614,1.400498196,-0.104230403,1.68890079,-1.674446452,0.674476417,1.5586795,-0.0453433,0.6216023,0.286378885,1.27960868,0.119735408,0.145922516,0.077901636,0.602898942,-0.365828492,0.622765102,-1.264342736,0.632343664,0
-0.99297132,-0.86043207,1.396606212,1.622966363,-1.339678653,1.614832614,-0.41730532,0.579365102,-1.543197329,0.190905296,-1.468522111,-1.304489412,0.697553992,1.554293264,-0.65065523,-0.781488916,0.541932867,0.520031558,-0.465177679,-0.330213733,0.597440687,-0.315141115,-0.588514275,-1.279420405,0
0.813544839,1.162206796,-1.181988297,0.886616309,1.484791158,1.614832614,-0.773288465,0.408466226,-0.896777705,1.789778223,-0.039856426,-1.304489412,1.440451283,0.6216023,0.661192531,-0.781488916,1.386327786,1.268249643,1.526113144,0.602898942,1.560709866,-0.315141115,-0.062869917,-0.32353837,0
-1.44460036,1.162206796,-1.181988297,-0.586083797,0.543301221,0.087122786,0.407716516,-1.343247256,0.654629392,-0.875009989,-0.754189269,1.5586795,-0.788240591,-1.243779626,0.286378885,-0.781488916,1.808525246,-0.851701597,-0.103124802,0.602898942,0.597440687,1.560671319,-0.062869917,-0.32353837,1
1.084522263,-0.86043207,1.396606212,1.622966363,-0.398188716,1.614832614,1.300814811,-1.300522537,0.913197242,-0.608531167,-0.039856426,0.604289863,-1.531137883,1.554293264,0.173934791,-0.781488916,0.541932867,-0.477592555,1.345086706,0.602898942,-0.365828492,-0.315141115,0.537866492,-0.32353837,1
-1.805903592,1.162206796,-1.181988297,-1.32243385,0.543301221,1.614832614,-0.606541664,1.305685327,-0.638209856,0.99034176,-0.397022847,1.5586795,0.697553992,0.6216023,-1.250357063,-0.781488916,0.119735408,-1.475216667,1.345086706,1.536011617,0.597440687,1.560671319,-1.414526838,-1.279420405,0
-0.270364857,1.162206796,1.396606212,0.150266256,-0.398188716,1.614832614,-0.089282149,0.579365102,0.913197242,0.190905296,-1.11135569,-0.350099774,-0.788240591,-1.243779626,0.473785708,1.27960868,-0.302462052,-0.35288954,-0.646204118,-0.330213733,0.597440687,0.622765102,-1.339434787,-0.32353837,0
0.994196455,-0.86043207,1.396606212,-0.586083797,-1.339678653,-1.440587041,-1.517672116,-0.146955122,0.525345467,1.256820581,-0.397022847,1.5586795,-1.531137883,0.6216023,1.298375729,-0.781488916,-1.146856971,-1.475216667,0.983033829,-0.330213733,0.597440687,-0.315141115,-1.714895043,1.588225698,0
-0.902645512,1.162206796,0.107308958,0.150266256,1.484791158,0.087122786,0.014048189,1.562033641,0.783913317,-0.075573525,-0.754189269,0.604289863,0.697553992,1.554293264,1.748152104,1.27960868,-1.146856971,-1.101107625,-0.827230556,0.602898942,-0.365828492,0.622765102,1.814431362,1.588225698,0
0.000612567,1.162206796,0.107308958,1.622966363,-0.398188716,-0.676732128,0.292229668,0.066668473,1.68890079,1.523299402,-1.468522111,1.5586795,-0.788240591,-0.311088663,0.24889752,-0.781488916,0.964130327,-0.228186526,0.983033829,0.602898942,-1.329097671,-1.253047332,0.312590339,1.588225698,0
0.452241607,1.162206796,-1.181988297,0.886616309,1.484791158,-1.440587041,0.338221799,-0.360578717,-1.543197329,0.190905296,1.745975682,-0.350099774,-0.0453433,0.6216023,-0.987987511,1.27960868,0.119735408,1.392952657,0.983033829,-0.330213733,0.597440687,-1.253047332,-0.438330173,-0.32353837,0
0.361915799,1.162206796,-1.181988297,0.886616309,0.543301221,0.8509777,1.440006854,-1.727769728,-0.508925931,1.523299402,1.031642839,-0.350099774,0.697553992,-0.311088663,-1.212875699,1.27960868,0.964130327,-0.851701597,-1.732362748,-1.263326408,1.560709866,-1.253047332,0.012222134,-0.32353837,0
0.090938375,-0.86043207,1.396606212,-1.32243385,-1.339678653,0.087122786,-1.330461856,-1.64232029,-0.508925931,0.190905296,-0.039856426,0.604289863,-0.788240591,1.554293264,1.14845027,1.27960868,-1.56905443,0.8941406,1.526113144,1.536011617,-0.365828492,-0.315141115,-0.813790429,-0.32353837,0
0.542567415,-0.86043207,-1.181988297,0.886616309,1.484791158,0.087122786,0.150403714,-1.385971975,0.266777618,-0.342052346,-0.397022847,-0.350099774,-1.531137883,-0.311088663,-0.425767042,1.27960868,-1.56905443,-1.849325709,-1.370309871,-0.330213733,1.560709866,0.622765102,0.688050595,-1.279420405,0
-0.721993897,-0.86043207,1.396606212,-0.586083797,-1.339678653,0.8509777,0.053354239,1.17751117,0.137493693,0.723862938,1.745975682,-0.350099774,-0.788240591,-1.243779626,0.848599354,1.27960868,0.119735408,-1.849325709,-0.827230556,0.602898942,0.597440687,-0.315141115,-1.039066582,1.588225698,0
1.084522263,1.162206796,1.396606212,0.886616309,1.484791158,0.8509777,1.070448939,0.536640383,-1.02606163,-1.407967631,-0.039856426,1.5586795,-0.0453433,-0.311088663,1.260894364,1.27960868,-1.146856971,0.520031558,-1.189283433,-1.263326408,-0.365828492,0.622765102,-1.264342736,0.632343664,0
1.174848071,1.162206796,-1.181988297,-1.32243385,0.543301221,0.8509777,-0.871148373,-1.428696694,-1.413913404,-0.342052346,-0.397022847,-1.304489412,0.697553992,0.6216023,-0.725617959,-0.781488916,1.386327786,-1.475216667,-1.189283433,-1.263326408,0.597440687,1.560671319,0.988418799,0.632343664,0
1.265173879,-0.86043207,1.396606212,1.622966363,0.543301221,-0.676732128,1.465738135,-0.403303436,1.042481167,1.789778223,-0.754189269,-0.350099774,0.697553992,0.6216023,0.323860249,1.27960868,-0.724659511,-1.849325709,-1.189283433,-1.263326408,1.560709866,-0.315141115,0.612958543,-0.32353837,0
-1.805903592,1.162206796,0.107308958,1.622966363,-1.339678653,1.614832614,0.166815003,1.006612293,0.525345467,-1.674446452,-0.039856426,-0.350099774,0.697553992,-0.311088663,1.823114833,1.27960868,-1.56905443,0.769437586,-0.103124802,1.536011617,-0.365828492,-1.253047332,1.589155209,-1.279420405,0
0.000612567,1.162206796,-1.181988297,0.886616309,0.543301221,0.087122786,-1.31364535,1.220235889,-0.379642006,-1.674446452,-0.397022847,0.604289863,-0.0453433,-1.243779626,1.073487541,-0.781488916,-1.146856971,-0.726998583,-0.284151241,1.536011617,-1.329097671,1.560671319,-0.137961968,-0.32353837,0
-1.354274552,1.162206796,0.107308958,0.150266256,-0.398188716,1.614832614,-0.583039078,-0.531477594,0.008209768,0.99034176,-1.468522111,0.604289863,-1.531137883,1.554293264,-1.025468876,1.27960868,0.964130327,-1.724622695,-0.465177679,-0.330213733,-1.329097671,0.622765102,-0.588514275,0.632343664,1
0.632893223,1.162206796,-1.181988297,1.622966363,1.484791158,1.614832614,1.6006754,1.348410046,-0.508925931,-1.14148881,-0.754189269,1.5586795,0.697553992,-0.311088663,-1.212875699,-0.781488916,0.541932867,1.392952657,1.526113144,-0.330213733,-1.329097671,-0.315141115,0.012222134,1.588225698,0
-0.360690665,-0.86043207,1.396606212,0.886616309,0.543301221,0.8509777,-0.951989167,1.17751117,-1.284629479,-1.14148881,1.745975682,1.5586795,-1.531137883,0.6216023,-1.287838428,-0.781488916,1.386327786,0.644734572,1.164060267,-0.330213733,0.597440687,0.622765102,-0.738698378,0.632343664,1
-1.44460036,-0.86043207,-1.181988297,-1.32243385,-0.398188716,-0.676732128,1.465332918,0.963887574,-1.284629479,0.99034176,1.745975682,-0.350099774,-0.788240591,0.6216023,-0.050953396,1.27960868,0.964130327,1.018843614,1.164060267,-0.330213733,-0.365828492,0.622765102,-0.963974531,1.588225698,0
0.903870647,-0.86043207,0.107308958,0.886616309,-1.339678653,-1.440587041,1.250365293,1.13478645,0.008209768,1.523299402,1.031642839,-1.304489412,-1.531137883,-0.311088663,-0.65065523,1.27960868,1.386327786,-0.103483512,-1.732362748,0.602898942,1.560709866,-0.315141115,-0.363238122,1.588225698,0
-1.44460036,1.162206796,1.396606212,1.622966363,-0.398188716,-0.676732128,1.052416782,-0.104230403,1.818184715,-0.608531167,0.674476417,-1.304489412,-1.531137883,-0.311088663,1.036006177,-0.781488916,-0.724659511,-1.599919681,1.707139582,1.536011617,1.560709866,-0.315141115,-0.062869917,-1.279420405,0
1.536151302,-0.86043207,-1.181988297,-1.32243385,-1.339678653,1.614832614,1.516795478,0.835713417,0.396061543,-1.674446452,-1.11135569,1.5586795,0.697553992,-0.311088663,1.335857093,1.27960868,0.541932867,1.143546628,0.620980952,-1.263326408,0.597440687,0.622765102,0.763142646,0.632343664,0
-1.625251976,-0.86043207,-1.181988297,0.886616309,-1.339678653,-0.676732128,0.584188525,-0.488752875,-0.508925931,0.723862938,-1.468522111,0.604289863,1.440451283,1.554293264,-0.350804313,-0.781488916,0.964130327,0.8941406,1.707139582,0.602898942,0.597440687,0.622765102,1.213694953,-0.32353837,1
0.181264183,1.162206796,-1.181988297,-0.586083797,1.484791158,0.8509777,-0.818267553,-1.001449504,1.430332941,-0.342052346,-0.754189269,-0.350099774,1.440451283,0.6216023,1.785633468,1.27960868,-1.56905443,-0.851701597,0.077901636,-0.330213733,1.560709866,1.560671319,-0.813790429,-1.279420405,0
1.445825495,1.162206796,0.107308958,-1.32243385,1.484791158,-1.440587041,1.485188551,0.579365102,-0.379642006,-0.075573525,-0.039856426,-0.350099774,-0.0453433,0.6216023,0.286378885,-0.781488916,-1.56905443,0.145922516,-1.370309871,-0.330213733,-0.365828492,-1.253047332,1.138602902,1.588225698,0
1.445825495,-0.86043207,0.107308958,-0.586083797,-0.398188716,0.8509777,1.246515731,0.280292069,-1.672481254,0.723862938,1.745975682,-1.304489412,-0.0453433,0.6216023,0.323860249,1.27960868,0.964130327,0.644734572,-0.465177679,0.602898942,0.597440687,0.622765102,1.514063157,0.632343664,0
-0.99297132,-0.86043207,-1.181988297,0.150266256,1.484791158,-1.440587041,-0.105896046,1.562033641,0.654629392,1.256820581,-1.468522111,1.5586795,1.440451283,1.554293264,1.560745281,1.27960868,-0.724659511,1.517655671,-0.103124802,-1.263326408,-0.365828492,-1.253047332,0.312590339,-0.32353837,1
-0.99297132,-0.86043207,1.396606212,-1.32243385,1.484791158,1.614832614,-0.410214022,-0.787825908,0.008209768,1.523299402,-0.754189269,-1.304489412,-0.788240591,-1.243779626,1.860596198,-0.781488916,-0.724659511,-0.35288954,1.164060267,1.536011617,1.560709866,1.560671319,1.213694953,-1.279420405,0
-0.180039049,-0.86043207,1.396606212,-0.586083797,1.484791158,-1.440587041,-1.068691667,-1.343247256,0.654629392,0.99034176,-0.754189269,-1.304489412,0.697553992,0.6216023,-1.250357063,-0.781488916,0.119735408,-1.599919681,-0.465177679,1.536011617,-0.365828492,-1.253047332,-0.588514275,-0.32353837,0
-0.360690665,1.162206796,0.107308958,1.622966363,-0.398188716,-1.440587041,-0.345581909,1.17751117,-1.413913404,-1.14148881,-0.039856426,1.5586795,0.697553992,0.6216023,-0.800580688,-0.781488916,0.541932867,-1.475216667,-1.732362748,-1.263326408,-1.329097671,-1.253047332,0.312590339,0.632343664,0
0.000612567,-0.86043207,1.396606212,1.622966363,0.543301221,-1.440587041,0.132979382,-0.189679841,0.913197242,-0.875009989,-0.754189269,0.604289863,-0.788240591,-1.243779626,1.823114833,-0.781488916,-1.146856971,-1.475216667,1.707139582,1.536011617,1.560709866,1.560671319,-1.489618889,-0.32353837,0
-0.631668089,-0.86043207,0.107308958,0.150266256,1.484791158,-0.676732128,0.032282955,-1.129623661,0.396061543,0.723862938,1.38880926,-0.350099774,-0.788240591,1.554293264,-1.812577532,1.27960868,-0.724659511,-0.602295569,-0.646204118,-0.330213733,-1.329097671,0.622765102,0.312590339,-1.279420405,0
-1.083297128,1.162206796,-1.181988297,-1.32243385,1.484791158,-0.676732128,-0.860815339,0.066668473,-1.155345555,0.99034176,-1.468522111,0.604289863,1.440451283,-1.243779626,-0.313322948,-0.781488916,0.541932867,1.517655671,-0.284151241,-0.330213733,1.560709866,-1.253047332,-0.88888248,-0.32353837,0
-1.805903592,-0.86043207,0.107308958,-1.32243385,-0.398188716,1.614832614,1.723456154,-1.385971975,1.042481167,0.723862938,-0.397022847,1.5586795,-0.0453433,-1.243779626,-0.050953396,-0.781488916,-0.724659511,-1.101107625,0.258928075,-0.330213733,-1.329097671,0.622765102,-0.588514275,0.632343664,1
-0.721993897,1.162206796,0.107308958,-1.32243385,0.543301221,-1.440587041,-0.490244382,1.13478645,1.559616866,1.789778223,1.745975682,1.5586795,-0.788240591,-1.243779626,-0.688136594,1.27960868,0.119735408,1.268249643,-0.284151241,-0.330213733,-0.365828492,0.622765102,1.889523413,-1.279420405,0
-1.534926168,1.162206796,-1.181988297,0.150266256,1.484791158,0.087122786,-1.411910476,-0.873275346,1.430332941,1.256820581,1.745975682,-0.350099774,-0.0453433,-1.243779626,-0.500729771,1.27960868,1.808525246,-0.602295569,1.707139582,-1.263326408,1.560709866,-0.315141115,0.913326748,1.588225698,0
-1.805903592,1.162206796,1.396606212,-1.32243385,-1.339678653,1.614832614,0.117378527,1.13478645,0.525345467,0.723862938,-0.397022847,0.604289863,-1.531137883,1.554293264,-0.613173865,-0.781488916,-0.724659511,1.018843614,-1.370309871,1.536011617,1.560709866,0.622765102,-0.288146071,-1.279420405,0
1.716802918,-0.86043207,0.107308958,1.622966363,-0.398188716,-1.440587041,1.474045083,-0.23240456,-0.508925931,1.789778223,-1.468522111,-0.350099774,0.697553992,1.554293264,-0.613173865,1.27960868,0.541932867,-0.602295569,-1.189283433,1.536011617,-1.329097671,0.622765102,0.162406236,0.632343664,0
0.994196455,-0.86043207,0.107308958,-0.586083797,1.484791158,-1.440587041,0.477819059,-1.770494447,1.68890079,0.723862938,-1.11135569,-1.304489412,1.440451283,-1.243779626,1.223413,-0.781488916,0.119735408,-0.726998583,-0.103124802,0.602898942,-0.365828492,-1.253047332,0.162406236,-0.32353837,1
1.174848071,1.162206796,-1.181988297,1.622966363,1.484791158,-0.676732128,1.594597144,1.732932518,1.171765091,0.723862938,-1.468522111,-1.304489412,0.697553992,-0.311088663,-0.987987511,1.27960868,0.119735408,-1.350513653,-1.189283433,-1.263326408,1.560709866,0.622765102,-0.137961968,1.588225698,0
0.632893223,-0.86043207,1.396606212,1.622966363,-1.339678653,1.614832614,1.278325267,1.519308922,-1.672481254,-1.14148881,0.317309996,-1.304489412,1.440451283,-0.311088663,0.398822979,-0.781488916,0.541932867,-0.35288954,-0.284151241,1.536011617,0.597440687,0.622765102,-1.114158633,1.588225698,1
0.903870647,-0.86043207,0.107308958,-0.586083797,-1.339678653,-1.440587041,-1.402590484,1.220235889,1.559616866,-1.674446452,-0.754189269,0.604289863,-1.531137883,-0.311088663,1.410819822,1.27960868,0.541932867,1.642358685,-1.732362748,1.536011617,-1.329097671,-0.315141115,-1.414526838,-0.32353837,0
-1.173622936,1.162206796,-1.181988297,1.622966363,-0.398188716,-1.440587041,1.353493022,-0.275129279,-0.896777705,0.190905296,0.674476417,-1.304489412,0.697553992,-0.311088663,1.110968906,-0.781488916,-1.56905443,-0.477592555,-1.008256994,0.602898942,1.560709866,-0.315141115,-0.513422224,0.632343664,0
1.62647711,1.162206796,0.107308958,0.150266256,-0.398188716,1.614832614,1.078958497,0.23756735,1.818184715,1.523299402,-0.039856426,-0.350099774,-1.531137883,0.6216023,1.523263916,-0.781488916,1.808525246,-0.726998583,-0.284151241,-0.330213733,-0.365828492,-1.253047332,1.889523413,-1.279420405,0
0.452241607,-0.86043207,-1.181988297,-0.586083797,-1.339678653,0.087122786,-0.328562794,0.365741507,-0.508925931,0.723862938,1.38880926,0.604289863,1.440451283,1.554293264,-0.725617959,1.27960868,0.119735408,-1.101107625,-1.008256994,1.536011617,-0.365828492,-1.253047332,0.763142646,0.632343664,0
1.174848071,1.162206796,1.396606212,1.622966363,-0.398188716,1.614832614,-1.423256552,-0.446028155,-1.284629479,0.723862938,0.674476417,-0.350099774,-0.788240591,1.554293264,1.485782552,1.27960868,-1.56905443,0.395328544,-0.827230556,-0.330213733,-0.365828492,-0.315141115,-1.639802992,1.588225698,0
-1.625251976,-0.86043207,1.396606212,0.886616309,-1.339678653,1.614832614,-1.17810026,-0.916000065,0.396061543,-1.407967631,-0.397022847,1.5586795,0.697553992,-1.243779626,-0.16339749,-0.781488916,1.386327786,0.395328544,1.526113144,0.602898942,-0.365828492,-0.315141115,-1.264342736,-1.279420405,0
-0.812319705,-0.86043207,1.396606212,1.622966363,1.484791158,0.087122786,-0.195449006,-1.64232029,1.042481167,-1.674446452,-0.039856426,0.604289863,-1.531137883,0.6216023,1.14845027,-0.781488916,0.964130327,0.395328544,-0.465177679,1.536011617,-1.329097671,1.560671319,0.913326748,-1.279420405,0
-1.805903592,-0.86043207,1.396606212,0.150266256,-1.339678653,1.614832614,-1.165538532,-1.086898942,0.396061543,1.789778223,-0.039856426,-0.350099774,0.697553992,-1.243779626,-0.388285678,1.27960868,0.964130327,-0.477592555,-0.103124802,-0.330213733,1.560709866,0.622765102,-0.813790429,-0.32353837,0
-1.44460036,-0.86043207,0.107308958,-1.32243385,-1.339678653,-1.440587041,0.804423971,-0.23240456,-0.121074156,0.190905296,-0.039856426,-0.350099774,0.697553992,-1.243779626,-0.16339749,1.27960868,0.119735408,0.520031558,0.077901636,-1.263326408,-1.329097671,-1.253047332,-0.288146071,0.632343664,1
0.813544839,1.162206796,0.107308958,1.622966363,0.543301221,1.614832614,0.235701895,-0.275129279,0.913197242,-0.075573525,1.745975682,0.604289863,0.697553992,1.554293264,1.073487541,1.27960868,-1.56905443,0.769437586,0.439954513,-0.330213733,-1.329097671,-1.253047332,0.462774441,-1.279420405,1
0.813544839,1.162206796,1.396606212,-1.32243385,-1.339678653,0.087122786,0.40852695,0.878438136,-0.638209856,-0.075573525,1.38880926,1.5586795,-0.0453433,0.6216023,1.185931635,1.27960868,1.808525246,-0.103483512,1.707139582,-0.330213733,-0.365828492,0.622765102,0.462774441,-0.32353837,0
-0.360690665,1.162206796,1.396606212,0.886616309,-1.339678653,0.8509777,-1.124206397,-1.428696694,-1.543197329,-0.875009989,1.745975682,0.604289863,-1.531137883,-0.311088663,-1.400282521,1.27960868,1.808525246,-1.350513653,-1.189283433,-0.330213733,0.597440687,0.622765102,-0.963974531,0.632343664,1
0.181264183,1.162206796,1.396606212,1.622966363,0.543301221,1.614832614,0.273589685,1.519308922,-0.76749378,0.99034176,-0.754189269,-1.304489412,-1.531137883,1.554293264,1.63570801,1.27960868,1.386327786,1.018843614,0.077901636,-0.330213733,-0.365828492,-1.253047332,0.537866492,1.588225698,0
-0.541342281,-0.86043207,0.107308958,-0.586083797,-0.398188716,-0.676732128,-0.4525592,-0.061505684,-1.543197329,0.457384117,0.317309996,-1.304489412,0.697553992,0.6216023,-0.65065523,1.27960868,0.119735408,1.767061699,0.258928075,-1.263326408,0.597440687,-0.315141115,-1.56471094,1.588225698,0
1.445825495,-0.86043207,1.396606212,-1.32243385,0.543301221,-1.440587041,1.70643704,0.194842631,-0.508925931,-0.342052346,1.031642839,1.5586795,-0.788240591,0.6216023,0.24889752,1.27960868,-0.724659511,-0.228186526,-1.008256994,0.602898942,-1.329097671,-0.315141115,-1.639802992,0.632343664,0
0.000612567,1.162206796,1.396606212,0.886616309,1.484791158,-1.440587041,-1.673275448,0.023943754,-0.379642006,-1.407967631,1.38880926,-0.350099774,0.697553992,1.554293264,-0.950506146,1.27960868,1.386327786,-0.477592555,-0.103124802,-0.330213733,-0.365828492,0.622765102,1.814431362,-1.279420405,0
-0.631668089,-0.86043207,1.396606212,-0.586083797,0.543301221,-0.676732128,-0.237996792,1.647483079,-0.379642006,1.789778223,0.674476417,-0.350099774,-0.0453433,1.554293264,-1.362801157,-0.781488916,-1.56905443,1.642358685,-0.646204118,-0.330213733,-0.365828492,-1.253047332,-1.56471094,-1.279420405,0
-1.715577784,-0.86043207,-1.181988297,-0.586083797,1.484791158,-0.676732128,0.617821537,-1.17234838,-1.543197329,-1.674446452,-0.754189269,-0.350099774,1.440451283,-1.243779626,-1.100431605,1.27960868,-0.724659511,0.644734572,-0.284151241,1.536011617,-1.329097671,0.622765102,-0.663606326,1.588225698,1
-0.902645512,-0.86043207,1.396606212,-0.586083797,-0.398188716,1.614832614,0.382998279,0.451190945,0.783913317,-1.674446452,-1.468522111,0.604289863,-0.0453433,-1.243779626,1.110968906,1.27960868,0.964130327,-0.602295569,-0.284151241,1.536011617,-0.365828492,-0.315141115,-0.513422224,1.588225698,0
1.62647711,1.162206796,-1.181988297,-0.586083797,0.543301221,-0.676732128,-1.078011658,-0.360578717,-1.02606163,0.457384117,-0.397022847,0.604289863,-0.788240591,-1.243779626,0.24889752,-0.781488916,-0.302462052,1.517655671,-0.103124802,-1.263326408,1.560709866,1.560671319,1.814431362,-1.279420405,0
1.536151302,1.162206796,-1.181988297,1.622966363,0.543301221,0.8509777,-1.371186166,-0.659651751,-0.121074156,-0.875009989,0.317309996,1.5586795,0.697553992,-0.311088663,0.136453427,-0.781488916,0.964130327,-1.350513653,-0.103124802,-1.263326408,0.597440687,1.560671319,-1.264342736,0.632343664,0
1.174848071,1.162206796,1.396606212,1.622966363,-0.398188716,0.087122786,0.369626117,-1.770494447,1.171765091,-0.608531167,-0.754189269,-1.304489412,-1.531137883,1.554293264,0.698673895,-0.781488916,0.119735408,0.021219502,-1.55133631,-1.263326408,0.597440687,-0.315141115,1.814431362,1.588225698,0
1.536151302,-0.86043207,-1.181988297,1.622966363,1.484791158,-0.676732128,-1.399348748,-1.300522537,1.68890079,-1.14148881,-1.468522111,-0.350099774,0.697553992,0.6216023,0.173934791,-0.781488916,0.541932867,1.767061699,-1.189283433,1.536011617,0.597440687,0.622765102,-1.414526838,-1.279420405,0
1.174848071,1.162206796,1.396606212,0.886616309,0.543301221,-0.676732128,0.390292185,-0.104230403,-0.508925931,-0.875009989,0.317309996,-1.304489412,-0.788240591,1.554293264,-0.575692501,-0.781488916,0.964130327,1.268249643,-0.465177679,-0.330213733,-0.365828492,1.560671319,0.763142646,0.632343664,0
-0.270364857,1.162206796,0.107308958,0.886616309,1.484791158,0.8509777,0.379148717,1.562033641,-1.02606163,1.256820581,-1.468522111,0.604289863,-1.531137883,0.6216023,-0.800580688,-0.781488916,0.964130327,0.27062553,0.620980952,1.536011617,1.560709866,-0.315141115,0.688050595,-0.32353837,0
0.813544839,1.162206796,0.107308958,0.886616309,0.543301221,-1.440587041,-1.488293882,0.664814541,1.301049016,0.190905296,1.38880926,0.604289863,-0.0453433,-0.311088663,0.024009333,1.27960868,0.964130327,-0.477592555,1.164060267,0.602898942,-0.365828492,-1.253047332,1.589155209,0.632343664,0
-0.541342281,1.162206796,0.107308958,0.150266256,-1.339678653,-1.440587041,-0.122915161,1.092061731,0.783913317,1.523299402,-1.468522111,0.604289863,1.440451283,1.554293264,-1.775096167,-0.781488916,0.964130327,1.392952657,0.439954513,-1.263326408,0.597440687,0.622765102,-0.588514275,-1.279420405,0
0.542567415,1.162206796,0.107308958,0.886616309,0.543301221,1.614832614,-0.585672988,0.408466226,-0.638209856,-0.875009989,0.317309996,-1.304489412,1.440451283,0.6216023,1.673189375,-0.781488916,0.964130327,1.392952657,1.345086706,-1.263326408,-0.365828492,0.622765102,0.988418799,0.632343664,0
1.174848071,1.162206796,-1.181988297,1.622966363,-0.398188716,0.8509777,-0.724662423,0.066668473,-0.508925931,0.457384117,-1.468522111,1.5586795,0.697553992,0.6216023,-0.875543417,-0.781488916,-0.724659511,-1.350513653,1.345086706,-1.263326408,0.597440687,1.560671319,-1.56471094,-1.279420405,0
1.536151302,-0.86043207,1.396606212,1.622966363,-0.398188716,0.087122786,-0.500982633,-1.001449504,0.008209768,0.457384117,0.674476417,1.5586795,-0.0453433,-1.243779626,0.061490697,1.27960868,-0.724659511,0.021219502,0.439954513,0.602898942,-1.329097671,0.622765102,1.739339311,1.588225698,0
1.084522263,-0.86043207,1.396606212,0.150266256,1.484791158,0.087122786,0.53475205,-0.830550627,0.525345467,-0.342052346,-0.754189269,0.604289863,-0.788240591,-0.311088663,-0.088434761,-0.781488916,0.964130327,-0.477592555,-0.465177679,-0.330213733,0.597440687,1.560671319,1.814431362,-0.32353837,1
0.271589991,1.162206796,1.396606212,0.150266256,0.543301221,0.8509777,-0.79152323,0.750263979,0.137493693,-1.407967631,0.317309996,-0.350099774,1.440451283,1.554293264,-0.875543417,1.27960868,-1.146856971,0.8941406,0.258928075,-0.330213733,-1.329097671,1.560671319,1.438971106,1.588225698,0
-0.541342281,1.162206796,0.107308958,0.886616309,1.484791158,0.087122786,0.161547182,0.622089822,0.913197242,1.256820581,0.674476417,-1.304489412,-0.0453433,-1.243779626,1.298375729,-0.781488916,-1.146856971,-1.724622695,-1.732362748,-0.330213733,-1.329097671,-0.315141115,-0.213054019,1.588225698,0
0.813544839,-0.86043207,0.107308958,-1.32243385,1.484791158,-1.440587041,1.190190566,-0.70237647,0.783913317,0.723862938,-1.468522111,0.604289863,0.697553992,-0.311088663,1.598226645,-0.781488916,-0.724659511,1.767061699,1.707139582,-1.263326408,-1.329097671,1.560671319,1.288787004,-1.279420405,0
-0.360690665,-0.86043207,1.396606212,0.150266256,-1.339678653,0.087122786,0.654291068,-0.745101189,1.68890079,0.99034176,-1.468522111,-1.304489412,-1.531137883,-1.243779626,1.298375729,1.27960868,-0.302462052,1.642358685,1.345086706,-0.330213733,0.597440687,-1.253047332,-1.189250685,-1.279420405,0
-1.44460036,1.162206796,0.107308958,-0.586083797,-1.339678653,0.087122786,0.983732499,-1.556870852,0.654629392,-0.075573525,-0.039856426,-1.304489412,0.697553992,1.554293264,0.961043447,1.27960868,0.541932867,-1.225810639,-1.370309871,1.536011617,1.560709866,0.622765102,-0.137961968,-1.279420405,0
0.723219031,1.162206796,1.396606212,1.622966363,-0.398188716,0.8509777,-1.161486362,-0.061505684,-0.379642006,0.457384117,0.317309996,1.5586795,0.697553992,0.6216023,0.923562083,-0.781488916,1.386327786,0.8941406,0.258928075,-1.263326408,0.597440687,1.560671319,-1.414526838,-1.279420405,1
-1.534926168,1.162206796,1.396606212,-0.586083797,1.484791158,0.8509777,-0.449317464,0.152117912,0.396061543,-0.342052346,1.38880926,0.604289863,-0.0453433,1.554293264,0.436304343,1.27960868,0.964130327,0.644734572,1.526113144,0.602898942,-0.365828492,0.622765102,-0.513422224,1.588225698,0
-0.99297132,1.162206796,1.396606212,1.622966363,-0.398188716,0.087122786,-1.670641538,0.408466226,1.042481167,-1.14148881,-1.468522111,1.5586795,1.440451283,-0.311088663,-0.987987511,1.27960868,-0.302462052,1.143546628,0.439954513,0.602898942,-0.365828492,1.560671319,0.988418799,-1.279420405,0
-0.360690665,-0.86043207,1.396606212,1.622966363,0.543301221,-0.676732128,1.662268385,0.664814541,-0.250358081,1.789778223,-0.397022847,0.604289863,-0.0453433,1.554293264,-0.463248407,-0.781488916,-1.146856971,1.767061699,-0.103124802,-0.330213733,1.560709866,-0.315141115,-0.738698378,-1.279420405,0
-0.99297132,1.162206796,1.396606212,0.150266256,1.484791158,0.8509777,-0.848861438,-0.23240456,-1.284629479,-0.075573525,1.745975682,-1.304489412,-1.531137883,-0.311088663,-0.313322948,-0.781488916,-1.146856971,-1.475216667,0.80200739,-1.263326408,1.560709866,-1.253047332,1.138602902,1.588225698,0
-0.360690665,1.162206796,1.396606212,0.150266256,1.484791158,1.614832614,0.970562946,1.092061731,-1.413913404,-0.608531167,1.031642839,1.5586795,-0.0453433,-1.243779626,0.098972062,-0.781488916,-0.302462052,1.767061699,1.707139582,1.536011617,1.560709866,0.622765102,1.288787004,-0.32353837,1
-0.089713241,1.162206796,1.396606212,-0.586083797,0.543301221,1.614832614,0.996091618,0.408466226,1.68890079,-1.674446452,1.745975682,-1.304489412,-0.788240591,-0.311088663,1.260894364,1.27960868,0.541932867,1.767061699,-1.55133631,1.536011617,-1.329097671,-0.315141115,0.312590339,-0.32353837,0
0.271589991,1.162206796,0.107308958,1.622966363,0.543301221,-1.440587041,-1.530841669,-1.215073099,-0.121074156,-1.14148881,1.38880926,0.604289863,0.697553992,0.6216023,1.223413,-0.781488916,-0.724659511,-0.35288954,1.526113144,-1.263326408,1.560709866,0.622765102,0.537866492,0.632343664,0
-1.44460036,-0.86043207,1.396606212,-0.586083797,-0.398188716,0.087122786,0.602018074,-0.745101189,-0.896777705,-0.608531167,-0.754189269,-0.350099774,1.440451283,0.6216023,-0.013472032,-0.781488916,0.541932867,-0.726998583,-1.370309871,-0.330213733,1.560709866,-0.315141115,-0.513422224,1.588225698,0
1.174848071,-0.86043207,1.396606212,-1.32243385,-0.398188716,-0.676732128,-1.615937241,0.194842631,-0.76749378,-0.075573525,-1.11135569,1.5586795,-1.531137883,0.6216023,-0.838062053,1.27960868,0.119735408,0.145922516,0.620980952,0.602898942,1.560709866,-1.253047332,0.838234697,-1.279420405,0
-1.354274552,-0.86043207,0.107308958,-0.586083797,0.543301221,-1.440587041,-1.147708984,-1.044174223,1.301049016,-1.14148881,-0.397022847,1.5586795,0.697553992,-1.243779626,-1.625170709,1.27960868,0.119735408,-0.228186526,-0.646204118,0.602898942,0.597440687,1.560671319,1.213694953,0.632343664,0
-1.715577784,1.162206796,0.107308958,0.886616309,-0.398188716,0.087122786,-0.711695479,-1.471421413,0.525345467,-0.342052346,-1.11135569,-1.304489412,-0.0453433,-0.311088663,0.923562083,-0.781488916,-1.146856971,1.018843614,-0.465177679,1.536011617,-0.365828492,-0.315141115,-0.137961968,-0.32353837,0
-0.721993897,1.162206796,0.107308958,-0.586083797,0.543301221,0.8509777,0.110084621,0.878438136,-1.543197329,-0.608531167,-1.468522111,-1.304489412,-0.788240591,-1.243779626,0.623711166,1.27960868,1.386327786,-0.103483512,0.077901636,1.536011617,-0.365828492,0.622765102,1.589155209,-0.32353837,0
-0.902645512,-0.86043207,1.396606212,0.886616309,1.484791158,1.614832614,-0.951178733,0.451190945,-1.284629479,1.523299402,-0.754189269,-0.350099774,-0.0453433,1.554293264,-0.950506146,-0.781488916,0.119735408,-0.976404611,1.707139582,1.536011617,1.560709866,0.622765102,1.814431362,1.588225698,0
0.181264183,1.162206796,-1.181988297,0.886616309,1.484791158,-0.676732128,0.319379208,0.323016788,0.783913317,-1.674446452,0.674476417,1.5586795,0.697553992,1.554293264,-0.425767042,1.27960868,-1.146856971,0.8941406,-0.827230556,0.602898942,-0.365828492,-0.315141115,0.38768239,-1.279420405,1
-0.451016473,1.162206796,-1.181988297,0.886616309,-1.339678653,1.614832614,-1.287711462,-0.189679841,1.430332941,0.723862938,-1.468522111,0.604289863,-1.531137883,1.554293264,-0.800580688,-0.781488916,0.964130327,1.018843614,0.077901636,1.536011617,0.597440687,-1.253047332,-1.039066582,-1.279420405,0
0.903870647,-0.86043207,0.107308958,-1.32243385,1.484791158,0.8509777,-0.421965316,-1.685045009,0.396061543,-0.342052346,-1.11135569,0.604289863,1.440451283,1.554293264,-0.800580688,1.27960868,1.808525246,0.27062553,1.164060267,0.602898942,-0.365828492,-1.253047332,-0.438330173,0.632343664,0
-0.902645512,-0.86043207,-1.181988297,-0.586083797,0.543301221,0.087122786,-1.687458044,-1.727769728,-1.801765179,1.789778223,-1.468522111,1.5586795,0.697553992,0.6216023,0.623711166,1.27960868,1.808525246,-1.599919681,-0.103124802,0.602898942,-1.329097671,1.560671319,0.838234697,-0.32353837,0
-0.451016473,-0.86043207,0.107308958,-0.586083797,-0.398188716,0.8509777,1.105297602,0.878438136,-0.896777705,0.190905296,1.031642839,1.5586795,-1.531137883,-0.311088663,0.436304343,1.27960868,-1.56905443,1.143546628,1.164060267,-0.330213733,0.597440687,1.560671319,1.514063157,0.632343664,0
-1.173622936,-0.86043207,1.396606212,-1.32243385,-1.339678653,0.8509777,1.305474806,-0.616927032,0.525345467,1.523299402,-0.039856426,1.5586795,0.697553992,0.6216023,-0.125916126,1.27960868,0.964130327,0.145922516,-1.55133631,-0.330213733,-0.365828492,0.622765102,-0.588514275,0.632343664,0
-1.534926168,1.162206796,-1.181988297,1.622966363,-0.398188716,1.614832614,-0.791928447,-1.385971975,0.266777618,1.523299402,1.031642839,-0.350099774,-0.788240591,-0.311088663,0.73615526,-0.781488916,1.808525246,1.018843614,-0.827230556,-0.330213733,-0.365828492,0.622765102,1.889523413,0.632343664,0
1.716802918,1.162206796,1.396606212,0.150266256,0.543301221,-0.676732128,1.641602318,0.622089822,0.266777618,-1.674446452,-0.754189269,0.604289863,-0.0453433,-0.311088663,0.961043447,1.27960868,0.541932867,1.018843614,-1.008256994,1.536011617,0.597440687,1.560671319,-1.264342736,-1.279420405,0
-1.534926168,-0.86043207,-1.181988297,-0.586083797,1.484791158,0.8509777,-0.372123623,1.348410046,-0.508925931,-1.407967631,0.674476417,0.604289863,1.440451283,-1.243779626,0.923562083,-0.781488916,-1.56905443,-1.101107625,-1.189283433,0.602898942,-0.365828492,1.560671319,0.462774441,-0.32353837,0
0.361915799,1.162206796,1.396606212,0.150266256,-1.339678653,1.614832614,-0.046734363,-0.70237647,-1.672481254,1.789778223,1.031642839,-1.304489412,-1.531137883,1.554293264,-0.238360219,1.27960868,-1.146856971,-0.35288954,-1.55133631,1.536011617,-0.365828492,1.560671319,-0.363238122,0.632343664,0
-1.625251976,-0.86043207,-1.181988297,-1.32243385,0.543301221,-0.676732128,-1.228549778,-0.958724784,-1.155345555,-0.875009989,0.317309996,-1.304489412,1.440451283,-0.311088663,0.361341614,1.27960868,-0.302462052,1.767061699,0.258928075,0.602898942,1.560709866,-0.315141115,-0.062869917,-0.32353837,0
0.994196455,-0.86043207,1.396606212,1.622966363,-1.339678653,0.087122786,-1.348088796,-0.189679841,0.913197242,1.256820581,0.674476417,1.5586795,1.440451283,1.554293264,-1.775096167,-0.781488916,-0.302462052,1.392952657,-1.370309871,-0.330213733,-1.329097671,1.560671319,-1.189250685,-0.32353837,0
-1.625251976,1.162206796,1.396606212,1.622966363,-1.339678653,0.087122786,-1.206060234,0.109393193,-0.121074156,-1.407967631,-1.11135569,-1.304489412,1.440451283,1.554293264,-1.287838428,1.27960868,-1.146856971,0.021219502,-0.827230556,-0.330213733,0.597440687,-0.315141115,-0.513422224,0.632343664,1
0.542567415,-0.86043207,-1.181988297,1.622966363,1.484791158,-1.440587041,-0.525093045,0.963887574,-1.543197329,0.99034176,1.031642839,-0.350099774,-1.531137883,1.554293264,-0.463248407,1.27960868,1.386327786,-1.350513653,0.620980952,1.536011617,1.560709866,-0.315141115,-0.213054019,0.632343664,0
0.723219031,1.162206796,1.396606212,-1.32243385,0.543301221,1.614832614,-1.338566197,-0.317853998,-0.379642006,0.457384117,-0.039856426,0.604289863,-1.531137883,0.6216023,0.811117989,-0.781488916,-1.146856971,-1.475216667,-0.465177679,0.602898942,-0.365828492,1.560671319,0.162406236,1.588225698,0
0.994196455,1.162206796,1.396606212,0.886616309,-0.398188716,-0.676732128,-0.20436378,1.348410046,-1.413913404,0.723862938,0.674476417,0.604289863,1.440451283,1.554293264,-1.100431605,1.27960868,-0.724659511,1.268249643,0.620980952,1.536011617,0.597440687,-1.253047332,0.312590339,-1.279420405,0
-0.180039049,1.162206796,1.396606212,0.886616309,-1.339678653,0.8509777,0.60525981,1.647483079,-0.379642006,0.190905296,-1.468522111,-1.304489412,-0.0453433,-0.311088663,1.823114833,-0.781488916,-0.302462052,-0.726998583,-1.370309871,-1.263326408,0.597440687,-1.253047332,1.138602902,-0.32353837,0
0.000612567,1.162206796,-1.181988297,0.150266256,-1.339678653,0.087122786,-0.480316565,0.921162855,-0.250358081,0.190905296,-0.039856426,1.5586795,0.697553992,0.6216023,-0.538211136,1.27960868,1.808525246,-0.35288954,0.983033829,1.536011617,-1.329097671,0.622765102,0.688050595,0.632343664,0
-1.44460036,-0.86043207,-1.181988297,0.886616309,-0.398188716,-0.676732128,0.75437967,0.835713417,-1.672481254,-0.875009989,-1.468522111,-1.304489412,1.440451283,1.554293264,-0.575692501,1.27960868,-1.56905443,-0.726998583,0.80200739,-0.330213733,-1.329097671,1.560671319,1.213694953,0.632343664,0
-0.270364857,1.162206796,1.396606212,0.886616309,0.543301221,1.614832614,1.408197319,-0.360578717,-1.672481254,-0.608531167,1.031642839,1.5586795,-0.788240591,-1.243779626,1.373338458,1.27960868,1.386327786,-0.228186526,-0.646204118,0.602898942,0.597440687,0.622765102,-0.363238122,-0.32353837,0
0.632893223,-0.86043207,1.396606212,1.622966363,-1.339678653,-1.440587041,1.535638069,-0.531477594,0.008209768,-0.875009989,-0.397022847,-0.350099774,1.440451283,1.554293264,-0.688136594,-0.781488916,0.119735408,1.268249643,0.80200739,0.602898942,-1.329097671,1.560671319,0.38768239,0.632343664,1
0.090938375,-0.86043207,-1.181988297,1.622966363,-1.339678653,0.087122786,-1.668210236,-0.659651751,1.042481167,1.523299402,-0.397022847,0.604289863,-1.531137883,1.554293264,1.410819822,1.27960868,0.964130327,0.769437586,0.439954513,1.536011617,-1.329097671,0.622765102,-0.288146071,1.588225698,0
0.000612567,-0.86043207,-1.181988297,0.150266256,-1.339678653,-0.676732128,-0.778556286,-1.813219166,1.818184715,0.457384117,-1.11135569,-0.350099774,0.697553992,0.6216023,-1.137912969,1.27960868,1.386327786,-0.477592555,-0.827230556,-0.330213733,-0.365828492,-0.315141115,-0.288146071,-0.32353837,0
-1.354274552,-0.86043207,1.396606212,-0.586083797,0.543301221,-0.676732128,0.228002772,-0.787825908,0.266777618,1.523299402,-0.039856426,0.604289863,-0.788240591,-0.311088663,0.698673895,1.27960868,0.119735408,1.392952657,0.80200739,-1.263326408,-1.329097671,1.560671319,-1.039066582,0.632343664,0
-1.805903592,1.162206796,1.396606212,0.150266256,0.543301221,-0.676732128,0.652467592,-0.018780965,-1.02606163,-1.407967631,-1.468522111,-0.350099774,0.697553992,1.554293264,-0.950506146,1.27960868,1.386327786,-1.849325709,1.164060267,1.536011617,-1.329097671,-1.253047332,-0.88888248,-0.32353837,0
-1.44460036,1.162206796,1.396606212,0.150266256,-0.398188716,1.614832614,-0.688192892,1.732932518,1.68890079,1.523299402,1.38880926,-1.304489412,0.697553992,0.6216023,1.298375729,1.27960868,1.386327786,1.642358685,-1.189283433,0.602898942,1.560709866,1.560671319,0.688050595,0.632343664,0
-0.812319705,-0.86043207,0.107308958,-1.32243385,0.543301221,1.614832614,-0.953407427,1.006612293,-0.121074156,0.99034176,-0.039856426,-0.350099774,-0.788240591,0.6216023,-0.388285678,1.27960868,1.808525246,0.644734572,0.620980952,-0.330213733,-0.365828492,0.622765102,0.087314185,0.632343664,0
0.452241607,-0.86043207,-1.181988297,-1.32243385,0.543301221,1.614832614,0.135410684,0.835713417,-0.379642006,0.190905296,0.317309996,-0.350099774,1.440451283,-0.311088663,1.598226645,1.27960868,-1.146856971,1.767061699,0.80200739,0.602898942,-0.365828492,0.622765102,0.087314185,-1.279420405,0
1.174848071,1.162206796,0.107308958,0.150266256,1.484791158,0.8509777,-0.096981272,0.323016788,0.266777618,-1.407967631,-1.11135569,-1.304489412,1.440451283,0.6216023,0.173934791,1.27960868,-0.724659511,0.520031558,0.258928075,0.602898942,0.597440687,0.622765102,-1.489618889,-0.32353837,0
-0.631668089,-0.86043207,-1.181988297,0.150266256,-0.398188716,-0.676732128,0.972994248,-1.770494447,-0.121074156,-1.674446452,1.745975682,0.604289863,1.440451283,-0.311088663,-0.388285678,1.27960868,-1.56905443,0.520031558,1.526113144,0.602898942,-1.329097671,0.622765102,-1.489618889,-1.279420405,0
0.452241607,1.162206796,-1.181988297,0.150266256,-1.339678653,0.087122786,0.86561174,1.647483079,-1.155345555,0.723862938,1.745975682,0.604289863,-0.0453433,-1.243779626,-1.212875699,-0.781488916,-0.302462052,-1.101107625,-0.103124802,0.602898942,1.560709866,0.622765102,-1.114158633,0.632343664,0
0.542567415,-0.86043207,-1.181988297,0.886616309,0.543301221,1.614832614,0.608096329,0.878438136,0.525345467,-1.14148881,-1.468522111,-1.304489412,1.440451283,1.554293264,-1.137912969,1.27960868,0.119735408,-0.851701597,-0.827230556,-1.263326408,1.560709866,0.622765102,-0.663606326,-0.32353837,0
-1.083297128,1.162206796,-1.181988297,-1.32243385,-1.339678653,1.614832614,-0.38610361,1.305685327,1.171765091,0.457384117,-0.397022847,-0.350099774,-0.788240591,0.6216023,-0.050953396,-0.781488916,-1.56905443,-0.976404611,-0.284151241,-0.330213733,-0.365828492,-1.253047332,0.162406236,-0.32353837,0
0.452241607,-0.86043207,-1.181988297,0.150266256,-1.339678653,-0.676732128,-1.189851553,1.092061731,-1.155345555,1.256820581,0.674476417,-0.350099774,-0.0453433,-1.243779626,-0.538211136,-0.781488916,1.386327786,1.392952657,-1.55133631,1.536011617,-1.329097671,0.622765102,-0.663606326,1.588225698,0
0.090938375,-0.86043207,-1.181988297,1.622966363,1.484791158,1.614832614,-0.484976561,-1.471421413,1.559616866,-1.14148881,0.317309996,-0.350099774,1.440451283,0.6216023,-0.65065523,-0.781488916,-1.146856971,-0.35288954,-1.189283433,-0.330213733,1.560709866,-1.253047332,0.162406236,1.588225698,1
0.813544839,1.162206796,-1.181988297,1.622966363,0.543301221,0.8509777,1.090101964,-1.770494447,0.396061543,0.457384117,1.745975682,1.5586795,-0.0453433,0.6216023,-0.088434761,1.27960868,-1.56905443,-0.228186526,-0.284151241,-0.330213733,0.597440687,1.560671319,0.312590339,0.632343664,0
-0.360690665,-0.86043207,0.107308958,0.886616309,-0.398188716,0.8509777,-1.279404513,-0.403303436,1.171765091,-0.075573525,-1.468522111,0.604289863,-0.788240591,-1.243779626,-0.088434761,-0.781488916,-1.146856971,-0.477592555,0.80200739,-0.330213733,-1.329097671,-0.315141115,-1.264342736,0.632343664,0
0.452241607,-0.86043207,1.396606212,0.886616309,0.543301221,1.614832614,-0.032551767,0.70753926,-1.284629479,1.523299402,-1.468522111,-0.350099774,1.440451283,0.6216023,0.548748437,-0.781488916,0.119735408,-0.976404611,0.439954513,1.536011617,-1.329097671,-1.253047332,0.612958543,0.632343664,0
1.355499687,1.162206796,1.396606212,-0.586083797,-1.339678653,-0.676732128,-0.831842323,0.750263979,1.171765091,0.723862938,1.031642839,0.604289863,-1.531137883,0.6216023,-0.125916126,-0.781488916,1.808525246,0.644734572,1.707139582,-0.330213733,-1.329097671,1.560671319,-0.88888248,0.632343664,0
-1.805903592,-0.86043207,0.107308958,-0.586083797,-0.398188716,-0.676732128,-1.450000875,-0.531477594,1.171765091,-1.674446452,-0.397022847,-0.350099774,-0.788240591,-1.243779626,-0.538211136,1.27960868,1.808525246,0.769437586,-0.465177679,1.536011617,1.560709866,-0.315141115,0.838234697,1.588225698,0
-1.173622936,1.162206796,0.107308958,-0.586083797,0.543301221,-0.676732128,0.972183814,-1.428696694,-1.155345555,0.723862938,-0.039856426,-1.304489412,0.697553992,0.6216023,1.673189375,-0.781488916,-1.146856971,0.27062553,1.526113144,1.536011617,-0.365828492,-1.253047332,0.612958543,-0.32353837,1
1.265173879,1.162206796,0.107308958,0.886616309,-1.339678653,-1.440587041,-1.467627815,1.391134765,-1.672481254,-0.608531167,0.674476417,-1.304489412,0.697553992,-0.311088663,-1.212875699,1.27960868,-1.146856971,0.021219502,1.526113144,-1.263326408,-0.365828492,-1.253047332,-1.114158633,-1.279420405,0
-0.541342281,-0.86043207,0.107308958,0.886616309,-1.339678653,1.614832614,-1.453242611,-0.317853998,-0.896777705,0.457384117,1.031642839,0.604289863,-0.788240591,0.6216023,-0.275841584,-0.781488916,-0.724659511,1.642358685,0.983033829,0.602898942,0.597440687,1.560671319,-0.738698378,-0.32353837,0
0.090938375,-0.86043207,-1.181988297,0.886616309,1.484791158,-0.676732128,1.510109397,1.775657237,0.008209768,1.256820581,1.745975682,0.604289863,0.697553992,1.554293264,-0.763099324,-0.781488916,0.964130327,-0.602295569,0.077901636,1.536011617,1.560709866,0.622765102,-0.813790429,-0.32353837,0
-0.631668089,-0.86043207,1.396606212,1.622966363,1.484791158,0.8509777,-1.329854031,0.23756735,0.008209768,-1.14148881,0.674476417,-1.304489412,-0.788240591,0.6216023,0.773636625,1.27960868,-0.724659511,0.021219502,-0.103124802,0.602898942,-1.329097671,-1.253047332,1.514063157,1.588225698,0
0.452241607,-0.86043207,-1.181988297,0.886616309,1.484791158,0.087122786,1.302840896,1.13478645,-0.508925931,0.457384117,-1.11135569,1.5586795,-1.531137883,1.554293264,-1.212875699,1.27960868,-1.56905443,-0.228186526,-0.465177679,-0.330213733,0.597440687,-1.253047332,0.688050595,-0.32353837,0
0.632893223,-0.86043207,1.396606212,1.622966363,-1.339678653,0.087122786,-0.074289119,0.23756735,0.913197242,-0.608531167,-0.397022847,-1.304489412,-0.788240591,1.554293264,1.185931635,-0.781488916,0.541932867,-1.599919681,-1.732362748,0.602898942,0.597440687,1.560671319,0.612958543,-0.32353837,0
0.181264183,-0.86043207,1.396606212,-0.586083797,0.543301221,-0.676732128,-1.158244626,-1.727769728,0.913197242,0.457384117,1.745975682,-0.350099774,1.440451283,0.6216023,-1.325319792,-0.781488916,-0.724659511,0.644734572,-0.103124802,0.602898942,-0.365828492,0.622765102,-0.363238122,0.632343664,1
-0.631668089,-0.86043207,0.107308958,-0.586083797,1.484791158,0.087122786,-0.407174895,1.305685327,1.171765091,0.723862938,-1.468522111,1.5586795,1.440451283,-1.243779626,-0.950506146,-0.781488916,-1.56905443,-1.724622695,1.345086706,0.602898942,-1.329097671,-0.315141115,0.462774441,-1.279420405,1
0.271589991,1.162206796,-1.181988297,-0.586083797,0.543301221,0.087122786,1.638765799,-1.64232029,-1.801765179,-0.342052346,1.745975682,-1.304489412,-0.0453433,-0.311088663,0.286378885,1.27960868,-0.302462052,-1.599919681,-1.370309871,-0.330213733,-1.329097671,0.622765102,-0.588514275,-0.32353837,0
-1.715577784,-0.86043207,0.107308958,0.150266256,1.484791158,-1.440587041,0.124469825,0.750263979,0.396061543,0.457384117,1.38880926,1.5586795,0.697553992,-0.311088663,0.024009333,1.27960868,-1.56905443,-1.475216667,0.077901636,-0.330213733,1.560709866,0.622765102,-0.88888248,-0.32353837,0
0.452241607,1.162206796,-1.181988297,0.150266256,-0.398188716,0.8509777,1.347414767,1.775657237,-0.379642006,-0.075573525,-0.754189269,1.5586795,0.697553992,0.6216023,0.286378885,-0.781488916,-1.56905443,0.769437586,1.345086706,1.536011617,1.560709866,1.560671319,-1.039066582,-1.279420405,1
-0.631668089,-0.86043207,1.396606212,-1.32243385,-0.398188716,0.8509777,1.172361018,-0.745101189,-0.379642006,-0.075573525,-0.754189269,1.5586795,-0.788240591,-1.243779626,0.436304343,-0.781488916,-1.146856971,-1.350513653,-1.370309871,1.536011617,1.560709866,0.622765102,-1.639802992,0.632343664,0
-1.263948744,-0.86043207,0.107308958,-1.32243385,1.484791158,-1.440587041,0.257178396,1.220235889,1.301049016,0.190905296,1.745975682,0.604289863,0.697553992,-1.243779626,-0.388285678,1.27960868,1.386327786,-0.726998583,-0.465177679,-1.263326408,0.597440687,1.560671319,-0.438330173,1.588225698,0
-1.625251976,1.162206796,0.107308958,-1.32243385,-1.339678653,-1.440587041,0.04241338,-1.64232029,-0.508925931,-0.075573525,1.38880926,-1.304489412,1.440451283,-0.311088663,0.211416156,1.27960868,-1.146856971,0.520031558,0.620980952,-0.330213733,-1.329097671,-0.315141115,-0.813790429,1.588225698,0
0.181264183,-0.86043207,1.396606212,0.150266256,1.484791158,0.087122786,-1.704679767,-1.215073099,1.68890079,1.256820581,1.745975682,0.604289863,-1.531137883,-1.243779626,1.748152104,-0.781488916,-1.146856971,1.642358685,-0.827230556,-1.263326408,-0.365828492,-1.253047332,0.38768239,-0.32353837,0
-0.270364857,-0.86043207,1.396606212,0.150266256,1.484791158,1.614832614,0.161141965,-1.17234838,-0.896777705,0.457384117,-0.754189269,0.604289863,-0.788240591,0.6216023,-0.500729771,1.27960868,1.386327786,-1.724622695,0.80200739,-0.330213733,0.597440687,-1.253047332,0.012222134,0.632343664,0
1.536151302,1.162206796,1.396606212,-1.32243385,-1.339678653,0.087122786,-1.130284652,-1.813219166,1.68890079,0.99034176,1.031642839,-0.350099774,0.697553992,0.6216023,-0.463248407,-0.781488916,0.541932867,-0.477592555,0.620980952,0.602898942,0.597440687,1.560671319,1.06351085,1.588225698,0
1.265173879,-0.86043207,0.107308958,-1.32243385,-0.398188716,-1.440587041,1.38773386,-1.17234838,-1.02606163,0.457384117,-1.11135569,-0.350099774,1.440451283,-1.243779626,-1.325319792,1.27960868,-0.302462052,1.392952657,-0.646204118,-1.263326408,-0.365828492,1.560671319,-0.88888248,1.588225698,0
-0.541342281,-0.86043207,-1.181988297,0.886616309,0.543301221,0.8509777,0.785783989,-0.275129279,1.042481167,-0.342052346,-0.754189269,1.5586795,-0.0453433,0.6216023,-0.838062053,-0.781488916,-0.724659511,-1.350513653,-0.103124802,-1.263326408,-0.365828492,0.622765102,0.38768239,1.588225698,0
0.361915799,-0.86043207,0.107308958,-1.32243385,1.484791158,0.087122786,0.689139731,-1.727769728,0.783913317,-0.075573525,-1.11135569,1.5586795,0.697553992,1.554293264,1.260894364,-0.781488916,-1.56905443,-1.350513653,0.80200739,-1.263326408,1.560709866,0.622765102,-0.137961968,1.588225698,0
1.445825495,1.162206796,-1.181988297,0.886616309,-1.339678653,1.614832614,1.721227461,0.365741507,-1.672481254,-1.407967631,-1.468522111,-0.350099774,-1.531137883,-0.311088663,-0.688136594,-0.781488916,-0.724659511,1.392952657,-0.103124802,-0.330213733,-0.365828492,-1.253047332,0.913326748,1.588225698,1
0.632893223,-0.86043207,0.107308958,1.622966363,1.484791158,0.087122786,-0.537046947,0.152117912,-0.508925931,0.457384117,-1.11135569,-0.350099774,-1.531137883,0.6216023,0.886080718,1.27960868,1.808525246,0.8941406,1.164060267,1.536011617,-0.365828492,-1.253047332,-1.714895043,-0.32353837,0
-0.99297132,-0.86043207,0.107308958,0.150266256,-1.339678653,-0.676732128,0.706766671,-1.300522537,0.913197242,1.256820581,1.031642839,-1.304489412,0.697553992,-1.243779626,1.185931635,-0.781488916,0.119735408,-1.849325709,1.526113144,-1.263326408,-0.365828492,-1.253047332,1.438971106,1.588225698,1
1.62647711,-0.86043207,1.396606212,-1.32243385,0.543301221,0.087122786,-1.608643335,1.562033641,-0.638209856,1.523299402,1.38880926,1.5586795,0.697553992,-0.311088663,1.260894364,-0.781488916,0.541932867,-1.475216667,1.164060267,1.536011617,-0.365828492,1.560671319,1.213694953,-0.32353837,0
-0.360690665,-0.86043207,-1.181988297,0.150266256,0.543301221,-1.440587041,-0.90417356,0.493915664,-1.543197329,-1.674446452,-1.11135569,1.5586795,1.440451283,0.6216023,-0.200878855,1.27960868,0.119735408,1.392952657,0.258928075,-0.330213733,1.560709866,-0.315141115,0.763142646,-1.279420405,0
1.62647711,1.162206796,0.107308958,0.150266256,-0.398188716,0.8509777,-1.280214947,-0.958724784,0.654629392,-1.674446452,0.674476417,-0.350099774,0.697553992,-0.311088663,0.698673895,-0.781488916,-1.56905443,0.644734572,0.80200739,-1.263326408,0.597440687,-0.315141115,0.763142646,-1.279420405,1
0.090938375,1.162206796,0.107308958,0.150266256,-1.339678653,0.8509777,-0.307288901,0.963887574,1.818184715,-1.14148881,-0.039856426,-1.304489412,-0.0453433,-1.243779626,-0.050953396,-0.781488916,-1.56905443,1.018843614,0.258928075,-0.330213733,-1.329097671,1.560671319,1.814431362,0.632343664,0
0.452241607,-0.86043207,1.396606212,1.622966363,-1.339678653,-1.440587041,0.146351544,0.451190945,-0.638209856,1.256820581,-0.754189269,-0.350099774,1.440451283,1.554293264,0.286378885,-0.781488916,-0.302462052,-0.477592555,-0.284151241,1.536011617,-1.329097671,0.622765102,0.688050595,-0.32353837,0
0.361915799,-0.86043207,1.396606212,-0.586083797,-0.398188716,-0.676732128,0.44925126,-0.70237647,1.68890079,-0.342052346,1.38880926,-0.350099774,-0.788240591,1.554293264,0.961043447,1.27960868,-0.724659511,-0.477592555,-1.008256994,1.536011617,0.597440687,-0.315141115,-1.489618889,0.632343664,0
-0.360690665,1.162206796,-1.181988297,-1.32243385,-0.398188716,-1.440587041,0.983327282,-0.23240456,1.559616866,-0.608531167,0.317309996,0.604289863,-0.0453433,0.6216023,-1.025468876,1.27960868,1.386327786,0.021219502,-1.189283433,-1.263326408,-1.329097671,0.622765102,1.06351085,-1.279420405,0
-0.721993897,1.162206796,0.107308958,-0.586083797,-1.339678653,0.087122786,-1.16857766,0.622089822,0.396061543,-1.407967631,-1.468522111,1.5586795,1.440451283,1.554293264,-1.700133438,1.27960868,0.964130327,1.018843614,0.258928075,1.536011617,-1.329097671,-1.253047332,0.462774441,-1.279420405,0
-0.089713241,-0.86043207,-1.181988297,-0.586083797,-0.398188716,-1.440587041,-1.716633669,0.792988698,-0.121074156,0.457384117,-0.039856426,-1.304489412,1.440451283,0.6216023,1.185931635,1.27960868,0.964130327,0.145922516,0.983033829,0.602898942,0.597440687,-1.253047332,1.66424726,-1.279420405,0
0.361915799,1.162206796,0.107308958,-0.586083797,0.543301221,-1.440587041,0.15222719,0.109393193,0.396061543,1.789778223,0.674476417,0.604289863,-1.531137883,-0.311088663,0.848599354,-0.781488916,1.386327786,0.644734572,-0.284151241,0.602898942,-1.329097671,0.622765102,-0.288146071,-1.279420405,0
-1.534926168,-0.86043207,-1.181988297,0.150266256,1.484791158,-0.676732128,1.285821781,-1.385971975,1.68890079,1.523299402,-0.397022847,1.5586795,1.440451283,0.6216023,-0.125916126,1.27960868,0.964130327,-0.726998583,-1.370309871,-1.263326408,-1.329097671,-1.253047332,0.162406236,1.588225698,1
-0.99297132,1.162206796,1.396606212,0.886616309,0.543301221,0.087122786,0.489772961,1.220235889,1.171765091,0.723862938,1.031642839,-0.350099774,-0.0453433,0.6216023,0.361341614,1.27960868,-1.146856971,0.145922516,-1.370309871,-0.330213733,0.597440687,1.560671319,-0.663606326,-1.279420405,0
-1.625251976,1.162206796,0.107308958,0.150266256,-0.398188716,1.614832614,-1.339781848,-1.514146132,-0.896777705,1.789778223,1.745975682,-1.304489412,0.697553992,0.6216023,-0.575692501,1.27960868,-0.302462052,0.145922516,1.345086706,-0.330213733,-1.329097671,0.622765102,-1.264342736,1.588225698,0
-0.270364857,1.162206796,-1.181988297,0.150266256,-1.339678653,1.614832614,-0.649292059,1.17751117,-0.638209856,-0.875009989,-0.039856426,1.5586795,-0.0453433,1.554293264,-1.437763886,-0.781488916,0.541932867,0.27062553,1.164060267,-0.330213733,-0.365828492,0.622765102,-1.264342736,1.588225698,0
1.355499687,1.162206796,1.396606212,-0.586083797,-1.339678653,0.8509777,0.534549441,0.878438136,0.913197242,-0.875009989,1.38880926,-0.350099774,-0.788240591,0.6216023,-0.688136594,-0.781488916,-0.724659511,-1.724622695,-0.103124802,0.602898942,0.597440687,0.622765102,0.38768239,0.632343664,1
0.090938375,-0.86043207,1.396606212,0.150266256,0.543301221,-1.440587041,1.463914658,-0.958724784,-0.250358081,-0.608531167,1.38880926,0.604289863,1.440451283,-1.243779626,-1.437763886,-0.781488916,-0.724659511,1.143546628,-1.55133631,1.536011617,1.560709866,-0.315141115,-0.062869917,1.588225698,0
1.174848071,1.162206796,-1.181988297,-0.586083797,-1.339678653,0.8509777,-0.031133508,1.220235889,0.783913317,0.190905296,1.38880926,-1.304489412,1.440451283,0.6216023,0.24889752,1.27960868,0.541932867,-1.475216667,0.077901636,0.602898942,-1.329097671,0.622765102,0.763142646,0.632343664,0
-1.173622936,1.162206796,0.107308958,0.886616309,-0.398188716,-0.676732128,1.691241402,0.835713417,-0.896777705,0.723862938,-1.468522111,1.5586795,1.440451283,-0.311088663,-0.425767042,-0.781488916,-1.56905443,0.395328544,-1.370309871,1.536011617,1.560709866,0.622765102,-0.288146071,1.588225698,0
1.716802918,-0.86043207,0.107308958,-1.32243385,0.543301221,1.614832614,0.459179077,1.775657237,-1.413913404,-0.875009989,-1.11135569,0.604289863,1.440451283,-1.243779626,-1.06295024,-0.781488916,-1.56905443,-0.602295569,-1.55133631,0.602898942,-1.329097671,0.622765102,-0.663606326,1.588225698,0
-0.180039049,1.162206796,1.396606212,-0.586083797,-1.339678653,-1.440587041,-1.082874262,0.878438136,1.559616866,-0.608531167,-0.754189269,-0.350099774,-1.531137883,-0.311088663,1.673189375,1.27960868,0.119735408,0.145922516,-0.284151241,-0.330213733,-0.365828492,-0.315141115,0.688050595,-1.279420405,0
1.445825495,1.162206796,0.107308958,0.886616309,1.484791158,-0.676732128,1.196674039,-1.001449504,-1.413913404,1.256820581,-0.397022847,-0.350099774,-1.531137883,-0.311088663,-1.475245251,-0.781488916,-1.56905443,-0.477592555,1.526113144,-0.330213733,0.597440687,-1.253047332,-0.513422224,-0.32353837,1
-1.354274552,-0.86043207,0.107308958,-1.32243385,1.484791158,-0.676732128,0.584796351,-1.514146132,-1.284629479,-0.875009989,1.745975682,1.5586795,0.697553992,-0.311088663,-0.875543417,1.27960868,1.386327786,-1.724622695,-1.55133631,-0.330213733,1.560709866,-0.315141115,-0.288146071,1.588225698,1
0.452241607,1.162206796,0.107308958,1.622966363,-0.398188716,-1.440587041,-0.623155562,0.622089822,-1.801765179,1.789778223,1.38880926,-0.350099774,1.440451283,-1.243779626,1.560745281,1.27960868,-1.146856971,-1.225810639,1.526113144,-1.263326408,0.597440687,1.560671319,-0.813790429,-0.32353837,0
1.174848071,-0.86043207,1.396606212,-0.586083797,-1.339678653,-0.676732128,-0.596613848,0.109393193,0.266777618,-0.342052346,1.745975682,-1.304489412,-0.788240591,-1.243779626,-1.55020798,-0.781488916,0.541932867,-0.851701597,-1.55133631,-1.263326408,1.560709866,0.622765102,1.514063157,-0.32353837,0
-1.354274552,-0.86043207,-1.181988297,-0.586083797,-0.398188716,-1.440587041,-0.923016151,-0.531477594,-1.672481254,1.256820581,0.317309996,1.5586795,0.697553992,1.554293264,-1.55020798,1.27960868,0.119735408,-1.350513653,0.80200739,1.536011617,-1.329097671,1.560671319,0.012222134,-0.32353837,0
1.445825495,-0.86043207,0.107308958,1.622966363,0.543301221,-1.440587041,1.607969306,-1.471421413,-0.896777705,-1.14148881,-1.468522111,0.604289863,1.440451283,-1.243779626,0.398822979,1.27960868,-0.302462052,0.520031558,-1.370309871,-1.263326408,-0.365828492,-0.315141115,1.739339311,1.588225698,0
1.084522263,-0.86043207,1.396606212,1.622966363,1.484791158,0.087122786,-0.311341071,-1.215073099,-1.02606163,0.190905296,1.38880926,1.5586795,-1.531137883,0.6216023,0.848599354,1.27960868,-1.56905443,1.642358685,-1.008256994,0.602898942,1.560709866,-1.253047332,0.988418799,-0.32353837,0
0.090938375,1.162206796,1.396606212,-0.586083797,0.543301221,0.8509777,-0.274668932,-0.745101189,0.008209768,-0.342052346,0.317309996,1.5586795,-0.788240591,-0.311088663,-0.575692501,1.27960868,-0.724659511,0.644734572,0.077901636,0.602898942,1.560709866,-1.253047332,-1.264342736,1.588225698,0
0.000612567,-0.86043207,-1.181988297,1.622966363,-1.339678653,-0.676732128,1.713528337,-1.428696694,1.430332941,0.723862938,-0.397022847,0.604289863,0.697553992,1.554293264,-1.250357063,1.27960868,-0.302462052,-0.851701597,-0.646204118,1.536011617,-0.365828492,0.622765102,-1.189250685,-1.279420405,1
-1.354274552,1.162206796,0.107308958,0.150266256,-0.398188716,-0.676732128,0.483492098,-0.616927032,1.301049016,-0.608531167,-0.397022847,-0.350099774,-0.788240591,-1.243779626,-1.362801157,1.27960868,-1.146856971,1.517655671,-0.827230556,1.536011617,-0.365828492,-1.253047332,-0.062869917,1.588225698,1
-1.354274552,1.162206796,0.107308958,-1.32243385,-0.398188716,0.087122786,-0.635312072,1.562033641,-1.284629479,1.523299402,-0.754189269,0.604289863,1.440451283,-0.311088663,1.410819822,-0.781488916,-1.146856971,1.642358685,0.620980952,-0.330213733,-0.365828492,-0.315141115,-0.738698378,0.632343664,0
-1.534926168,1.162206796,-1.181988297,-1.32243385,-0.398188716,0.087122786,0.810097009,-0.317853998,-1.672481254,-1.407967631,0.674476417,-1.304489412,-0.0453433,-1.243779626,0.998524812,1.27960868,-1.146856971,0.8941406,-1.732362748,-1.263326408,-0.365828492,-0.315141115,-1.489618889,-1.279420405,0
0.813544839,1.162206796,-1.181988297,-1.32243385,0.543301221,0.087122786,-1.080645568,1.732932518,-1.02606163,0.723862938,-0.754189269,-0.350099774,-0.788240591,1.554293264,1.560745281,1.27960868,-1.56905443,-0.976404611,1.164060267,-0.330213733,-0.365828492,-1.253047332,-0.213054019,-0.32353837,0
-0.902645512,1.162206796,1.396606212,0.150266256,1.484791158,1.614832614,-0.096778663,-0.275129279,-0.896777705,0.723862938,-1.11135569,1.5586795,-0.788240591,-1.243779626,-1.025468876,1.27960868,-1.146856971,0.520031558,1.164060267,-1.263326408,0.597440687,0.622765102,1.66424726,-0.32353837,0
0.813544839,1.162206796,1.396606212,1.622966363,0.543301221,1.614832614,1.421366872,1.17751117,1.68890079,-0.075573525,1.745975682,-0.350099774,-1.531137883,-1.243779626,1.748152104,1.27960868,0.541932867,1.392952657,0.620980952,-1.263326408,-1.329097671,0.622765102,-1.039066582,0.632343664,0
0.903870647,1.162206796,-1.181988297,0.886616309,0.543301221,1.614832614,1.160407116,-0.873275346,-1.02606163,-1.407967631,1.031642839,-0.350099774,1.440451283,-0.311088663,-0.838062053,-0.781488916,-0.724659511,-0.976404611,-0.103124802,1.536011617,-1.329097671,-0.315141115,-0.137961968,-1.279420405,0
0.271589991,1.162206796,0.107308958,1.622966363,-1.339678653,-1.440587041,-0.141352535,-0.104230403,-1.02606163,-1.674446452,-0.397022847,-1.304489412,-0.788240591,0.6216023,0.548748437,-0.781488916,0.119735408,0.769437586,-0.465177679,-0.330213733,1.560709866,-1.253047332,0.462774441,0.632343664,0
-1.083297128,1.162206796,1.396606212,-0.586083797,-1.339678653,-0.676732128,-0.715342432,1.562033641,1.68890079,-0.075573525,1.031642839,-0.350099774,1.440451283,-1.243779626,-1.775096167,1.27960868,-1.56905443,0.644734572,-0.465177679,-0.330213733,-0.365828492,-0.315141115,0.462774441,-0.32353837,0
-1.625251976,1.162206796,1.396606212,-1.32243385,-1.339678653,0.8509777,0.893976931,-0.659651751,-0.121074156,-0.608531167,-1.468522111,-0.350099774,-1.531137883,1.554293264,1.785633468,-0.781488916,1.386327786,1.642358685,0.620980952,-1.263326408,0.597440687,-0.315141115,-0.588514275,1.588225698,0
0.903870647,-0.86043207,0.107308958,1.622966363,1.484791158,-1.440587041,0.106032451,0.194842631,0.783913317,-1.674446452,-0.039856426,-0.350099774,1.440451283,-1.243779626,-0.875543417,1.27960868,-0.302462052,1.517655671,-0.646204118,-1.263326408,0.597440687,1.560671319,-0.963974531,-0.32353837,1
1.716802918,-0.86043207,1.396606212,0.886616309,1.484791158,-0.676732128,-0.136895148,-0.23240456,0.396061543,-0.875009989,1.38880926,1.5586795,-1.531137883,-1.243779626,1.598226645,1.27960868,1.808525246,0.8941406,-0.827230556,1.536011617,1.560709866,-0.315141115,-0.137961968,0.632343664,0
1.445825495,-0.86043207,0.107308958,-0.586083797,-1.339678653,-0.676732128,-0.077328247,-0.531477594,-1.155345555,1.256820581,-1.468522111,-0.350099774,-1.531137883,0.6216023,1.260894364,1.27960868,-0.302462052,-1.225810639,-1.189283433,0.602898942,-0.365828492,0.622765102,0.38768239,1.588225698,0
1.355499687,1.162206796,0.107308958,0.150266256,-1.339678653,0.087122786,-1.063423845,-1.257797818,-1.413913404,1.523299402,-0.397022847,0.604289863,0.697553992,-0.311088663,0.73615526,1.27960868,-1.146856971,-1.599919681,-1.732362748,-0.330213733,-1.329097671,-1.253047332,0.087314185,1.588225698,1
0.271589991,-0.86043207,0.107308958,0.150266256,1.484791158,0.087122786,0.675970178,1.262960608,-0.638209856,-0.875009989,0.317309996,-0.350099774,1.440451283,1.554293264,1.785633468,-0.781488916,-0.724659511,-1.350513653,0.80200739,-0.330213733,-0.365828492,-1.253047332,-0.738698378,-0.32353837,0
0.903870647,-0.86043207,-1.181988297,0.886616309,-0.398188716,-1.440587041,1.304866981,1.433859484,0.396061543,0.723862938,1.745975682,-1.304489412,-0.0453433,-0.311088663,1.298375729,-0.781488916,0.119735408,-0.851701597,0.80200739,1.536011617,0.597440687,1.560671319,-0.738698378,1.588225698,0
-1.354274552,-0.86043207,-1.181988297,-0.586083797,1.484791158,0.087122786,-1.218419353,-0.616927032,-0.379642006,-0.075573525,1.031642839,-0.350099774,0.697553992,-0.311088663,-0.725617959,1.27960868,0.541932867,-1.101107625,-1.732362748,1.536011617,-0.365828492,1.560671319,-1.639802992,-1.279420405,0
-1.715577784,1.162206796,-1.181988297,-1.32243385,1.484791158,-0.676732128,0.053354239,0.323016788,0.137493693,0.457384117,-0.754189269,-0.350099774,-1.531137883,-0.311088663,-1.55020798,1.27960868,0.964130327,1.517655671,1.707139582,-0.330213733,-1.329097671,0.622765102,-0.813790429,-0.32353837,0
-0.089713241,1.162206796,0.107308958,1.622966363,1.484791158,0.087122786,1.103474126,0.23756735,1.301049016,-1.407967631,-0.039856426,1.5586795,-0.0453433,-1.243779626,-0.425767042,-0.781488916,-0.302462052,-1.475216667,-1.370309871,-0.330213733,-1.329097671,1.560671319,-1.56471094,-0.32353837,0
0.632893223,1.162206796,0.107308958,-0.586083797,-1.339678653,1.614832614,0.462015596,-0.018780965,-1.02606163,1.256820581,0.674476417,0.604289863,-0.788240591,0.6216023,0.436304343,-0.781488916,0.964130327,-1.101107625,-1.008256994,-1.263326408,1.560709866,-0.315141115,0.462774441,-1.279420405,0
-0.902645512,1.162206796,-1.181988297,0.150266256,-0.398188716,0.087122786,0.478021668,1.220235889,-1.155345555,1.789778223,-1.468522111,-0.350099774,-0.788240591,-1.243779626,1.185931635,1.27960868,-0.724659511,-1.350513653,-1.008256994,0.602898942,0.597440687,-0.315141115,-0.438330173,-0.32353837,1
-1.534926168,-0.86043207,1.396606212,0.886616309,1.484791158,-0.676732128,-1.08591339,-1.64232029,1.68890079,-1.674446452,0.674476417,0.604289863,0.697553992,1.554293264,0.586229802,-0.781488916,0.964130327,-0.602295569,-1.189283433,-0.330213733,-0.365828492,0.622765102,0.913326748,0.632343664,1
-0.541342281,-0.86043207,0.107308958,0.886616309,-1.339678653,-1.440587041,1.395230374,-0.061505684,-1.284629479,-1.407967631,1.031642839,-1.304489412,-0.0453433,0.6216023,0.661192531,1.27960868,-0.302462052,1.642358685,1.164060267,1.536011617,-0.365828492,-1.253047332,-0.213054019,0.632343664,0
-1.354274552,-0.86043207,1.396606212,1.622966363,0.543301221,0.8509777,0.299320966,-1.556870852,-1.543197329,-0.075573525,1.031642839,1.5586795,1.440451283,-0.311088663,-0.125916126,-0.781488916,1.386327786,-0.103483512,1.707139582,-1.263326408,1.560709866,0.622765102,-0.363238122,-0.32353837,0
0.813544839,-0.86043207,1.396606212,0.886616309,0.543301221,0.087122786,-1.197145459,-0.061505684,-0.379642006,1.523299402,1.38880926,0.604289863,-0.0453433,0.6216023,1.523263916,-0.781488916,1.808525246,-1.724622695,0.620980952,-1.263326408,1.560709866,1.560671319,-0.588514275,-1.279420405,0
1.536151302,1.162206796,0.107308958,0.886616309,1.484791158,-0.676732128,-1.073756879,-0.317853998,0.008209768,0.723862938,0.317309996,1.5586795,0.697553992,1.554293264,1.710670739,-0.781488916,0.964130327,-0.35288954,-0.465177679,1.536011617,1.560709866,-1.253047332,0.312590339,1.588225698,0
-1.715577784,1.162206796,0.107308958,-0.586083797,0.543301221,0.8509777,-1.183975907,-0.70237647,-0.638209856,-0.342052346,0.317309996,-0.350099774,1.440451283,-1.243779626,0.848599354,-0.781488916,1.386327786,0.769437586,-1.55133631,1.536011617,0.597440687,-1.253047332,-1.489618889,-1.279420405,0
-0.541342281,1.162206796,1.396606212,-1.32243385,-0.398188716,0.8509777,-1.07639079,0.622089822,1.430332941,-0.875009989,-1.11135569,-1.304489412,1.440451283,-1.243779626,-0.238360219,1.27960868,1.386327786,0.021219502,-0.465177679,-1.263326408,-0.365828492,-1.253047332,-0.663606326,0.632343664,1
-0.902645512,-0.86043207,1.396606212,1.622966363,0.543301221,1.614832614,-0.841364923,0.109393193,0.654629392,-1.674446452,-0.754189269,1.5586795,-0.788240591,-0.311088663,0.361341614,1.27960868,-1.146856971,-1.101107625,-1.732362748,1.536011617,1.560709866,1.560671319,-1.714895043,-0.32353837,0
-1.173622936,1.162206796,-1.181988297,-0.586083797,0.543301221,0.8509777,0.958406436,0.963887574,0.525345467,1.523299402,-0.397022847,-0.350099774,-0.0453433,-1.243779626,-0.125916126,-0.781488916,1.808525246,-0.976404611,-1.189283433,-1.263326408,0.597440687,-0.315141115,1.814431362,-1.279420405,0
0.452241607,1.162206796,-1.181988297,-1.32243385,-0.398188716,-0.676732128,-0.278518493,-0.787825908,0.137493693,-1.674446452,-0.397022847,0.604289863,1.440451283,-1.243779626,0.848599354,1.27960868,0.541932867,-1.225810639,1.526113144,1.536011617,-0.365828492,-0.315141115,1.739339311,1.588225698,0
-1.44460036,-0.86043207,0.107308958,-0.586083797,1.484791158,-0.676732128,0.584796351,1.262960608,1.68890079,-0.608531167,1.031642839,-1.304489412,0.697553992,1.554293264,-0.538211136,-0.781488916,-0.302462052,1.018843614,-1.008256994,-1.263326408,-1.329097671,1.560671319,-0.588514275,1.588225698,0
-1.354274552,-0.86043207,-1.181988297,-0.586083797,1.484791158,0.087122786,0.372665245,-0.70237647,-0.508925931,-1.674446452,-1.468522111,-1.304489412,-0.788240591,0.6216023,-0.388285678,-0.781488916,0.119735408,-1.101107625,-1.008256994,-0.330213733,1.560709866,1.560671319,-0.288146071,1.588225698,1
0.452241607,1.162206796,-1.181988297,0.886616309,-0.398188716,0.087122786,1.01878377,-1.813219166,-0.896777705,1.256820581,1.745975682,0.604289863,1.440451283,-1.243779626,1.598226645,1.27960868,0.119735408,0.27062553,1.707139582,-0.330213733,0.597440687,0.622765102,0.688050595,1.588225698,0
-1.534926168,1.162206796,-1.181988297,-1.32243385,-0.398188716,0.087122786,-0.541504334,1.305685327,-1.543197329,-0.075573525,-0.397022847,0.604289863,-0.0453433,1.554293264,0.061490697,1.27960868,0.964130327,1.767061699,1.526113144,1.536011617,-0.365828492,0.622765102,-0.513422224,-1.279420405,1
-0.180039049,1.162206796,-1.181988297,1.622966363,-0.398188716,0.8509777,1.146021912,-0.061505684,1.042481167,1.523299402,-0.397022847,-1.304489412,-0.788240591,1.554293264,-1.700133438,1.27960868,1.808525246,0.769437586,0.258928075,0.602898942,-0.365828492,-0.315141115,-1.414526838,1.588225698,0
-0.089713241,1.162206796,1.396606212,1.622966363,0.543301221,0.8509777,1.174589711,0.365741507,-1.02606163,0.99034176,-1.468522111,1.5586795,-0.0453433,-0.311088663,1.14845027,-0.781488916,0.964130327,1.143546628,1.707139582,-0.330213733,1.560709866,1.560671319,-1.414526838,0.632343664,0
1.084522263,1.162206796,0.107308958,-1.32243385,-0.398188716,1.614832614,1.540095456,-0.787825908,1.042481167,-1.674446452,-0.754189269,-1.304489412,-0.0453433,1.554293264,1.036006177,1.27960868,1.808525246,1.517655671,-1.732362748,-1.263326408,1.560709866,0.622765102,1.138602902,1.588225698,0
-0.089713241,1.162206796,-1.181988297,0.886616309,-1.339678653,0.087122786,-0.875808369,0.451190945,1.818184715,-1.674446452,-0.039856426,0.604289863,-0.0453433,-0.311088663,1.298375729,1.27960868,-0.302462052,0.769437586,-0.646204118,0.602898942,-0.365828492,1.560671319,-0.813790429,0.632343664,0
-0.812319705,-0.86043207,1.396606212,0.150266256,0.543301221,-1.440587041,0.088608119,1.006612293,-1.02606163,-1.407967631,0.317309996,1.5586795,-0.788240591,-1.243779626,0.061490697,1.27960868,-0.302462052,0.520031558,1.164060267,-1.263326408,0.597440687,1.560671319,1.514063157,-1.279420405,0
-1.805903592,-0.86043207,1.396606212,-0.586083797,1.484791158,1.614832614,0.888911718,-1.599595571,-0.121074156,1.523299402,1.38880926,-0.350099774,1.440451283,-0.311088663,-1.662652074,1.27960868,0.541932867,-1.101107625,-1.55133631,-1.263326408,-1.329097671,-0.315141115,0.913326748,0.632343664,0
0.452241607,-0.86043207,1.396606212,0.886616309,1.484791158,-1.440587041,-1.581899012,0.622089822,-1.672481254,1.789778223,1.38880926,-1.304489412,-1.531137883,1.554293264,0.211416156,-0.781488916,1.386327786,-1.599919681,0.077901636,-0.330213733,-0.365828492,-0.315141115,0.462774441,-1.279420405,0
-0.631668089,1.162206796,-1.181988297,-1.32243385,1.484791158,0.8509777,1.660039692,1.13478645,-0.638209856,0.99034176,1.38880926,0.604289863,1.440451283,0.6216023,-1.100431605,-0.781488916,1.808525246,-1.350513653,-0.646204118,1.536011617,0.597440687,1.560671319,-1.489618889,1.588225698,1
1.536151302,-0.86043207,-1.181988297,-0.586083797,0.543301221,1.614832614,-0.533602602,0.408466226,0.525345467,1.256820581,-1.468522111,-0.350099774,-0.788240591,0.6216023,-0.950506146,-0.781488916,-1.56905443,-1.849325709,1.164060267,1.536011617,1.560709866,-1.253047332,-0.062869917,-0.32353837,0
1.445825495,1.162206796,0.107308958,1.622966363,-1.339678653,1.614832614,-0.994536953,0.963887574,1.430332941,0.723862938,1.38880926,-1.304489412,-1.531137883,-1.243779626,-0.500729771,-0.781488916,-1.56905443,-0.103483512,-1.370309871,-1.263326408,-0.365828492,-1.253047332,-0.213054019,0.632343664,0
-0.902645512,1.162206796,-1.181988297,0.150266256,-0.398188716,-0.676732128,0.395560006,0.622089822,-0.76749378,-1.14148881,1.031642839,-1.304489412,-1.531137883,-1.243779626,-0.575692501,-0.781488916,1.386327786,1.268249643,-0.827230556,-0.330213733,1.560709866,1.560671319,-0.213054019,0.632343664,1
1.355499687,-0.86043207,-1.181988297,1.622966363,-0.398188716,0.8509777,-0.224422022,1.647483079,0.137493693,1.523299402,-1.11135569,1.5586795,-1.531137883,0.6216023,0.173934791,-0.781488916,0.964130327,-1.599919681,0.077901636,-1.263326408,-1.329097671,-0.315141115,-1.339434787,-0.32353837,1
-0.721993897,1.162206796,1.396606212,-1.32243385,1.484791158,0.8509777,1.449934671,-1.770494447,0.525345467,0.99034176,-1.468522111,0.604289863,0.697553992,-0.311088663,-0.575692501,-0.781488916,1.808525246,-0.976404611,1.345086706,0.602898942,1.560709866,-1.253047332,0.012222134,-1.279420405,0
-1.625251976,1.162206796,0.107308958,-0.586083797,1.484791158,1.614832614,-0.221180286,1.391134765,0.396061543,-1.674446452,-1.468522111,-0.350099774,-0.788240591,-1.243779626,1.260894364,1.27960868,-0.724659511,1.143546628,1.345086706,-1.263326408,-1.329097671,-0.315141115,1.739339311,-1.279420405,0
1.084522263,-0.86043207,-1.181988297,-1.32243385,0.543301221,0.8509777,1.555088486,-0.916000065,-0.76749378,0.457384117,0.317309996,-1.304489412,0.697553992,1.554293264,-1.212875699,-0.781488916,0.119735408,-0.851701597,-0.103124802,-0.330213733,1.560709866,-1.253047332,0.537866492,1.588225698,0
-1.354274552,-0.86043207,-1.181988297,-0.586083797,-1.339678653,1.614832614,1.498763321,-0.275129279,0.137493693,0.723862938,1.38880926,1.5586795,-1.531137883,-1.243779626,-1.662652074,-0.781488916,-0.724659511,-0.103483512,-1.008256994,-1.263326408,1.560709866,1.560671319,-0.363238122,0.632343664,0
-0.99297132,-0.86043207,1.396606212,0.886616309,-0.398188716,-0.676732128,0.972386423,-1.001449504,-0.250358081,0.190905296,0.674476417,-0.350099774,0.697553992,-0.311088663,1.485782552,-0.781488916,0.119735408,-0.726998583,0.80200739,-0.330213733,-1.329097671,0.622765102,1.06351085,-1.279420405,0
-1.44460036,1.162206796,1.396606212,0.150266256,0.543301221,1.614832614,-1.515848639,-0.830550627,-0.638209856,-0.608531167,-0.039856426,-0.350099774,0.697553992,-1.243779626,-1.175394334,-0.781488916,-1.56905443,-1.724622695,1.707139582,1.536011617,1.560709866,0.622765102,-0.88888248,1.588225698,0
0.181264183,-0.86043207,-1.181988297,0.886616309,-0.398188716,0.8509777,-0.327347143,1.732932518,1.301049016,1.523299402,-1.11135569,-1.304489412,-0.788240591,1.554293264,0.211416156,1.27960868,-0.302462052,0.520031558,-1.189283433,-0.330213733,0.597440687,-0.315141115,-0.738698378,-1.279420405,1
-0.99297132,-0.86043207,0.107308958,0.886616309,1.484791158,0.8509777,-1.287103636,0.921162855,0.654629392,0.99034176,-1.468522111,-0.350099774,-0.0453433,1.554293264,0.136453427,-0.781488916,0.541932867,-1.350513653,-1.732362748,0.602898942,1.560709866,-0.315141115,-0.88888248,-0.32353837,0
-1.715577784,1.162206796,0.107308958,-1.32243385,-0.398188716,1.614832614,0.793077895,0.921162855,-0.121074156,-1.407967631,-1.11135569,-1.304489412,0.697553992,1.554293264,0.024009333,-0.781488916,-1.146856971,0.395328544,0.80200739,-0.330213733,-0.365828492,-1.253047332,-0.663606326,-0.32353837,0
-0.721993897,-0.86043207,1.396606212,0.150266256,-1.339678653,1.614832614,-0.878847497,1.60475836,-0.379642006,-0.608531167,-1.468522111,1.5586795,0.697553992,-0.311088663,0.848599354,1.27960868,0.964130327,-0.35288954,1.164060267,0.602898942,1.560709866,1.560671319,-0.363238122,-0.32353837,0
1.716802918,-0.86043207,1.396606212,-0.586083797,-1.339678653,1.614832614,1.672196202,-1.813219166,1.301049016,-0.342052346,-0.754189269,1.5586795,-1.531137883,-0.311088663,1.560745281,-0.781488916,1.386327786,-0.602295569,1.526113144,0.602898942,0.597440687,-1.253047332,0.312590339,1.588225698,0
-1.715577784,-0.86043207,-1.181988297,-0.586083797,1.484791158,0.087122786,0.846769149,-1.727769728,0.525345467,1.789778223,0.317309996,-0.350099774,-1.531137883,1.554293264,1.110968906,-0.781488916,-1.56905443,-1.849325709,0.620980952,-1.263326408,-0.365828492,1.560671319,1.213694953,0.632343664,0
-0.089713241,1.162206796,1.396606212,1.622966363,-1.339678653,0.8509777,1.419340787,0.109393193,-1.02606163,-1.674446452,1.031642839,-1.304489412,-1.531137883,1.554293264,-0.16339749,-0.781488916,-0.302462052,0.769437586,1.526113144,0.602898942,0.597440687,1.560671319,1.288787004,-0.32353837,0
-1.805903592,1.162206796,-1.181988297,-0.586083797,-1.339678653,0.8509777,-0.739655453,0.493915664,1.042481167,0.99034176,-0.754189269,0.604289863,1.440451283,-0.311088663,-1.362801157,-0.781488916,-0.302462052,1.767061699,1.345086706,-0.330213733,-0.365828492,-0.315141115,-1.414526838,-0.32353837,0
1.445825495,1.162206796,0.107308958,-1.32243385,0.543301221,0.087122786,-0.720002428,1.348410046,0.008209768,-0.875009989,1.745975682,1.5586795,0.697553992,-0.311088663,-1.250357063,-0.781488916,0.119735408,-0.103483512,-1.55133631,1.536011617,1.560709866,0.622765102,-1.414526838,-1.279420405,1
-1.083297128,1.162206796,0.107308958,0.886616309,-0.398188716,1.614832614,-0.608365141,0.878438136,0.137493693,0.457384117,1.38880926,-1.304489412,-1.531137883,-0.311088663,1.373338458,-0.781488916,-0.302462052,1.268249643,-0.827230556,-0.330213733,0.597440687,0.622765102,-1.339434787,-0.32353837,0
-0.360690665,-0.86043207,-1.181988297,0.886616309,1.484791158,-0.676732128,0.21463061,0.066668473,1.559616866,-1.407967631,1.745975682,-1.304489412,-0.788240591,0.6216023,1.298375729,-0.781488916,1.808525246,0.27062553,0.439954513,1.536011617,1.560709866,-0.315141115,-0.062869917,0.632343664,0
-1.083297128,1.162206796,1.396606212,0.886616309,1.484791158,1.614832614,-0.272845455,-0.745101189,-0.896777705,-0.608531167,-0.039856426,-1.304489412,1.440451283,-0.311088663,-1.362801157,1.27960868,0.964130327,0.021219502,1.164060267,0.602898942,-0.365828492,0.622765102,-1.56471094,1.588225698,0
-0.902645512,1.162206796,0.107308958,0.150266256,1.484791158,1.614832614,-0.963132635,1.433859484,-0.638209856,-1.674446452,0.674476417,-0.350099774,-0.0453433,1.554293264,-1.100431605,1.27960868,-1.146856971,-0.851701597,-0.827230556,-1.263326408,0.597440687,-0.315141115,0.988418799,-0.32353837,0
-0.541342281,-0.86043207,1.396606212,-0.586083797,1.484791158,0.087122786,1.463306832,0.921162855,-1.413913404,-0.875009989,1.031642839,0.604289863,0.697553992,0.6216023,0.623711166,-0.781488916,-1.56905443,-1.849325709,-1.008256994,0.602898942,-1.329097671,-1.253047332,0.688050595,1.588225698,0
0.271589991,-0.86043207,0.107308958,-1.32243385,1.484791158,0.8509777,-1.440478275,-0.830550627,0.525345467,-0.875009989,-0.754189269,-0.350099774,0.697553992,-0.311088663,1.860596198,1.27960868,1.808525246,-0.602295569,-0.646204118,0.602898942,0.597440687,1.560671319,1.438971106,1.588225698,0
1.536151302,-0.86043207,-1.181988297,0.150266256,-1.339678653,1.614832614,-1.168172443,1.305685327,0.525345467,-0.342052346,-1.11135569,1.5586795,-0.788240591,1.554293264,-0.088434761,-0.781488916,-1.56905443,-0.851701597,-1.732362748,1.536011617,1.560709866,0.622765102,-0.213054019,0.632343664,0
1.265173879,1.162206796,-1.181988297,1.622966363,0.543301221,0.8509777,0.913427347,-0.360578717,1.68890079,0.723862938,-1.11135569,-0.350099774,-0.0453433,-1.243779626,-1.137912969,1.27960868,0.541932867,0.8941406,0.439954513,-0.330213733,-1.329097671,0.622765102,-0.288146071,-1.279420405,0
0.813544839,1.162206796,-1.181988297,-1.32243385,1.484791158,-1.440587041,-1.686242393,-0.830550627,0.783913317,0.457384117,-0.039856426,-1.304489412,-0.0453433,0.6216023,-0.16339749,-0.781488916,-1.146856971,-0.602295569,1.526113144,-1.263326408,-1.329097671,-1.253047332,-1.714895043,-1.279420405,0
0.903870647,1.162206796,0.107308958,-1.32243385,0.543301221,0.8509777,-1.246581935,-0.659651751,1.559616866,-1.14148881,-1.468522111,-0.350099774,1.440451283,1.554293264,-0.463248407,1.27960868,-0.302462052,-0.35288954,-1.732362748,-1.263326408,-0.365828492,-1.253047332,1.138602902,1.588225698,0
-1.44460036,-0.86043207,1.396606212,-1.32243385,0.543301221,-0.676732128,1.092330658,1.562033641,0.008209768,0.457384117,-1.11135569,-1.304489412,0.697553992,-1.243779626,0.173934791,-0.781488916,0.541932867,1.268249643,0.439954513,-1.263326408,-1.329097671,0.622765102,1.739339311,-0.32353837,0
-0.631668089,-0.86043207,1.396606212,0.886616309,-1.339678653,-0.676732128,-1.616545067,-1.17234838,-0.121074156,-0.342052346,1.38880926,0.604289863,-1.531137883,1.554293264,-1.625170709,1.27960868,0.119735408,-1.724622695,0.077901636,-1.263326408,-1.329097671,0.622765102,-0.513422224,1.588225698,0
-0.902645512,1.162206796,1.396606212,-1.32243385,1.484791158,1.614832614,0.711831884,0.664814541,-1.801765179,-0.075573525,0.674476417,-0.350099774,-0.788240591,-0.311088663,-1.325319792,1.27960868,0.541932867,-0.228186526,-0.646204118,-0.330213733,-0.365828492,-0.315141115,0.38768239,-1.279420405,0
-1.083297128,-0.86043207,0.107308958,-0.586083797,-1.339678653,0.8509777,-1.281633206,1.60475836,0.137493693,1.256820581,0.317309996,-0.350099774,-0.788240591,-0.311088663,-1.700133438,-0.781488916,-0.724659511,-1.225810639,1.707139582,-1.263326408,0.597440687,-0.315141115,-1.189250685,-0.32353837,1
1.174848071,-0.86043207,0.107308958,-1.32243385,1.484791158,1.614832614,-1.604185948,0.451190945,-0.638209856,0.723862938,1.38880926,-0.350099774,-0.788240591,-1.243779626,1.373338458,-0.781488916,0.119735408,-0.976404611,-1.370309871,1.536011617,1.560709866,0.622765102,0.162406236,-1.279420405,0
-0.812319705,-0.86043207,0.107308958,0.886616309,-1.339678653,0.087122786,0.996699443,1.519308922,0.525345467,-1.407967631,0.674476417,-1.304489412,-0.788240591,-0.311088663,0.211416156,1.27960868,-1.146856971,0.27062553,-1.732362748,1.536011617,0.597440687,-0.315141115,0.312590339,0.632343664,0
1.265173879,1.162206796,0.107308958,-1.32243385,0.543301221,-0.676732128,-1.402387876,-1.17234838,0.913197242,0.99034176,-0.039856426,-1.304489412,-1.531137883,1.554293264,1.898077562,1.27960868,0.964130327,0.021219502,-0.465177679,-1.263326408,-1.329097671,-1.253047332,0.763142646,-1.279420405,1
1.265173879,-0.86043207,0.107308958,1.622966363,1.484791158,1.614832614,-1.091789036,-1.215073099,-1.543197329,0.723862938,1.38880926,-0.350099774,-1.531137883,-1.243779626,-0.575692501,-0.781488916,-0.724659511,0.644734572,1.164060267,-1.263326408,1.560709866,1.560671319,0.162406236,-0.32353837,0
-1.805903592,-0.86043207,1.396606212,1.622966363,-0.398188716,0.087122786,-1.68522935,-1.385971975,-1.284629479,1.789778223,0.317309996,-0.350099774,1.440451283,1.554293264,-0.838062053,1.27960868,-1.56905443,1.642358685,0.439954513,-0.330213733,0.597440687,-0.315141115,-0.813790429,-0.32353837,0
1.716802918,1.162206796,0.107308958,0.886616309,0.543301221,1.614832614,0.091647247,0.921162855,-0.76749378,-0.342052346,0.317309996,0.604289863,0.697553992,1.554293264,-1.587689344,-0.781488916,1.386327786,-0.477592555,0.620980952,-0.330213733,1.560709866,1.560671319,1.514063157,1.588225698,0
0.090938375,1.162206796,0.107308958,-0.586083797,-0.398188716,0.8509777,-0.265754157,1.519308922,0.396061543,-0.342052346,-0.397022847,0.604289863,-1.531137883,1.554293264,-1.737614803,1.27960868,1.386327786,-0.602295569,-1.008256994,-1.263326408,-1.329097671,-0.315141115,0.988418799,-0.32353837,0
0.723219031,-0.86043207,1.396606212,-0.586083797,0.543301221,0.8509777,-0.084824762,1.049337012,-0.508925931,-1.407967631,-1.468522111,1.5586795,1.440451283,-0.311088663,-0.088434761,1.27960868,-0.724659511,-1.225810639,-0.827230556,-0.330213733,0.597440687,0.622765102,-0.813790429,0.632343664,0
-1.173622936,-0.86043207,0.107308958,0.150266256,-1.339678653,0.8509777,-0.77389629,-0.018780965,0.137493693,-1.407967631,-0.039856426,0.604289863,-0.0453433,-0.311088663,1.785633468,-0.781488916,0.964130327,-1.599919681,-0.827230556,0.602898942,1.560709866,-0.315141115,1.06351085,-1.279420405,0
-0.902645512,1.162206796,1.396606212,0.886616309,1.484791158,0.8509777,0.606678069,1.092061731,-1.672481254,1.789778223,1.38880926,0.604289863,0.697553992,1.554293264,-1.775096167,-0.781488916,1.808525246,-0.228186526,-0.465177679,-1.263326408,1.560709866,1.560671319,0.087314185,1.588225698,0
1.445825495,1.162206796,1.396606212,-1.32243385,0.543301221,-1.440587041,-1.685634567,-1.300522537,-0.379642006,-1.407967631,1.031642839,0.604289863,-1.531137883,0.6216023,1.14845027,-0.781488916,1.386327786,1.517655671,0.439954513,-0.330213733,0.597440687,1.560671319,1.739339311,1.588225698,0
-0.631668089,-0.86043207,-1.181988297,0.886616309,-1.339678653,0.087122786,-0.106098655,-1.428696694,0.913197242,0.723862938,1.031642839,-1.304489412,-0.0453433,1.554293264,-0.913024782,1.27960868,-0.724659511,-1.724622695,1.345086706,1.536011617,0.597440687,0.622765102,-0.062869917,-0.32353837,0
0.813544839,-0.86043207,-1.181988297,0.150266256,1.484791158,0.087122786,1.38773386,1.348410046,-1.155345555,1.256820581,-0.039856426,0.604289863,1.440451283,1.554293264,0.398822979,1.27960868,-1.146856971,-0.602295569,-1.189283433,-1.263326408,-1.329097671,1.560671319,-0.137961968,0.632343664,0
1.265173879,-0.86043207,-1.181988297,0.886616309,1.484791158,0.8509777,-0.779569329,1.647483079,-0.508925931,-1.674446452,1.38880926,0.604289863,-1.531137883,-1.243779626,1.110968906,1.27960868,0.964130327,0.769437586,1.164060267,-1.263326408,-0.365828492,0.622765102,-0.213054019,1.588225698,0
0.000612567,-0.86043207,-1.181988297,0.886616309,0.543301221,-1.440587041,1.172158409,-0.104230403,1.559616866,-0.608531167,-0.754189269,-0.350099774,-1.531137883,1.554293264,-0.950506146,-0.781488916,0.964130327,-1.599919681,-1.008256994,1.536011617,1.560709866,0.622765102,0.462774441,0.632343664,0
1.445825495,1.162206796,0.107308958,0.150266256,1.484791158,0.8509777,1.296560032,0.280292069,-0.896777705,0.190905296,-0.754189269,-1.304489412,-0.0453433,-0.311088663,-1.287838428,1.27960868,1.808525246,0.27062553,-1.370309871,1.536011617,0.597440687,1.560671319,-0.963974531,0.632343664,0
-1.44460036,-0.86043207,-1.181988297,-0.586083797,0.543301221,-1.440587041,0.920316036,1.17751117,-0.379642006,-1.407967631,-1.468522111,1.5586795,-1.531137883,-1.243779626,1.710670739,1.27960868,0.119735408,-1.849325709,-1.189283433,-0.330213733,0.597440687,-1.253047332,-1.489618889,-1.279420405,1
-0.180039049,-0.86043207,1.396606212,-1.32243385,1.484791158,0.8509777,0.181402815,0.664814541,1.818184715,1.523299402,1.38880926,1.5586795,-0.788240591,0.6216023,-1.325319792,-0.781488916,-0.302462052,1.767061699,-1.008256994,1.536011617,0.597440687,1.560671319,0.688050595,-1.279420405,0
-0.631668089,1.162206796,0.107308958,0.150266256,-0.398188716,-0.676732128,-1.685837176,-0.189679841,1.559616866,-0.608531167,0.317309996,0.604289863,-1.531137883,-1.243779626,0.173934791,1.27960868,1.386327786,1.018843614,0.620980952,0.602898942,1.560709866,1.560671319,1.739339311,-1.279420405,0
0.452241607,-0.86043207,-1.181988297,1.622966363,-1.339678653,-0.676732128,-0.12575168,-1.727769728,-1.672481254,1.256820581,-1.11135569,1.5586795,0.697553992,0.6216023,1.073487541,1.27960868,-0.302462052,-1.849325709,0.80200739,-1.263326408,-1.329097671,-0.315141115,-0.88888248,0.632343664,0
-1.534926168,1.162206796,1.396606212,-0.586083797,-0.398188716,1.614832614,0.791254418,1.391134765,-0.76749378,0.190905296,1.031642839,1.5586795,-0.0453433,-1.243779626,-1.625170709,-0.781488916,-0.302462052,-0.477592555,1.707139582,0.602898942,-0.365828492,1.560671319,-1.114158633,-1.279420405,1
0.361915799,-0.86043207,0.107308958,1.622966363,0.543301221,0.8509777,1.482757249,-1.556870852,0.008209768,0.723862938,1.38880926,1.5586795,0.697553992,-1.243779626,1.073487541,-0.781488916,-1.146856971,-0.103483512,1.164060267,-0.330213733,1.560709866,-0.315141115,0.612958543,1.588225698,1
0.361915799,-0.86043207,0.107308958,-0.586083797,-0.398188716,0.087122786,-0.582431252,0.23756735,-1.672481254,1.789778223,1.38880926,0.604289863,1.440451283,0.6216023,1.185931635,-0.781488916,-1.56905443,-1.350513653,-0.827230556,1.536011617,-1.329097671,-0.315141115,-0.963974531,1.588225698,0
-0.270364857,1.162206796,-1.181988297,-1.32243385,0.543301221,1.614832614,1.278730484,-0.745101189,1.818184715,-0.608531167,-1.11135569,1.5586795,0.697553992,-0.311088663,-1.175394334,-0.781488916,-0.302462052,1.392952657,-0.103124802,-1.263326408,1.560709866,1.560671319,0.988418799,-0.32353837,1
1.716802918,1.162206796,0.107308958,-1.32243385,1.484791158,-0.676732128,0.521785105,-0.446028155,-1.801765179,-1.407967631,-1.11135569,0.604289863,-0.788240591,-0.311088663,-1.100431605,-0.781488916,0.964130327,-1.225810639,0.983033829,1.536011617,1.560709866,0.622765102,0.012222134,0.632343664,0
-1.173622936,-0.86043207,1.396606212,0.886616309,1.484791158,0.8509777,-1.557585992,0.194842631,-0.638209856,-1.14148881,0.674476417,-0.350099774,-0.788240591,-0.311088663,0.473785708,-0.781488916,1.808525246,0.021219502,1.164060267,1.536011617,0.597440687,-1.253047332,-1.264342736,-1.279420405,0
1.62647711,-0.86043207,0.107308958,1.622966363,0.543301221,1.614832614,-0.831842323,1.519308922,-1.672481254,-0.342052346,-0.397022847,-0.350099774,0.697553992,-1.243779626,1.185931635,-0.781488916,1.808525246,1.392952657,0.620980952,-0.330213733,-1.329097671,1.560671319,-1.189250685,1.588225698,0
1.716802918,-0.86043207,1.396606212,-0.586083797,-0.398188716,0.8509777,1.306690457,-1.770494447,-0.379642006,0.99034176,-1.468522111,1.5586795,1.440451283,1.554293264,1.14845027,-0.781488916,-1.56905443,-0.477592555,1.707139582,-0.330213733,0.597440687,1.560671319,0.688050595,0.632343664,0
-0.631668089,1.162206796,0.107308958,-1.32243385,1.484791158,-0.676732128,-0.85129274,1.17751117,1.042481167,0.99034176,1.031642839,-0.350099774,-1.531137883,-1.243779626,-0.350804313,-0.781488916,0.119735408,-0.477592555,0.258928075,-0.330213733,0.597440687,0.622765102,0.087314185,0.632343664,0
0.994196455,-0.86043207,-1.181988297,0.150266256,-1.339678653,1.614832614,-0.502400892,-0.488752875,-0.896777705,-0.608531167,-1.11135569,0.604289863,-0.788240591,1.554293264,-0.388285678,1.27960868,0.964130327,-1.599919681,-0.284151241,-0.330213733,-1.329097671,-0.315141115,-1.714895043,-1.279420405,0
1.536151302,1.162206796,1.396606212,-1.32243385,1.484791158,-0.676732128,-0.296348042,-1.685045009,-1.284629479,0.99034176,-0.754189269,-0.350099774,0.697553992,1.554293264,0.098972062,-0.781488916,0.964130327,1.767061699,0.80200739,-1.263326408,0.597440687,0.622765102,-1.56471094,0.632343664,1
1.084522263,1.162206796,0.107308958,0.150266256,-1.339678653,-1.440587041,1.137107138,-1.001449504,0.913197242,-0.875009989,-0.039856426,1.5586795,0.697553992,-0.311088663,-0.65065523,-0.781488916,0.541932867,0.8941406,0.258928075,0.602898942,0.597440687,0.622765102,1.213694953,-1.279420405,0
0.181264183,-0.86043207,0.107308958,-0.586083797,-0.398188716,-0.676732128,0.159521097,-0.317853998,1.68890079,-0.875009989,-0.754189269,0.604289863,0.697553992,1.554293264,0.886080718,1.27960868,-0.302462052,-1.724622695,0.620980952,0.602898942,-0.365828492,-0.315141115,0.312590339,-1.279420405,0
-0.541342281,1.162206796,0.107308958,-1.32243385,-1.339678653,0.8509777,-0.296348042,-0.488752875,-1.801765179,-0.608531167,0.674476417,-1.304489412,-1.531137883,-1.243779626,-0.838062053,-0.781488916,-0.724659511,-1.101107625,1.345086706,-1.263326408,-1.329097671,1.560671319,1.438971106,-1.279420405,0
1.084522263,-0.86043207,1.396606212,-1.32243385,-1.339678653,0.087122786,-1.471274768,-0.659651751,0.008209768,-1.407967631,0.674476417,0.604289863,-0.0453433,-1.243779626,0.098972062,1.27960868,1.808525246,-1.724622695,1.707139582,1.536011617,-1.329097671,0.622765102,0.688050595,0.632343664,1
0.361915799,-0.86043207,1.396606212,-0.586083797,-1.339678653,-0.676732128,1.148250606,1.433859484,-1.155345555,0.457384117,-1.11135569,-0.350099774,1.440451283,-0.311088663,1.785633468,1.27960868,-0.302462052,0.644734572,-0.827230556,-1.263326408,0.597440687,0.622765102,1.66424726,0.632343664,1
-0.360690665,-0.86043207,1.396606212,-1.32243385,-1.339678653,0.087122786,0.176337603,-1.813219166,-0.379642006,-1.407967631,0.674476417,-1.304489412,-0.0453433,0.6216023,0.511267072,-0.781488916,1.386327786,-1.101107625,-1.189283433,0.602898942,0.597440687,1.560671319,-1.714895043,-1.279420405,0
1.084522263,-0.86043207,-1.181988297,0.150266256,1.484791158,-1.440587041,-0.358548853,0.70753926,-0.896777705,0.723862938,0.317309996,0.604289863,1.440451283,-1.243779626,0.923562083,1.27960868,-1.56905443,-0.602295569,0.258928075,0.602898942,-1.329097671,1.560671319,1.06351085,0.632343664,0
-1.715577784,-0.86043207,-1.181988297,-1.32243385,-1.339678653,1.614832614,1.503828534,0.536640383,-0.250358081,-1.407967631,1.745975682,-1.304489412,1.440451283,1.554293264,0.511267072,-0.781488916,0.964130327,-0.602295569,0.439954513,-1.263326408,-1.329097671,-1.253047332,0.237498288,-1.279420405,0
-0.631668089,1.162206796,1.396606212,1.622966363,1.484791158,1.614832614,-1.687863261,-0.360578717,0.525345467,0.723862938,1.38880926,-1.304489412,0.697553992,-1.243779626,-1.212875699,-0.781488916,0.541932867,-0.228186526,1.526113144,-0.330213733,1.560709866,0.622765102,1.06351085,-0.32353837,0
1.716802918,1.162206796,0.107308958,0.886616309,-1.339678653,0.087122786,0.447225175,-0.574202313,1.559616866,1.789778223,1.38880926,-1.304489412,-0.788240591,-1.243779626,-0.013472032,1.27960868,-1.56905443,-1.599919681,0.439954513,1.536011617,-1.329097671,-1.253047332,0.838234697,0.632343664,0
1.716802918,-0.86043207,-1.181988297,0.150266256,0.543301221,1.614832614,-0.224219414,0.451190945,-1.801765179,0.457384117,-1.11135569,0.604289863,0.697553992,-1.243779626,1.898077562,1.27960868,-0.302462052,-0.228186526,0.258928075,-1.263326408,1.560709866,-0.315141115,-1.039066582,0.632343664,0
1.62647711,-0.86043207,1.396606212,1.622966363,-0.398188716,-0.676732128,-1.06281602,-0.317853998,-0.508925931,1.789778223,0.674476417,-0.350099774,-1.531137883,0.6216023,1.185931635,1.27960868,0.119735408,-0.602295569,1.707139582,0.602898942,0.597440687,1.560671319,-0.88888248,-0.32353837,0
-1.354274552,1.162206796,0.107308958,-0.586083797,-1.339678653,0.087122786,-0.788484103,0.493915664,0.654629392,-1.14148881,-0.039856426,0.604289863,1.440451283,1.554293264,1.223413,-0.781488916,1.386327786,-1.475216667,-1.370309871,-0.330213733,-0.365828492,1.560671319,-1.039066582,-0.32353837,0
-1.354274552,1.162206796,-1.181988297,0.150266256,0.543301221,0.8509777,0.946857751,1.562033641,-1.801765179,0.723862938,0.317309996,-0.350099774,-0.788240591,-0.311088663,-0.987987511,-0.781488916,-0.302462052,0.145922516,-1.370309871,1.536011617,-0.365828492,-1.253047332,0.763142646,-0.32353837,0
-1.625251976,1.162206796,0.107308958,0.886616309,-1.339678653,-0.676732128,0.592292865,0.622089822,-0.896777705,-0.075573525,-1.468522111,0.604289863,1.440451283,-1.243779626,1.823114833,1.27960868,-0.724659511,0.021219502,0.620980952,0.602898942,1.560709866,0.622765102,0.012222134,-1.279420405,0
-1.263948744,1.162206796,0.107308958,0.886616309,-1.339678653,-0.676732128,-0.494904378,1.690207798,-1.284629479,-0.875009989,0.674476417,0.604289863,1.440451283,1.554293264,0.848599354,-0.781488916,-1.146856971,-1.599919681,1.345086706,1.536011617,0.597440687,-0.315141115,0.312590339,-1.279420405,0
-1.173622936,-0.86043207,0.107308958,-0.586083797,-1.339678653,-0.676732128,-0.857168386,0.921162855,0.266777618,1.523299402,0.317309996,0.604289863,0.697553992,1.554293264,-1.362801157,-0.781488916,-0.302462052,1.143546628,1.526113144,-0.330213733,0.597440687,0.622765102,-0.137961968,1.588225698,1
-0.541342281,-0.86043207,0.107308958,-0.586083797,0.543301221,0.8509777,1.048162004,1.092061731,-0.896777705,1.523299402,-0.397022847,-0.350099774,-0.788240591,-0.311088663,-0.987987511,1.27960868,-0.302462052,-0.726998583,-0.103124802,0.602898942,0.597440687,0.622765102,1.589155209,-0.32353837,0
0.723219031,1.162206796,-1.181988297,0.150266256,-0.398188716,-1.440587041,0.612351107,0.323016788,1.301049016,-0.342052346,-1.468522111,0.604289863,-0.788240591,-1.243779626,0.286378885,1.27960868,0.119735408,0.644734572,1.164060267,-0.330213733,-1.329097671,-1.253047332,-0.588514275,1.588225698,1
1.084522263,-0.86043207,-1.181988297,-1.32243385,0.543301221,1.614832614,0.217872346,-0.916000065,-0.638209856,1.789778223,1.38880926,-1.304489412,1.440451283,0.6216023,0.473785708,1.27960868,0.964130327,-0.103483512,0.80200739,-1.263326408,0.597440687,0.622765102,-0.813790429,-1.279420405,1
0.813544839,1.162206796,-1.181988297,-0.586083797,-0.398188716,0.087122786,1.351872154,0.408466226,-1.672481254,-0.875009989,-0.397022847,0.604289863,-0.788240591,1.554293264,0.173934791,1.27960868,1.808525246,-0.976404611,1.526113144,-1.263326408,-1.329097671,-1.253047332,0.913326748,0.632343664,0
1.62647711,-0.86043207,1.396606212,-1.32243385,-1.339678653,-1.440587041,-0.86891968,-0.317853998,-0.76749378,0.723862938,-1.11135569,-1.304489412,-0.788240591,-0.311088663,-1.100431605,1.27960868,-1.146856971,0.27062553,-0.284151241,1.536011617,1.560709866,1.560671319,0.913326748,-0.32353837,0
0.542567415,1.162206796,-1.181988297,1.622966363,1.484791158,0.087122786,0.812933528,1.049337012,1.171765091,-0.075573525,1.031642839,1.5586795,0.697553992,0.6216023,1.373338458,1.27960868,0.119735408,-1.599919681,-1.189283433,-0.330213733,-0.365828492,1.560671319,1.438971106,0.632343664,0
1.355499687,-0.86043207,0.107308958,0.886616309,-1.339678653,1.614832614,-0.232121145,-0.317853998,1.042481167,-1.674446452,-1.11135569,1.5586795,-0.0453433,1.554293264,0.098972062,1.27960868,1.808525246,-1.101107625,0.80200739,-0.330213733,1.560709866,1.560671319,-0.062869917,-1.279420405,0
0.723219031,1.162206796,-1.181988297,-1.32243385,-0.398188716,0.8509777,1.663484036,0.365741507,-1.543197329,-1.14148881,-0.039856426,-0.350099774,-1.531137883,-1.243779626,-0.987987511,1.27960868,-0.724659511,1.767061699,1.526113144,1.536011617,0.597440687,-0.315141115,-0.738698378,-0.32353837,0
1.536151302,1.162206796,0.107308958,0.886616309,0.543301221,-0.676732128,-1.106984674,0.408466226,0.396061543,1.523299402,0.317309996,-0.350099774,-0.0453433,1.554293264,-0.538211136,1.27960868,-1.56905443,-0.726998583,0.983033829,1.536011617,0.597440687,-0.315141115,0.612958543,1.588225698,0
1.084522263,-0.86043207,1.396606212,-1.32243385,-1.339678653,-0.676732128,-0.591346027,1.647483079,-1.02606163,-1.14148881,1.031642839,1.5586795,-0.788240591,0.6216023,0.661192531,1.27960868,-1.146856971,0.520031558,-0.465177679,1.536011617,1.560709866,0.622765102,-1.56471094,1.588225698,0
1.445825495,1.162206796,0.107308958,1.622966363,0.543301221,0.8509777,-1.703261507,0.280292069,0.008209768,-1.674446452,-1.468522111,0.604289863,1.440451283,0.6216023,-0.575692501,-0.781488916,0.541932867,-0.851701597,1.164060267,-1.263326408,-1.329097671,-1.253047332,0.237498288,-1.279420405,0
0.542567415,-0.86043207,0.107308958,-0.586083797,0.543301221,-1.440587041,0.751948368,1.562033641,0.783913317,-0.342052346,-1.468522111,0.604289863,-1.531137883,-1.243779626,-0.613173865,-0.781488916,0.119735408,-0.228186526,-1.732362748,1.536011617,-1.329097671,0.622765102,-0.363238122,0.632343664,1
1.084522263,-0.86043207,0.107308958,1.622966363,0.543301221,-1.440587041,-1.405427004,-0.104230403,0.913197242,1.523299402,-0.397022847,0.604289863,-1.531137883,-1.243779626,-0.125916126,1.27960868,-1.56905443,0.8941406,-0.646204118,-1.263326408,-1.329097671,1.560671319,-0.137961968,-1.279420405,0
-1.534926168,1.162206796,1.396606212,-0.586083797,-1.339678653,0.087122786,1.683137061,-1.086898942,0.654629392,0.99034176,-0.039856426,1.5586795,1.440451283,-0.311088663,1.185931635,-0.781488916,-1.56905443,-0.228186526,1.345086706,1.536011617,-0.365828492,0.622765102,-1.714895043,0.632343664,0
0.090938375,-0.86043207,-1.181988297,-0.586083797,0.543301221,0.8509777,0.623089358,-0.916000065,0.396061543,1.789778223,1.38880926,-1.304489412,-1.531137883,-1.243779626,-0.16339749,-0.781488916,-0.302462052,-0.602295569,0.258928075,-0.330213733,-0.365828492,0.622765102,-1.414526838,-1.279420405,1
-1.715577784,-0.86043207,-1.181988297,0.886616309,0.543301221,-1.440587041,-0.566019963,0.963887574,1.301049016,0.457384117,0.674476417,-0.350099774,1.440451283,-0.311088663,-1.137912969,-0.781488916,-0.302462052,1.517655671,0.983033829,-0.330213733,0.597440687,0.622765102,1.889523413,1.588225698,0
-0.99297132,-0.86043207,1.396606212,1.622966363,-1.339678653,0.8509777,0.055380324,-0.958724784,-1.543197329,0.190905296,0.674476417,-1.304489412,-1.531137883,0.6216023,1.673189375,-0.781488916,0.541932867,-1.849325709,-1.732362748,1.536011617,1.560709866,1.560671319,0.688050595,0.632343664,0
-1.44460036,-0.86043207,0.107308958,-1.32243385,0.543301221,1.614832614,1.345793899,0.023943754,1.68890079,0.99034176,1.031642839,1.5586795,-0.0453433,0.6216023,1.410819822,-0.781488916,0.541932867,-1.475216667,0.80200739,1.536011617,1.560709866,-1.253047332,-0.363238122,-1.279420405,1
-0.99297132,-0.86043207,-1.181988297,1.622966363,-1.339678653,-0.676732128,-1.120964661,0.152117912,1.042481167,-0.075573525,-0.039856426,-1.304489412,-1.531137883,1.554293264,-1.287838428,-0.781488916,0.541932867,1.268249643,-0.646204118,-1.263326408,0.597440687,0.622765102,0.913326748,-0.32353837,0
1.084522263,1.162206796,1.396606212,0.886616309,-0.398188716,-0.676732128,0.481263404,-0.189679841,-0.121074156,0.723862938,-0.039856426,0.604289863,0.697553992,1.554293264,1.073487541,1.27960868,-1.56905443,1.392952657,1.164060267,0.602898942,-1.329097671,1.560671319,-1.339434787,1.588225698,0
1.536151302,-0.86043207,-1.181988297,-0.586083797,-0.398188716,-0.676732128,-0.285001966,-0.616927032,1.171765091,0.190905296,-1.468522111,0.604289863,1.440451283,-0.311088663,0.623711166,1.27960868,1.808525246,-1.225810639,-1.370309871,-1.263326408,-0.365828492,-0.315141115,-0.663606326,1.588225698,0
-0.721993897,-0.86043207,1.396606212,0.886616309,-0.398188716,0.8509777,0.339842667,0.451190945,-1.672481254,-0.342052346,1.38880926,-1.304489412,-1.531137883,-1.243779626,-0.388285678,-0.781488916,0.964130327,0.769437586,0.077901636,-0.330213733,1.560709866,-1.253047332,0.913326748,-0.32353837,0
0.903870647,-0.86043207,0.107308958,0.150266256,0.543301221,0.8509777,1.347819984,1.775657237,-0.121074156,0.457384117,0.317309996,1.5586795,1.440451283,-1.243779626,-1.175394334,-0.781488916,0.964130327,1.268249643,-0.827230556,1.536011617,0.597440687,1.560671319,0.688050595,-1.279420405,0
1.355499687,-0.86043207,-1.181988297,0.150266256,1.484791158,0.087122786,1.446490326,-1.129623661,0.913197242,-1.14148881,1.38880926,-1.304489412,0.697553992,1.554293264,0.773636625,1.27960868,0.964130327,0.769437586,-0.827230556,-0.330213733,-1.329097671,0.622765102,0.012222134,0.632343664,0
0.271589991,-0.86043207,1.396606212,-1.32243385,1.484791158,-0.676732128,-0.410619239,1.562033641,-0.508925931,0.723862938,-0.754189269,0.604289863,-1.531137883,0.6216023,0.361341614,-0.781488916,-1.146856971,-1.350513653,0.80200739,0.602898942,-1.329097671,1.560671319,0.237498288,1.588225698,0
-0.541342281,1.162206796,-1.181988297,0.886616309,0.543301221,0.087122786,-0.602692103,0.70753926,0.137493693,0.723862938,-0.039856426,0.604289863,-1.531137883,-0.311088663,-0.65065523,-0.781488916,-1.146856971,-1.599919681,-0.646204118,-1.263326408,-0.365828492,-1.253047332,1.889523413,-1.279420405,1
0.723219031,-0.86043207,-1.181988297,-1.32243385,1.484791158,-0.676732128,-0.445873119,-0.531477594,-0.896777705,0.457384117,-1.11135569,1.5586795,0.697553992,0.6216023,-1.06295024,-0.781488916,0.541932867,-1.724622695,0.077901636,-0.330213733,-0.365828492,0.622765102,-0.963974531,-0.32353837,0
-1.173622936,1.162206796,-1.181988297,-1.32243385,-1.339678653,0.087122786,-1.453647828,1.262960608,-1.02606163,-0.875009989,1.745975682,-1.304489412,0.697553992,0.6216023,-0.350804313,-0.781488916,0.964130327,-1.599919681,1.164060267,-1.263326408,0.597440687,-0.315141115,1.889523413,0.632343664,0
-1.44460036,1.162206796,-1.181988297,0.150266256,1.484791158,0.087122786,-0.359156679,1.476584203,-0.508925931,-0.075573525,-0.039856426,0.604289863,0.697553992,-1.243779626,1.598226645,-0.781488916,-0.724659511,-0.851701597,1.345086706,1.536011617,0.597440687,-0.315141115,-0.062869917,-1.279420405,0
0.723219031,1.162206796,1.396606212,-1.32243385,0.543301221,1.614832614,-0.705009398,0.23756735,-1.543197329,1.523299402,1.031642839,0.604289863,1.440451283,-0.311088663,-0.838062053,1.27960868,-0.302462052,0.395328544,1.526113144,-0.330213733,-1.329097671,-0.315141115,0.688050595,-1.279420405,0
-1.534926168,1.162206796,0.107308958,0.150266256,0.543301221,0.087122786,1.449326846,-1.770494447,0.266777618,0.457384117,-1.11135569,-1.304489412,0.697553992,0.6216023,-1.775096167,1.27960868,-0.724659511,0.395328544,-0.465177679,0.602898942,-1.329097671,1.560671319,1.288787004,1.588225698,0
-0.812319705,-0.86043207,1.396606212,-0.586083797,-1.339678653,0.8509777,-0.199501176,0.194842631,-0.121074156,-1.407967631,1.031642839,-1.304489412,1.440451283,1.554293264,1.785633468,-0.781488916,0.964130327,0.145922516,1.707139582,-1.263326408,1.560709866,-1.253047332,1.66424726,1.588225698,1
-1.715577784,1.162206796,1.396606212,0.886616309,-0.398188716,0.087122786,-0.041466541,-1.257797818,-1.155345555,-1.407967631,-0.397022847,-0.350099774,-0.0453433,1.554293264,1.14845027,1.27960868,0.964130327,0.27062553,-0.465177679,-1.263326408,-1.329097671,-0.315141115,1.739339311,0.632343664,0
0.542567415,1.162206796,1.396606212,-1.32243385,0.543301221,-0.676732128,-1.143251597,0.664814541,-0.896777705,0.457384117,1.745975682,1.5586795,-1.531137883,-1.243779626,-0.388285678,-0.781488916,-0.302462052,-0.602295569,0.077901636,0.602898942,0.597440687,0.622765102,0.38768239,-1.279420405,0
0.903870647,-0.86043207,0.107308958,0.150266256,-1.339678653,0.087122786,0.633827609,0.622089822,0.913197242,1.256820581,1.745975682,1.5586795,-1.531137883,1.554293264,1.373338458,-0.781488916,0.964130327,-0.477592555,-1.370309871,-0.330213733,-0.365828492,0.622765102,0.537866492,-0.32353837,0
1.355499687,-0.86043207,-1.181988297,1.622966363,1.484791158,-1.440587041,0.677793655,0.622089822,-1.284629479,1.523299402,-1.468522111,-1.304489412,-0.788240591,1.554293264,0.24889752,-0.781488916,0.119735408,-1.599919681,0.620980952,-0.330213733,0.597440687,0.622765102,-1.714895043,-0.32353837,0
1.355499687,-0.86043207,-1.181988297,-1.32243385,1.484791158,-0.676732128,-1.312429699,0.323016788,1.559616866,-1.14148881,-0.039856426,1.5586795,-0.0453433,0.6216023,-1.362801157,-0.781488916,-1.56905443,0.27062553,-0.284151241,-1.263326408,1.560709866,1.560671319,0.763142646,0.632343664,1
0.452241607,1.162206796,-1.181988297,-0.586083797,-1.339678653,-1.440587041,0.637271954,1.732932518,1.68890079,0.457384117,-1.468522111,0.604289863,0.697553992,1.554293264,0.24889752,-0.781488916,-0.302462052,1.018843614,-1.732362748,0.602898942,1.560709866,-1.253047332,-0.438330173,-1.279420405,0
0.542567415,-0.86043207,0.107308958,-0.586083797,-1.339678653,-0.676732128,1.658824041,-1.770494447,-0.896777705,1.523299402,0.674476417,-1.304489412,0.697553992,1.554293264,0.623711166,-0.781488916,0.964130327,-1.225810639,-1.732362748,-1.263326408,-0.365828492,-1.253047332,-0.438330173,1.588225698,0
-1.44460036,-0.86043207,-1.181988297,1.622966363,0.543301221,0.8509777,-1.090978602,-0.104230403,-1.672481254,-0.608531167,1.031642839,-1.304489412,-0.0453433,0.6216023,1.073487541,-0.781488916,-1.146856971,-1.101107625,0.258928075,-1.263326408,0.597440687,-0.315141115,-1.339434787,-1.279420405,0
-0.089713241,1.162206796,0.107308958,0.150266256,1.484791158,0.8509777,-1.610872029,1.690207798,0.008209768,-0.342052346,-0.754189269,-1.304489412,0.697553992,-1.243779626,0.24889752,-0.781488916,-1.146856971,-1.849325709,0.077901636,1.536011617,1.560709866,-1.253047332,1.213694953,1.588225698,0
-0.902645512,-0.86043207,-1.181988297,-1.32243385,-1.339678653,0.8509777,0.797535282,1.647483079,-0.379642006,-1.407967631,-0.754189269,-0.350099774,-0.788240591,-1.243779626,-0.800580688,-0.781488916,-1.56905443,-1.225810639,-1.732362748,-0.330213733,0.597440687,0.622765102,-1.714895043,-0.32353837,0
-0.99297132,-0.86043207,-1.181988297,0.150266256,1.484791158,-1.440587041,1.470600739,-1.17234838,0.266777618,0.190905296,0.674476417,1.5586795,1.440451283,-0.311088663,0.548748437,1.27960868,-1.146856971,0.27062553,1.707139582,-0.330213733,1.560709866,0.622765102,1.739339311,0.632343664,0
1.716802918,-0.86043207,1.396606212,-0.586083797,-1.339678653,1.614832614,-0.062132609,-1.685045009,-1.801765179,0.99034176,-0.397022847,-0.350099774,-1.531137883,1.554293264,0.811117989,-0.781488916,1.386327786,-0.35288954,0.258928075,1.536011617,-0.365828492,1.560671319,1.363879055,0.632343664,0
1.536151302,-0.86043207,0.107308958,0.150266256,1.484791158,-0.676732128,-0.665298131,-1.343247256,0.008209768,0.457384117,-0.754189269,0.604289863,-0.0453433,0.6216023,1.223413,1.27960868,1.386327786,0.769437586,1.164060267,-0.330213733,1.560709866,0.622765102,0.462774441,0.632343664,0
-1.354274552,1.162206796,1.396606212,-0.586083797,-0.398188716,0.8509777,-0.789902362,-0.616927032,-0.121074156,-1.407967631,1.031642839,1.5586795,-1.531137883,-0.311088663,0.548748437,1.27960868,1.386327786,0.395328544,0.80200739,-0.330213733,0.597440687,-1.253047332,-1.489618889,1.588225698,0
-1.173622936,-0.86043207,1.396606212,0.150266256,0.543301221,-0.676732128,-0.151280352,-1.556870852,0.654629392,-0.342052346,-0.754189269,-0.350099774,1.440451283,-1.243779626,0.24889752,-0.781488916,-1.56905443,-1.101107625,-1.55133631,-0.330213733,0.597440687,0.622765102,0.612958543,-0.32353837,0
0.181264183,-0.86043207,1.396606212,1.622966363,1.484791158,-1.440587041,1.398877328,-1.257797818,0.913197242,-0.342052346,0.674476417,-1.304489412,-0.0453433,-1.243779626,-0.313322948,1.27960868,-1.56905443,0.395328544,1.345086706,0.602898942,1.560709866,-0.315141115,-1.039066582,-0.32353837,1
0.452241607,1.162206796,0.107308958,0.886616309,-0.398188716,1.614832614,-1.352748792,-1.343247256,0.137493693,0.190905296,-1.11135569,-0.350099774,1.440451283,0.6216023,1.898077562,-0.781488916,-0.302462052,-0.851701597,0.983033829,1.536011617,-1.329097671,1.560671319,1.438971106,0.632343664,1
-0.812319705,-0.86043207,0.107308958,1.622966363,1.484791158,-1.440587041,-1.285077551,-1.64232029,1.818184715,0.723862938,-1.468522111,-1.304489412,0.697553992,-0.311088663,-0.313322948,-0.781488916,0.541932867,-1.599919681,-1.189283433,-1.263326408,-0.365828492,1.560671319,-1.414526838,0.632343664,0
0.452241607,1.162206796,-1.181988297,1.622966363,1.484791158,-0.676732128,1.302030462,1.60475836,-0.76749378,1.256820581,0.317309996,-0.350099774,0.697553992,-0.311088663,1.898077562,-0.781488916,1.386327786,0.8941406,-0.465177679,0.602898942,-0.365828492,-1.253047332,-1.114158633,1.588225698,0
-0.721993897,-0.86043207,1.396606212,0.886616309,-0.398188716,1.614832614,0.579123312,-0.488752875,-1.801765179,-0.608531167,1.031642839,-0.350099774,0.697553992,0.6216023,-1.700133438,-0.781488916,-1.146856971,-0.477592555,-1.55133631,-1.263326408,1.560709866,0.622765102,-1.414526838,1.588225698,0
1.716802918,1.162206796,-1.181988297,0.886616309,1.484791158,1.614832614,-0.366247976,1.305685327,1.68890079,0.457384117,-1.468522111,-0.350099774,1.440451283,0.6216023,0.286378885,1.27960868,-0.724659511,0.520031558,0.620980952,1.536011617,1.560709866,0.622765102,-0.963974531,-1.279420405,0
-0.270364857,1.162206796,1.396606212,-1.32243385,1.484791158,-1.440587041,1.631471892,-0.018780965,0.266777618,-1.674446452,1.745975682,-1.304489412,1.440451283,-0.311088663,-0.725617959,1.27960868,0.541932867,1.018843614,0.80200739,1.536011617,-1.329097671,-1.253047332,0.838234697,1.588225698,0
0.361915799,1.162206796,0.107308958,-1.32243385,0.543301221,0.8509777,0.811515269,1.60475836,1.818184715,0.457384117,1.38880926,-0.350099774,1.440451283,-1.243779626,1.448301187,-0.781488916,-0.302462052,1.767061699,-0.284151241,1.536011617,-0.365828492,-1.253047332,0.237498288,-1.279420405,0
1.084522263,1.162206796,0.107308958,1.622966363,-0.398188716,-0.676732128,-1.431158284,1.092061731,-0.250358081,0.723862938,-0.754189269,1.5586795,-1.531137883,1.554293264,1.298375729,1.27960868,-1.146856971,0.27062553,-1.55133631,-0.330213733,-1.329097671,-0.315141115,-1.489618889,0.632343664,0
1.716802918,-0.86043207,0.107308958,1.622966363,-0.398188716,0.087122786,0.849200451,0.066668473,0.783913317,-0.075573525,-0.754189269,1.5586795,1.440451283,-1.243779626,-0.125916126,1.27960868,0.964130327,-0.976404611,1.164060267,0.602898942,-0.365828492,-1.253047332,-1.039066582,-0.32353837,0
-0.812319705,1.162206796,1.396606212,-0.586083797,-1.339678653,0.087122786,-1.608643335,-1.471421413,1.430332941,-0.875009989,-0.397022847,1.5586795,0.697553992,0.6216023,0.24889752,1.27960868,-0.302462052,-0.851701597,-0.103124802,1.536011617,1.560709866,0.622765102,1.138602902,1.588225698,0
1.355499687,-0.86043207,0.107308958,-0.586083797,1.484791158,-1.440587041,-1.035261263,0.23756735,0.783913317,-1.14148881,-1.468522111,-1.304489412,-0.788240591,-0.311088663,-0.688136594,-0.781488916,1.386327786,-0.35288954,-0.284151241,-1.263326408,-0.365828492,-0.315141115,0.688050595,-0.32353837,1
-1.534926168,1.162206796,1.396606212,-1.32243385,0.543301221,-0.676732128,-1.03971865,-0.446028155,-1.284629479,1.789778223,1.38880926,-1.304489412,1.440451283,-0.311088663,1.448301187,1.27960868,1.386327786,-0.976404611,-1.55133631,-0.330213733,-0.365828492,1.560671319,1.06351085,1.588225698,0
-1.44460036,1.162206796,-1.181988297,-1.32243385,1.484791158,-0.676732128,1.011287256,-1.086898942,-0.638209856,0.723862938,-0.754189269,1.5586795,-0.788240591,1.554293264,-1.587689344,1.27960868,0.964130327,0.769437586,1.526113144,-0.330213733,-0.365828492,0.622765102,-1.189250685,1.588225698,0
1.445825495,1.162206796,1.396606212,-0.586083797,1.484791158,-1.440587041,-0.805098,-1.471421413,-1.155345555,0.99034176,1.745975682,1.5586795,0.697553992,-0.311088663,1.523263916,1.27960868,1.808525246,-0.726998583,1.164060267,0.602898942,-1.329097671,1.560671319,1.889523413,-1.279420405,0
-1.173622936,-0.86043207,-1.181988297,-0.586083797,-1.339678653,-0.676732128,-1.479379108,0.792988698,1.171765091,1.789778223,-0.397022847,1.5586795,1.440451283,1.554293264,1.036006177,-0.781488916,-0.302462052,0.145922516,0.077901636,0.602898942,-1.329097671,1.560671319,0.012222134,1.588225698,0
0.632893223,1.162206796,1.396606212,0.150266256,1.484791158,0.8509777,-0.09454997,0.579365102,0.525345467,-0.342052346,-1.468522111,0.604289863,-1.531137883,-1.243779626,0.173934791,1.27960868,0.964130327,-1.101107625,1.164060267,0.602898942,-0.365828492,1.560671319,1.138602902,0.632343664,1
0.903870647,-0.86043207,-1.181988297,0.150266256,0.543301221,-1.440587041,-1.384355719,-0.616927032,1.301049016,1.256820581,-0.397022847,1.5586795,-1.531137883,-1.243779626,-1.55020798,1.27960868,-1.56905443,0.145922516,-0.103124802,-0.330213733,0.597440687,0.622765102,0.688050595,-0.32353837,0
-1.083297128,-0.86043207,0.107308958,-0.586083797,0.543301221,0.8509777,1.698130091,1.476584203,-0.250358081,1.523299402,-1.468522111,-0.350099774,-0.788240591,-0.311088663,0.211416156,-0.781488916,-0.302462052,0.8941406,1.345086706,1.536011617,-1.329097671,1.560671319,1.288787004,1.588225698,0
0.723219031,-0.86043207,-1.181988297,0.150266256,-1.339678653,-0.676732128,0.053556848,-0.787825908,-1.801765179,-1.674446452,-0.039856426,0.604289863,-1.531137883,-0.311088663,0.73615526,1.27960868,-1.146856971,1.767061699,-0.827230556,-1.263326408,1.560709866,0.622765102,1.438971106,-0.32353837,0
0.181264183,-0.86043207,0.107308958,1.622966363,-0.398188716,0.087122786,-0.251571562,-0.104230403,-0.379642006,-0.075573525,-0.397022847,-0.350099774,-1.531137883,-1.243779626,1.036006177,-0.781488916,-0.724659511,0.021219502,0.439954513,-0.330213733,-1.329097671,-1.253047332,-0.963974531,-0.32353837,1
-0.270364857,-0.86043207,0.107308958,-1.32243385,-0.398188716,0.087122786,-0.856560561,-0.146955122,-0.121074156,1.523299402,-0.039856426,-0.350099774,0.697553992,0.6216023,-0.65065523,-0.781488916,-1.146856971,0.395328544,0.620980952,-0.330213733,-0.365828492,-0.315141115,-0.137961968,1.588225698,1
-1.083297128,-0.86043207,-1.181988297,-0.586083797,0.543301221,0.087122786,1.282985262,-1.17234838,1.68890079,0.457384117,-0.754189269,1.5586795,0.697553992,-0.311088663,-0.538211136,-0.781488916,0.119735408,0.021219502,-1.008256994,-1.263326408,-0.365828492,-0.315141115,0.462774441,0.632343664,1
-1.354274552,-0.86043207,-1.181988297,-0.586083797,-1.339678653,-0.676732128,-0.85534491,0.792988698,-0.121074156,0.99034176,0.317309996,-0.350099774,-0.0453433,-0.311088663,-1.512726615,-0.781488916,0.119735408,1.268249643,0.983033829,-0.330213733,0.597440687,0.622765102,-0.513422224,0.632343664,1
-1.44460036,-0.86043207,1.396606212,-1.32243385,-1.339678653,0.087122786,1.165067112,-1.300522537,-1.413913404,-0.075573525,-1.11135569,-1.304489412,1.440451283,-0.311088663,-0.987987511,-0.781488916,1.386327786,0.395328544,-0.827230556,-0.330213733,-0.365828492,0.622765102,0.312590339,0.632343664,1
-0.99297132,1.162206796,1.396606212,0.150266256,-0.398188716,0.087122786,0.790038767,0.70753926,-1.284629479,-0.875009989,-0.397022847,-0.350099774,-0.0453433,-1.243779626,0.24889752,-0.781488916,-1.146856971,-1.225810639,-0.465177679,-0.330213733,-0.365828492,-0.315141115,-0.137961968,-1.279420405,1
0.090938375,-0.86043207,-1.181988297,1.622966363,-0.398188716,-0.676732128,1.530978073,0.451190945,0.654629392,0.723862938,-0.397022847,0.604289863,0.697553992,-0.311088663,-0.463248407,-0.781488916,0.119735408,1.392952657,-0.103124802,-0.330213733,-0.365828492,1.560671319,-0.513422224,0.632343664,1
0.090938375,1.162206796,1.396606212,-1.32243385,0.543301221,0.8509777,0.167422828,-0.104230403,0.266777618,1.256820581,-1.11135569,-0.350099774,-0.0453433,-0.311088663,0.211416156,1.27960868,0.119735408,0.27062553,-1.008256994,-0.330213733,-0.365828492,-0.315141115,-0.738698378,-1.279420405,1
-0.631668089,1.162206796,-1.181988297,-1.32243385,0.543301221,0.8509777,0.377122632,-0.189679841,0.266777618,0.457384117,0.674476417,-1.304489412,0.697553992,-1.243779626,0.848599354,-0.781488916,1.808525246,-0.103483512,0.439954513,0.602898942,-1.329097671,0.622765102,-0.88888248,-0.32353837,1
-1.083297128,-0.86043207,-1.181988297,-0.586083797,1.484791158,0.8509777,1.007437694,0.152117912,-0.121074156,0.457384117,-1.11135569,-0.350099774,-0.0453433,0.6216023,0.24889752,-0.781488916,0.119735408,-1.475216667,1.164060267,1.536011617,-0.365828492,0.622765102,0.988418799,-1.279420405,1
1.174848071,1.162206796,-1.181988297,0.150266256,-0.398188716,0.087122786,1.654771871,0.408466226,-1.284629479,-1.14148881,1.38880926,-1.304489412,-0.788240591,-1.243779626,-0.500729771,-0.781488916,-0.302462052,1.642358685,-1.189283433,0.602898942,-1.329097671,-0.315141115,-1.039066582,-1.279420405,1
-1.715577784,-0.86043207,1.396606212,1.622966363,-0.398188716,-0.676732128,-1.581291187,1.476584203,-0.121074156,1.523299402,-0.397022847,0.604289863,-0.788240591,-1.243779626,-0.013472032,-0.781488916,-1.146856971,1.143546628,-1.732362748,0.602898942,-0.365828492,0.622765102,-1.114158633,-1.279420405,1
-0.180039049,-0.86043207,-1.181988297,-0.586083797,-0.398188716,0.087122786,-0.324915841,1.092061731,1.042481167,1.523299402,-1.11135569,-1.304489412,-0.788240591,-0.311088663,-0.313322948,-0.781488916,-0.302462052,-0.228186526,-0.646204118,-0.330213733,0.597440687,-0.315141115,-0.513422224,-1.279420405,1
1.355499687,-0.86043207,0.107308958,0.886616309,1.484791158,-1.440587041,0.812123094,1.732932518,0.137493693,0.190905296,1.031642839,0.604289863,-0.0453433,-1.243779626,-0.463248407,-0.781488916,-0.724659511,-0.228186526,-0.646204118,-0.330213733,1.560709866,0.622765102,-1.414526838,-1.279420405,1
-1.173622936,-0.86043207,-1.181988297,0.150266256,-1.339678653,0.8509777,-0.205376823,-0.018780965,-0.76749378,0.723862938,-0.397022847,0.604289863,-1.531137883,0.6216023,0.848599354,-0.781488916,-0.724659511,0.395328544,1.164060267,-1.263326408,-1.329097671,-1.253047332,-0.137961968,-0.32353837,1
0.090938375,-0.86043207,1.396606212,0.886616309,-1.339678653,-1.440587041,0.110692447,-0.873275346,0.783913317,0.190905296,-1.468522111,0.604289863,0.697553992,0.6216023,-1.475245251,-0.781488916,-1.146856971,0.8941406,1.164060267,0.602898942,-1.329097671,-1.253047332,-1.714895043,0.632343664,1
0.181264183,-0.86043207,-1.181988297,-0.586083797,-0.398188716,0.087122786,-0.584659946,0.878438136,-1.801765179,-0.075573525,-0.397022847,1.5586795,-0.0453433,-1.243779626,-0.050953396,-0.781488916,-0.302462052,0.769437586,0.620980952,0.602898942,0.597440687,-0.315141115,1.138602902,0.632343664,1
1.084522263,-0.86043207,0.107308958,-1.32243385,-1.339678653,-0.676732128,-1.444733054,-0.873275346,0.266777618,-0.608531167,0.317309996,-0.350099774,-0.788240591,-0.311088663,0.773636625,1.27960868,1.386327786,-1.101107625,0.80200739,-0.330213733,-1.329097671,-0.315141115,0.688050595,-0.32353837,1
0.452241607,-0.86043207,0.107308958,0.150266256,-1.339678653,0.8509777,0.273387077,-0.317853998,-0.250358081,-1.14148881,0.317309996,-0.350099774,0.697553992,-0.311088663,0.323860249,1.27960868,-1.146856971,0.27062553,0.439954513,-1.263326408,-1.329097671,-1.253047332,0.162406236,-0.32353837,1
-0.180039049,1.162206796,0.107308958,-1.32243385,0.543301221,0.8509777,-0.131829935,1.006612293,0.266777618,-0.608531167,-0.039856426,-0.350099774,-0.788240591,-1.243779626,-0.838062053,-0.781488916,0.119735408,-0.851701597,-0.284151241,0.602898942,1.560709866,-0.315141115,0.162406236,-0.32353837,1
0.903870647,-0.86043207,-1.181988297,-0.586083797,0.543301221,1.614832614,0.225774078,-0.659651751,0.008209768,0.723862938,1.38880926,-1.304489412,0.697553992,0.6216023,0.73615526,1.27960868,-0.302462052,0.27062553,0.620980952,-1.263326408,-0.365828492,-0.315141115,-0.288146071,-1.279420405,1
1.355499687,-0.86043207,-1.181988297,-0.586083797,-0.398188716,0.087122786,-0.588509507,1.391134765,1.301049016,-1.407967631,0.674476417,1.5586795,-0.788240591,-1.243779626,0.061490697,-0.781488916,0.119735408,-1.475216667,0.258928075,1.536011617,-0.365828492,-1.253047332,-0.062869917,-0.32353837,1
0.452241607,-0.86043207,-1.181988297,0.886616309,-1.339678653,-0.676732128,1.691849227,-0.659651751,0.266777618,-0.075573525,0.317309996,-0.350099774,-0.0453433,-0.311088663,-1.100431605,1.27960868,-0.302462052,0.021219502,-1.008256994,1.536011617,-1.329097671,-0.315141115,-1.114158633,-1.279420405,1
-1.534926168,-0.86043207,-1.181988297,0.150266256,-1.339678653,-0.676732128,0.582365049,-0.446028155,-0.508925931,0.457384117,-1.468522111,0.604289863,0.697553992,0.6216023,-0.388285678,-0.781488916,0.541932867,0.769437586,1.526113144,0.602898942,0.597440687,-0.315141115,1.213694953,-0.32353837,1
-0.721993897,1.162206796,0.107308958,0.150266256,1.484791158,0.087122786,-0.205174214,-1.599595571,-1.543197329,0.457384117,-1.468522111,0.604289863,-0.0453433,-0.311088663,0.323860249,-0.781488916,-0.302462052,0.644734572,-1.370309871,0.602898942,-0.365828492,-0.315141115,0.988418799,0.632343664,1
0.723219031,-0.86043207,0.107308958,0.150266256,1.484791158,-1.440587041,-1.163715056,1.433859484,0.525345467,0.99034176,-1.11135569,0.604289863,-1.531137883,0.6216023,0.286378885,-0.781488916,-1.146856971,-0.851701597,0.258928075,0.602898942,0.597440687,-0.315141115,1.363879055,0.632343664,1
-1.354274552,1.162206796,-1.181988297,-1.32243385,-0.398188716,0.087122786,-0.543733028,1.262960608,-1.543197329,-0.342052346,-0.397022847,0.604289863,-0.0453433,1.554293264,0.024009333,-0.781488916,0.541932867,1.642358685,1.345086706,1.536011617,-0.365828492,-0.315141115,-0.363238122,-1.279420405,1
1.536151302,-0.86043207,-1.181988297,0.886616309,0.543301221,-1.440587041,-1.618165935,0.066668473,1.301049016,-0.875009989,-1.468522111,1.5586795,-0.0453433,-0.311088663,-1.362801157,-0.781488916,1.808525246,0.8941406,1.164060267,-1.263326408,0.597440687,-1.253047332,-0.813790429,-1.279420405,1
-0.541342281,1.162206796,-1.181988297,-1.32243385,0.543301221,0.8509777,0.372057419,-0.018780965,0.137493693,0.99034176,0.674476417,-1.304489412,0.697553992,-1.243779626,0.961043447,1.27960868,1.386327786,0.021219502,0.620980952,0.602898942,-1.329097671,0.622765102,-0.963974531,-1.279420405,1
0.000612567,1.162206796,0.107308958,1.622966363,-1.339678653,-0.676732128,0.111097664,-0.830550627,0.913197242,0.190905296,-1.11135569,0.604289863,0.697553992,0.6216023,-1.400282521,-0.781488916,-1.146856971,1.018843614,1.164060267,-0.330213733,-1.329097671,-1.253047332,-1.714895043,0.632343664,1
-0.902645512,-0.86043207,-1.181988297,-0.586083797,-1.339678653,0.087122786,-1.657269376,0.963887574,-0.379642006,0.457384117,0.317309996,0.604289863,-0.788240591,0.6216023,-0.838062053,-0.781488916,-0.724659511,1.018843614,-0.465177679,0.602898942,-1.329097671,-0.315141115,-1.339434787,-0.32353837,1
1.265173879,-0.86043207,0.107308958,0.886616309,0.543301221,-1.440587041,0.813946571,1.562033641,0.137493693,0.190905296,1.031642839,1.5586795,-0.788240591,-0.311088663,-0.575692501,-0.781488916,-0.724659511,-0.35288954,-0.827230556,-0.330213733,0.597440687,0.622765102,-1.264342736,-0.32353837,1
0.632893223,1.162206796,0.107308958,-0.586083797,-0.398188716,-0.676732128,-1.047620382,-1.471421413,-0.638209856,-0.608531167,-0.039856426,-0.350099774,-0.0453433,-0.311088663,0.811117989,-0.781488916,-1.146856971,-0.35288954,-1.732362748,-0.330213733,0.597440687,-0.315141115,0.537866492,-0.32353837,1
1.084522263,1.162206796,0.107308958,-1.32243385,0.543301221,0.087122786,0.141083723,0.323016788,-0.508925931,0.190905296,-0.039856426,-0.350099774,-0.788240591,-1.243779626,-0.987987511,1.27960868,-1.56905443,0.644734572,-0.465177679,-0.330213733,-1.329097671,-1.253047332,0.462774441,0.632343664,1
-1.534926168,-0.86043207,0.107308958,1.622966363,0.543301221,-1.440587041,0.041197729,0.536640383,-0.250358081,-1.674446452,1.031642839,1.5586795,0.697553992,-1.243779626,1.485782552,-0.781488916,0.541932867,0.644734572,0.620980952,0.602898942,-0.365828492,-0.315141115,-0.513422224,-1.279420405,1
0.181264183,-0.86043207,0.107308958,0.886616309,-1.339678653,0.8509777,1.279540918,0.963887574,-1.155345555,-0.875009989,-0.039856426,-1.304489412,1.440451283,-0.311088663,0.286378885,-0.781488916,0.541932867,-0.477592555,-0.646204118,0.602898942,-0.365828492,-0.315141115,-0.88888248,1.588225698,1
0.361915799,-0.86043207,0.107308958,0.886616309,0.543301221,0.8509777,1.487822462,-1.257797818,0.008209768,0.457384117,1.031642839,0.604289863,0.697553992,-1.243779626,1.036006177,-0.781488916,-1.146856971,-0.103483512,0.983033829,-1.263326408,0.597440687,-0.315141115,0.012222134,0.632343664,1
0.994196455,-0.86043207,-1.181988297,0.886616309,0.543301221,-1.440587041,-1.622420713,0.365741507,1.301049016,-0.875009989,-1.468522111,1.5586795,-0.0453433,-1.243779626,-0.800580688,-0.781488916,1.808525246,-0.228186526,-1.189283433,-1.263326408,0.597440687,0.622765102,-1.56471094,-1.279420405,1
-0.270364857,1.162206796,0.107308958,-0.586083797,-0.398188716,0.087122786,-1.066057756,0.280292069,0.525345467,-0.342052346,-1.11135569,-1.304489412,0.697553992,-1.243779626,0.136453427,1.27960868,0.541932867,0.27062553,-0.465177679,-1.263326408,-0.365828492,-1.253047332,-0.88888248,-0.32353837,1
-0.180039049,1.162206796,-1.181988297,-1.32243385,0.543301221,0.087122786,1.684960538,0.622089822,0.008209768,0.457384117,0.674476417,0.604289863,1.440451283,-0.311088663,-0.050953396,-0.781488916,1.386327786,-0.477592555,-0.465177679,-0.330213733,-0.365828492,0.622765102,-1.264342736,-0.32353837,1
1.445825495,-0.86043207,-1.181988297,-0.586083797,-1.339678653,0.087122786,1.075108935,1.092061731,0.654629392,0.457384117,-0.397022847,-0.350099774,1.440451283,1.554293264,-0.088434761,1.27960868,0.119735408,1.143546628,0.620980952,0.602898942,-0.365828492,-1.253047332,-1.189250685,-1.279420405,1
0.813544839,-0.86043207,1.396606212,0.886616309,0.543301221,-1.440587041,-1.168780269,1.220235889,0.266777618,1.256820581,-0.754189269,0.604289863,-1.531137883,0.6216023,0.323860249,-0.781488916,-0.724659511,-0.228186526,0.258928075,0.602898942,0.597440687,-0.315141115,0.612958543,0.632343664,1
1.174848071,-0.86043207,0.107308958,0.150266256,-0.398188716,-0.676732128,-0.96110655,1.433859484,1.042481167,0.457384117,0.674476417,-1.304489412,0.697553992,0.6216023,-0.838062053,-0.781488916,0.119735408,-1.225810639,0.983033829,-1.263326408,-1.329097671,-1.253047332,-1.414526838,-0.32353837,1
-0.721993897,1.162206796,0.107308958,0.886616309,-1.339678653,0.087122786,-1.227131518,-0.23240456,0.008209768,-1.674446452,-0.754189269,-1.304489412,0.697553992,0.6216023,-0.763099324,-0.781488916,-1.56905443,0.145922516,-0.465177679,-1.263326408,0.597440687,-0.315141115,-0.213054019,-0.32353837,1
0.903870647,1.162206796,-1.181988297,0.150266256,-1.339678653,0.087122786,-1.065855148,-0.830550627,-1.543197329,1.523299402,-0.397022847,-0.350099774,-0.0453433,-1.243779626,0.323860249,-0.781488916,-1.146856971,-1.101107625,-1.189283433,-1.263326408,-1.329097671,-1.253047332,0.312590339,0.632343664,1
-1.083297128,-0.86043207,0.107308958,-1.32243385,-0.398188716,0.087122786,0.156684577,-0.189679841,0.913197242,0.723862938,-0.754189269,-1.304489412,-0.0453433,-0.311088663,-0.313322948,1.27960868,-0.302462052,-0.851701597,-0.284151241,-0.330213733,0.597440687,-0.315141115,-1.189250685,-1.279420405,1
-0.631668089,1.162206796,-1.181988297,-1.32243385,1.484791158,0.8509777,0.992242056,0.70753926,-0.76749378,-0.342052346,-0.754189269,1.5586795,-0.0453433,0.6216023,-0.088434761,-0.781488916,0.119735408,-0.976404611,1.345086706,1.536011617,1.560709866,0.622765102,0.988418799,-1.279420405,1
0.632893223,-0.86043207,0.107308958,0.886616309,-0.398188716,0.087122786,-1.640858087,-1.300522537,0.525345467,-1.674446452,-0.397022847,-1.304489412,-0.0453433,-0.311088663,-1.625170709,-0.781488916,-1.146856971,-0.726998583,-1.370309871,-0.330213733,-1.329097671,-1.253047332,0.913326748,-0.32353837,1
-0.270364857,-0.86043207,1.396606212,-1.32243385,-1.339678653,0.087122786,1.155341903,0.792988698,-0.76749378,0.723862938,-0.397022847,-0.350099774,-0.0453433,-0.311088663,0.848599354,1.27960868,-0.302462052,0.145922516,-0.103124802,-1.263326408,0.597440687,0.622765102,1.06351085,-0.32353837,1
0.452241607,-0.86043207,-1.181988297,-0.586083797,0.543301221,0.8509777,-0.612012094,1.13478645,0.525345467,-0.608531167,0.317309996,-1.304489412,-0.0453433,-0.311088663,0.211416156,-0.781488916,0.541932867,-0.602295569,-0.103124802,-0.330213733,-0.365828492,-1.253047332,-0.513422224,-1.279420405,1
-0.812319705,-0.86043207,0.107308958,0.150266256,-0.398188716,-0.676732128,1.505246793,0.23756735,-0.508925931,-1.674446452,-0.754189269,0.604289863,-0.0453433,0.6216023,0.473785708,-0.781488916,-1.146856971,0.021219502,0.258928075,-0.330213733,-1.329097671,-1.253047332,-0.213054019,1.588225698,1
0.994196455,-0.86043207,0.107308958,-0.586083797,0.543301221,-0.676732128,-0.710479828,0.365741507,0.137493693,-0.875009989,0.674476417,0.604289863,-0.0453433,-0.311088663,-1.025468876,-0.781488916,0.119735408,-0.726998583,-1.370309871,1.536011617,-0.365828492,0.622765102,-1.039066582,-1.279420405,1
1.355499687,-0.86043207,0.107308958,-0.586083797,-1.339678653,0.087122786,-1.644099824,-1.556870852,-1.413913404,-1.14148881,-1.468522111,-0.350099774,-0.0453433,-0.311088663,0.961043447,1.27960868,-0.302462052,0.021219502,0.077901636,0.602898942,0.597440687,0.622765102,-0.738698378,0.632343664,1
-0.812319705,1.162206796,-1.181988297,-0.586083797,0.543301221,0.8509777,-0.133450803,1.391134765,1.301049016,-1.407967631,1.031642839,-0.350099774,-0.788240591,-0.311088663,-0.950506146,-0.781488916,0.119735408,-0.35288954,-0.827230556,0.602898942,1.560709866,-1.253047332,-0.513422224,-0.32353837,1
1.084522263,-0.86043207,0.107308958,0.886616309,-1.339678653,0.087122786,-1.67712501,-1.385971975,-0.508925931,-0.342052346,-1.468522111,-0.350099774,-1.531137883,-0.311088663,-0.16339749,-0.781488916,0.541932867,-0.602295569,0.439954513,0.602898942,0.597440687,-0.315141115,-0.062869917,0.632343664,1
-0.631668089,1.162206796,-1.181988297,-1.32243385,0.543301221,0.8509777,0.377730457,0.152117912,0.008209768,0.457384117,1.031642839,-1.304489412,0.697553992,-1.243779626,0.548748437,-0.781488916,1.386327786,0.395328544,0.258928075,0.602898942,-1.329097671,0.622765102,-0.813790429,-0.32353837,1
0.632893223,-0.86043207,-1.181988297,-1.32243385,-1.339678653,-0.676732128,0.484707749,-1.599595571,1.430332941,-1.14148881,-0.397022847,-0.350099774,-0.788240591,-0.311088663,1.448301187,-0.781488916,1.386327786,0.644734572,0.983033829,-1.263326408,-0.365828492,0.622765102,-0.663606326,-0.32353837,1
1.174848071,1.162206796,1.396606212,-1.32243385,0.543301221,0.8509777,0.169043696,0.408466226,-0.896777705,1.256820581,-0.754189269,-0.350099774,-0.0453433,-0.311088663,0.848599354,1.27960868,0.541932867,1.018843614,-1.732362748,-0.330213733,-1.329097671,-0.315141115,-0.363238122,-1.279420405,1
-1.354274552,-0.86043207,0.107308958,-0.586083797,0.543301221,0.8509777,-1.419001773,0.152117912,0.266777618,1.256820581,-1.468522111,-0.350099774,-1.531137883,1.554293264,0.473785708,1.27960868,1.386327786,-0.103483512,-0.465177679,-1.263326408,-1.329097671,-1.253047332,0.012222134,-1.279420405,1
-0.541342281,-0.86043207,0.107308958,-0.586083797,-0.398188716,-1.440587041,1.196066213,-1.385971975,1.171765091,-1.14148881,-0.397022847,-1.304489412,-1.531137883,-0.311088663,0.061490697,1.27960868,-0.302462052,-1.101107625,-0.103124802,0.602898942,0.597440687,-0.315141115,-1.339434787,-0.32353837,1
-0.451016473,-0.86043207,0.107308958,0.886616309,0.543301221,-0.676732128,-0.840149272,0.792988698,-0.121074156,-0.608531167,0.317309996,-0.350099774,-0.0453433,-0.311088663,-0.65065523,1.27960868,-0.302462052,0.27062553,0.983033829,-1.263326408,-0.365828492,1.560671319,1.288787004,-0.32353837,1
1.265173879,-0.86043207,-1.181988297,0.886616309,-0.398188716,-0.676732128,-1.625054624,-0.403303436,1.042481167,-1.14148881,-1.11135569,0.604289863,-0.0453433,0.6216023,-1.475245251,-0.781488916,0.541932867,0.520031558,0.620980952,-1.263326408,-0.365828492,-1.253047332,-0.137961968,-1.279420405,1
0.181264183,-0.86043207,-1.181988297,0.886616309,0.543301221,0.8509777,-0.487407863,-1.471421413,1.301049016,-1.14148881,0.317309996,-0.350099774,0.697553992,-0.311088663,-0.763099324,-0.781488916,-1.146856971,-0.602295569,-1.189283433,-1.263326408,0.597440687,-1.253047332,0.237498288,1.588225698,1
0.271589991,-0.86043207,-1.181988297,-0.586083797,-1.339678653,-0.676732128,-0.124536029,0.792988698,-0.250358081,0.99034176,0.317309996,-1.304489412,-0.0453433,-1.243779626,0.136453427,1.27960868,-1.146856971,-0.228186526,-1.008256994,0.602898942,1.560709866,0.622765102,0.612958543,-1.279420405,1
0.542567415,1.162206796,-1.181988297,0.886616309,-1.339678653,1.614832614,1.228686183,-1.599595571,0.654629392,-0.075573525,-0.039856426,0.604289863,1.440451283,-0.311088663,0.511267072,-0.781488916,0.541932867,0.644734572,-1.55133631,-0.330213733,-1.329097671,-1.253047332,-0.588514275,0.632343664,1
-0.270364857,1.162206796,-1.181988297,0.886616309,0.543301221,0.087122786,1.52733112,1.006612293,1.042481167,1.523299402,-0.754189269,0.604289863,-0.0453433,-0.311088663,-0.350804313,-0.781488916,-0.302462052,1.268249643,-0.465177679,-0.330213733,0.597440687,0.622765102,-1.039066582,1.588225698,1
0.723219031,-0.86043207,0.107308958,1.622966363,0.543301221,-1.440587041,0.105019408,0.194842631,0.654629392,-1.674446452,-0.039856426,-0.350099774,0.697553992,-1.243779626,-0.763099324,-0.781488916,-0.302462052,1.268249643,-0.827230556,-1.263326408,-0.365828492,0.622765102,-1.039066582,-0.32353837,1
-0.180039049,-0.86043207,0.107308958,-0.586083797,1.484791158,-0.676732128,0.322823552,-1.343247256,-1.284629479,0.190905296,0.317309996,0.604289863,-0.0453433,-1.243779626,1.110968906,-0.781488916,0.119735408,-0.602295569,0.983033829,-0.330213733,-0.365828492,0.622765102,-0.062869917,0.632343664,1
1.62647711,-0.86043207,-1.181988297,0.150266256,0.543301221,0.087122786,-1.595068565,-1.471421413,-1.413913404,0.723862938,-1.468522111,0.604289863,-1.531137883,-1.243779626,-0.088434761,-0.781488916,-1.146856971,-1.101107625,1.345086706,-0.330213733,0.597440687,1.560671319,1.288787004,-0.32353837,1
-0.99297132,-0.86043207,0.107308958,-0.586083797,-1.339678653,-1.440587041,0.708995365,-1.17234838,0.783913317,0.99034176,0.674476417,-1.304489412,-0.0453433,-1.243779626,1.073487541,-0.781488916,0.119735408,-1.849325709,1.345086706,-1.263326408,-1.329097671,-1.253047332,1.288787004,0.632343664,1
-0.541342281,1.162206796,1.396606212,-1.32243385,-0.398188716,0.8509777,0.815567439,1.13478645,-0.76749378,0.457384117,-0.039856426,0.604289863,-0.0453433,-1.243779626,-0.463248407,-0.781488916,-0.724659511,-0.228186526,0.620980952,-0.330213733,-0.365828492,-0.315141115,-1.039066582,-1.279420405,1
0.181264183,-0.86043207,0.107308958,0.886616309,0.543301221,0.087122786,-0.954420469,1.391134765,-0.508925931,-0.608531167,1.38880926,-0.350099774,-0.788240591,0.6216023,-1.06295024,-0.781488916,0.541932867,-0.103483512,1.164060267,-1.263326408,-0.365828492,-0.315141115,-1.039066582,0.632343664,1
-1.173622936,-0.86043207,-1.181988297,-1.32243385,0.543301221,0.087122786,1.332421738,-0.531477594,0.008209768,1.256820581,-0.039856426,-0.350099774,0.697553992,0.6216023,1.63570801,-0.781488916,0.964130327,-0.602295569,0.983033829,-0.330213733,0.597440687,-1.253047332,0.087314185,-0.32353837,1
0.994196455,1.162206796,0.107308958,-0.586083797,-0.398188716,0.087122786,-1.313037525,0.066668473,0.525345467,-0.075573525,-1.11135569,-1.304489412,-0.0453433,-1.243779626,-1.175394334,-0.781488916,-0.302462052,-0.228186526,0.258928075,-0.330213733,1.560709866,-1.253047332,0.688050595,-1.279420405,1
0.813544839,-0.86043207,0.107308958,-1.32243385,-1.339678653,0.8509777,0.638690213,-0.446028155,1.171765091,-0.075573525,1.38880926,-1.304489412,-0.0453433,-1.243779626,-1.100431605,-0.781488916,0.541932867,0.644734572,-1.189283433,-1.263326408,0.597440687,0.622765102,-0.88888248,-0.32353837,1
0.452241607,1.162206796,-1.181988297,0.886616309,0.543301221,-0.676732128,0.304588787,-0.061505684,0.396061543,-0.875009989,0.674476417,0.604289863,0.697553992,1.554293264,-0.763099324,-0.781488916,-0.302462052,0.520031558,-0.103124802,0.602898942,-1.329097671,-0.315141115,0.688050595,-1.279420405,1
0.271589991,-0.86043207,0.107308958,1.622966363,-1.339678653,-1.440587041,0.110895055,-0.70237647,0.913197242,-0.342052346,-1.11135569,-0.350099774,1.440451283,0.6216023,-1.437763886,1.27960868,-1.146856971,1.143546628,0.983033829,-0.330213733,-1.329097671,-1.253047332,-1.56471094,0.632343664,1
0.632893223,1.162206796,1.396606212,-1.32243385,0.543301221,0.8509777,-0.122509944,0.579365102,-0.638209856,-0.075573525,-1.468522111,0.604289863,-1.531137883,-1.243779626,-0.538211136,1.27960868,0.119735408,-1.475216667,0.439954513,0.602898942,0.597440687,0.622765102,0.988418799,-0.32353837,1
0.271589991,-0.86043207,-1.181988297,0.886616309,0.543301221,0.087122786,-0.634704247,0.493915664,0.008209768,-0.342052346,0.317309996,-0.350099774,-0.0453433,0.6216023,-0.16339749,-0.781488916,0.964130327,-1.599919681,0.439954513,-1.263326408,0.597440687,-1.253047332,-1.339434787,-1.279420405,1
1.445825495,-0.86043207,0.107308958,0.886616309,0.543301221,-1.440587041,1.548199796,-0.146955122,1.430332941,0.723862938,-1.468522111,-0.350099774,-1.531137883,0.6216023,-0.950506146,-0.781488916,0.119735408,-0.228186526,0.439954513,-0.330213733,-0.365828492,0.622765102,1.66424726,-0.32353837,1
1.084522263,1.162206796,0.107308958,0.150266256,0.543301221,0.087122786,1.415896442,0.750263979,1.301049016,-0.342052346,-0.039856426,-0.350099774,-0.788240591,0.6216023,-1.137912969,1.27960868,0.119735408,0.021219502,0.439954513,-1.263326408,-1.329097671,-0.315141115,-0.438330173,0.632343664,1
0.361915799,1.162206796,0.107308958,0.150266256,-1.339678653,0.8509777,-1.352748792,-1.215073099,0.008209768,0.190905296,-1.11135569,-0.350099774,0.697553992,-0.311088663,1.785633468,-0.781488916,-0.302462052,-0.851701597,0.80200739,1.536011617,-1.329097671,1.560671319,1.363879055,-0.32353837,1
0.361915799,-0.86043207,0.107308958,-0.586083797,-0.398188716,-0.676732128,-1.627891143,0.23756735,0.654629392,-0.342052346,-0.039856426,-0.350099774,-0.0453433,-1.243779626,0.098972062,1.27960868,0.541932867,0.520031558,-1.370309871,0.602898942,-0.365828492,0.622765102,-1.039066582,0.632343664,1
1.084522263,-0.86043207,0.107308958,-1.32243385,-1.339678653,-0.676732128,-1.440883492,-0.916000065,0.396061543,-0.608531167,0.317309996,-0.350099774,-0.788240591,-0.311088663,0.886080718,1.27960868,1.386327786,-0.976404611,0.620980952,-0.330213733,-1.329097671,-0.315141115,0.688050595,-0.32353837,1
0.723219031,-0.86043207,0.107308958,0.886616309,-0.398188716,0.087122786,-1.638426785,-1.17234838,0.525345467,-1.674446452,-0.397022847,-1.304489412,-0.0453433,0.6216023,-1.625170709,-0.781488916,-1.146856971,-0.602295569,-1.008256994,-0.330213733,-1.329097671,-1.253047332,0.763142646,-1.279420405,1
0.271589991,-0.86043207,0.107308958,-0.586083797,0.543301221,0.087122786,-0.673807688,0.109393193,1.042481167,0.457384117,0.317309996,-0.350099774,-1.531137883,0.6216023,-0.238360219,-0.781488916,1.386327786,-0.103483512,-0.827230556,1.536011617,-1.329097671,-0.315141115,-1.039066582,-0.32353837,1
1.536151302,-0.86043207,-1.181988297,0.150266256,-0.398188716,-0.676732128,-1.620394628,-0.189679841,1.042481167,-1.14148881,-1.468522111,0.604289863,-0.0453433,-0.311088663,-1.137912969,-0.781488916,1.386327786,0.8941406,1.345086706,-1.263326408,0.597440687,-1.253047332,-0.738698378,-1.279420405,1
0.090938375,1.162206796,-1.181988297,0.886616309,0.543301221,0.087122786,-0.617077307,0.963887574,-0.121074156,-0.342052346,0.317309996,-0.350099774,-0.788240591,0.6216023,-0.16339749,-0.781488916,0.541932867,-1.599919681,0.439954513,-1.263326408,0.597440687,-1.253047332,-1.114158633,-1.279420405,1
-1.173622936,-0.86043207,1.396606212,-1.32243385,-1.339678653,0.8509777,1.165067112,-0.403303436,-0.508925931,0.723862938,-0.039856426,0.604289863,-0.788240591,0.6216023,-0.575692501,1.27960868,-0.302462052,-0.228186526,0.439954513,-0.330213733,0.597440687,0.622765102,0.237498288,-0.32353837,1
0.090938375,-0.86043207,0.107308958,-0.586083797,0.543301221,-1.440587041,0.479845144,-1.343247256,1.430332941,0.190905296,-1.11135569,-1.304489412,-0.0453433,-1.243779626,0.211416156,-0.781488916,-0.724659511,0.021219502,-0.465177679,0.602898942,-0.365828492,-1.253047332,0.012222134,-0.32353837,1
1.084522263,-0.86043207,-1.181988297,1.622966363,-0.398188716,0.087122786,-0.226853324,1.60475836,0.008209768,1.256820581,-1.11135569,0.604289863,-1.531137883,0.6216023,0.024009333,-0.781488916,0.541932867,-1.475216667,0.077901636,-1.263326408,-1.329097671,-0.315141115,-1.264342736,-0.32353837,1
1.355499687,-0.86043207,1.396606212,-0.586083797,-1.339678653,-1.440587041,-0.971236975,0.365741507,0.783913317,-0.075573525,-1.468522111,-1.304489412,0.697553992,0.6216023,-1.587689344,-0.781488916,0.119735408,-1.225810639,-0.284151241,1.536011617,0.597440687,0.622765102,-0.963974531,-0.32353837,1
1.265173879,-0.86043207,0.107308958,0.886616309,0.543301221,-1.440587041,1.545363277,-0.23240456,1.171765091,0.190905296,-1.468522111,-0.350099774,-0.788240591,0.6216023,-0.875543417,-0.781488916,0.119735408,0.021219502,0.439954513,-0.330213733,-0.365828492,0.622765102,1.363879055,-0.32353837,1
0.000612567,-0.86043207,-1.181988297,-0.586083797,-0.398188716,0.087122786,-0.585267771,1.262960608,-1.672481254,0.457384117,-1.11135569,0.604289863,-0.788240591,-1.243779626,-1.437763886,1.27960868,0.964130327,1.268249643,0.077901636,-0.330213733,-0.365828492,0.622765102,0.688050595,0.632343664,1
-1.263948744,-0.86043207,-1.181988297,0.150266256,0.543301221,-0.676732128,1.296762641,-0.830550627,1.301049016,0.99034176,-0.754189269,1.5586795,0.697553992,0.6216023,-0.088434761,-0.781488916,0.119735408,-0.477592555,-1.008256994,-1.263326408,-1.329097671,-1.253047332,-0.062869917,0.632343664,1
0.994196455,-0.86043207,0.107308958,-1.32243385,-0.398188716,0.087122786,1.638360582,-1.044174223,0.266777618,-0.342052346,1.38880926,-0.350099774,-0.788240591,-0.311088663,1.260894364,-0.781488916,-0.724659511,1.767061699,-0.465177679,-1.263326408,0.597440687,-1.253047332,-0.062869917,0.632343664,1
-0.270364857,-0.86043207,-1.181988297,0.150266256,-1.339678653,0.8509777,-1.663145023,0.023943754,-0.896777705,-1.14148881,1.031642839,-0.350099774,-0.788240591,-1.243779626,0.436304343,-0.781488916,0.541932867,0.769437586,-0.646204118,0.602898942,-0.365828492,0.622765102,-1.489618889,1.588225698,1
0.090938375,-0.86043207,0.107308958,0.886616309,-1.339678653,-0.676732128,0.111300272,-0.958724784,0.913197242,-0.075573525,-1.11135569,0.604289863,0.697553992,1.554293264,-1.587689344,-0.781488916,-1.146856971,1.018843614,1.345086706,-0.330213733,-1.329097671,-1.253047332,-1.714895043,0.632343664,1
0.181264183,-0.86043207,-1.181988297,-0.586083797,-0.398188716,1.614832614,1.286834824,-0.958724784,1.430332941,-0.608531167,-0.754189269,0.604289863,-0.788240591,-0.311088663,-0.688136594,-0.781488916,-0.302462052,0.644734572,0.258928075,-1.263326408,0.597440687,0.622765102,0.763142646,-0.32353837,1
-1.173622936,1.162206796,-1.181988297,-0.586083797,-0.398188716,-0.676732128,0.400017393,-0.146955122,-0.250358081,-1.14148881,0.317309996,-0.350099774,-1.531137883,-1.243779626,-0.275841584,-0.781488916,1.386327786,0.395328544,-0.646204118,-0.330213733,0.597440687,1.560671319,-0.213054019,-0.32353837,1
-1.263948744,-0.86043207,-1.181988297,-0.586083797,-1.339678653,-0.676732128,-0.856155344,0.835713417,0.008209768,1.256820581,0.317309996,-0.350099774,-0.0453433,0.6216023,-1.437763886,-0.781488916,-0.302462052,1.143546628,1.164060267,-0.330213733,0.597440687,0.622765102,-0.363238122,0.632343664,1
-1.354274552,-0.86043207,0.107308958,-1.32243385,-1.339678653,-1.440587041,0.80462658,-0.146955122,-0.121074156,0.190905296,-0.039856426,-0.350099774,-0.0453433,-1.243779626,-0.200878855,-0.781488916,-0.302462052,0.395328544,-0.103124802,-1.263326408,-1.329097671,-1.253047332,-0.363238122,-0.32353837,1
0.903870647,-0.86043207,0.107308958,-0.586083797,0.543301221,-1.440587041,0.477819059,-1.813219166,1.559616866,0.457384117,-1.11135569,-1.304489412,0.697553992,-1.243779626,1.223413,-0.781488916,-0.302462052,-0.726998583,-0.284151241,0.602898942,-0.365828492,-1.253047332,0.087314185,-0.32353837,1
-0.541342281,-0.86043207,-1.181988297,-0.586083797,-0.398188716,-0.676732128,1.32796435,-0.317853998,-1.155345555,1.256820581,-0.754189269,-1.304489412,0.697553992,0.6216023,1.448301187,-0.781488916,0.964130327,0.27062553,1.164060267,-0.330213733,0.597440687,-0.315141115,0.087314185,0.632343664,1
-0.451016473,-0.86043207,0.107308958,0.886616309,1.484791158,-1.440587041,0.055582933,0.750263979,-0.76749378,-0.875009989,-0.039856426,1.5586795,-0.0453433,-1.243779626,1.185931635,-0.781488916,0.119735408,-0.103483512,-0.103124802,1.536011617,-0.365828492,-0.315141115,-0.513422224,-1.279420405,1
0.632893223,-0.86043207,1.396606212,0.886616309,-1.339678653,-1.440587041,1.534625027,-0.574202313,-0.250358081,-0.875009989,-0.397022847,-0.350099774,1.440451283,0.6216023,-0.800580688,-0.781488916,-0.302462052,0.8941406,0.80200739,0.602898942,-1.329097671,0.622765102,0.237498288,0.632343664,1
-1.173622936,1.162206796,1.396606212,-0.586083797,-0.398188716,0.8509777,-1.117925534,0.493915664,1.430332941,0.457384117,-0.754189269,1.5586795,-1.531137883,-0.311088663,1.185931635,-0.781488916,0.541932867,-0.35288954,-0.465177679,-0.330213733,0.597440687,-0.315141115,0.988418799,0.632343664,1
-0.270364857,-0.86043207,-1.181988297,0.150266256,1.484791158,0.8509777,-0.450735723,-0.275129279,1.301049016,-0.342052346,-0.754189269,-0.350099774,1.440451283,-0.311088663,-0.800580688,-0.781488916,-1.56905443,-0.976404611,-0.103124802,-0.330213733,-0.365828492,-1.253047332,0.237498288,-0.32353837,1
0.632893223,-0.86043207,1.396606212,0.150266256,0.543301221,-0.676732128,-1.143048988,-0.873275346,0.783913317,-0.075573525,0.674476417,-0.350099774,0.697553992,0.6216023,-0.200878855,-0.781488916,-0.724659511,-0.35288954,-0.103124802,0.602898942,-0.365828492,-0.315141115,0.537866492,-0.32353837,1
-0.902645512,-0.86043207,-1.181988297,-0.586083797,0.543301221,-0.676732128,1.318239142,-1.001449504,-1.02606163,1.523299402,-0.397022847,-1.304489412,1.440451283,0.6216023,1.673189375,-0.781488916,1.386327786,0.145922516,0.80200739,-1.263326408,-0.365828492,-1.253047332,0.462774441,1.588225698,1
0.542567415,-0.86043207,0.107308958,-1.32243385,0.543301221,-0.676732128,0.843324804,0.70753926,-0.508925931,0.723862938,-0.754189269,-0.350099774,0.697553992,-1.243779626,0.998524812,-0.781488916,-0.724659511,0.395328544,-0.646204118,-1.263326408,0.597440687,-1.253047332,-0.813790429,-1.279420405,1
0.903870647,-0.86043207,0.107308958,-0.586083797,-0.398188716,0.087122786,1.168714065,1.092061731,0.008209768,0.190905296,-0.039856426,-1.304489412,1.440451283,-1.243779626,0.436304343,1.27960868,-0.302462052,0.8941406,-0.465177679,-1.263326408,0.597440687,0.622765102,1.06351085,0.632343664,1
-1.715577784,1.162206796,0.107308958,-1.32243385,-0.398188716,-0.676732128,0.379756543,-1.813219166,-0.508925931,0.99034176,-0.039856426,-1.304489412,-1.531137883,-1.243779626,1.598226645,-0.781488916,0.541932867,-1.599919681,1.164060267,-0.330213733,0.597440687,1.560671319,0.988418799,-1.279420405,1
-1.354274552,-0.86043207,0.107308958,0.886616309,0.543301221,0.087122786,-1.081658611,-0.317853998,0.008209768,-0.075573525,0.317309996,-0.350099774,-0.788240591,-0.311088663,-0.425767042,-0.781488916,0.541932867,0.27062553,0.077901636,-1.263326408,-1.329097671,-0.315141115,1.138602902,-0.32353837,1
1.174848071,-0.86043207,-1.181988297,-1.32243385,0.543301221,-0.676732128,-1.310808831,0.365741507,1.430332941,-1.14148881,-0.039856426,0.604289863,-0.788240591,-0.311088663,-1.400282521,-0.781488916,-1.56905443,0.145922516,-0.284151241,-1.263326408,0.597440687,0.622765102,0.612958543,-0.32353837,1
-1.354274552,-0.86043207,0.107308958,-0.586083797,-0.398188716,-1.440587041,-0.419331405,0.408466226,0.525345467,-0.075573525,-1.468522111,-1.304489412,1.440451283,-1.243779626,-0.987987511,-0.781488916,-1.56905443,0.769437586,1.345086706,-1.263326408,-1.329097671,-0.315141115,1.589155209,-1.279420405,1
-1.354274552,-0.86043207,0.107308958,-1.32243385,0.543301221,-0.676732128,0.588443304,-1.300522537,-1.02606163,-0.875009989,1.38880926,1.5586795,0.697553992,-0.311088663,-0.875543417,1.27960868,0.964130327,-1.475216667,-1.55133631,-1.263326408,0.597440687,-1.253047332,-0.438330173,1.588225698,1
0.361915799,-0.86043207,-1.181988297,0.886616309,-0.398188716,-1.440587041,0.114744617,0.664814541,-0.250358081,-1.407967631,0.317309996,-1.304489412,0.697553992,-1.243779626,-0.388285678,1.27960868,-0.302462052,0.395328544,-0.465177679,-1.263326408,0.597440687,0.622765102,-1.189250685,-0.32353837,1
0.542567415,1.162206796,0.107308958,0.150266256,-0.398188716,0.8509777,-1.153989848,0.066668473,-0.121074156,-0.342052346,-0.039856426,0.604289863,-0.0453433,0.6216023,0.923562083,-0.781488916,0.964130327,0.145922516,0.439954513,-1.263326408,0.597440687,1.560671319,-0.663606326,-1.279420405,1
-1.083297128,-0.86043207,1.396606212,0.150266256,-0.398188716,0.087122786,-0.195854223,-0.531477594,-0.379642006,-0.608531167,-0.039856426,-1.304489412,0.697553992,0.6216023,0.548748437,-0.781488916,0.964130327,-0.103483512,1.707139582,-1.263326408,1.560709866,-1.253047332,0.913326748,0.632343664,1
-1.534926168,1.162206796,-1.181988297,-0.586083797,-0.398188716,-0.676732128,-0.383672308,0.579365102,0.783913317,0.723862938,1.031642839,-0.350099774,0.697553992,-1.243779626,-0.275841584,-0.781488916,0.119735408,0.769437586,1.345086706,-0.330213733,0.597440687,-1.253047332,1.514063157,-0.32353837,1
1.355499687,-0.86043207,-1.181988297,-0.586083797,-1.339678653,0.087122786,1.066194161,0.408466226,0.525345467,0.457384117,-0.039856426,-1.304489412,0.697553992,-0.311088663,-0.725617959,1.27960868,-0.302462052,0.644734572,0.077901636,1.536011617,-1.329097671,-0.315141115,-1.114158633,-0.32353837,1
0.452241607,-0.86043207,0.107308958,0.886616309,-1.339678653,1.614832614,1.215921847,-0.958724784,0.525345467,0.190905296,0.317309996,0.604289863,1.440451283,-0.311088663,0.398822979,-0.781488916,0.964130327,0.8941406,-1.370309871,-0.330213733,-1.329097671,-1.253047332,-0.588514275,-0.32353837,1
0.813544839,-0.86043207,0.107308958,-1.32243385,-0.398188716,0.8509777,1.640184058,-0.873275346,0.783913317,-0.342052346,1.38880926,-0.350099774,-0.788240591,-0.311088663,0.923562083,-0.781488916,-0.724659511,1.268249643,-0.284151241,-0.330213733,0.597440687,-1.253047332,0.162406236,1.588225698,1
-0.270364857,-0.86043207,-1.181988297,0.150266256,0.543301221,0.8509777,-0.210644644,-0.916000065,-1.284629479,0.457384117,-1.468522111,1.5586795,-0.788240591,-0.311088663,0.398822979,-0.781488916,-0.302462052,0.145922516,-1.189283433,0.602898942,-1.329097671,-0.315141115,0.537866492,0.632343664,1
0.542567415,-0.86043207,0.107308958,0.150266256,0.543301221,0.8509777,1.499978972,-0.531477594,0.266777618,0.190905296,0.317309996,0.604289863,0.697553992,-1.243779626,1.036006177,-0.781488916,-0.302462052,-0.103483512,0.983033829,-1.263326408,-0.365828492,-0.315141115,-1.339434787,0.632343664,1
-1.083297128,-0.86043207,-1.181988297,-1.32243385,-1.339678653,0.087122786,-1.282038423,1.562033641,0.137493693,0.99034176,-0.039856426,-0.350099774,-0.788240591,-0.311088663,-1.700133438,-0.781488916,-1.146856971,-1.225810639,1.526113144,-1.263326408,0.597440687,-0.315141115,-1.189250685,-0.32353837,1
-1.263948744,-0.86043207,-1.181988297,-0.586083797,-1.339678653,-0.676732128,-0.857370995,0.921162855,0.266777618,1.256820581,0.317309996,-0.350099774,0.697553992,1.554293264,-1.325319792,-0.781488916,-0.724659511,1.143546628,1.345086706,-1.263326408,-0.365828492,-0.315141115,-0.213054019,0.632343664,1
1.265173879,-0.86043207,-1.181988297,0.150266256,0.543301221,0.087122786,0.539209437,0.70753926,1.042481167,0.457384117,-1.468522111,0.604289863,-0.0453433,0.6216023,-0.425767042,-0.781488916,-0.302462052,0.769437586,1.164060267,0.602898942,0.597440687,-0.315141115,1.589155209,0.632343664,1
0.903870647,-0.86043207,0.107308958,0.886616309,-0.398188716,-1.440587041,-1.625054624,0.23756735,1.171765091,-1.14148881,-1.11135569,0.604289863,-0.0453433,-1.243779626,-0.800580688,-0.781488916,1.386327786,-0.477592555,-1.370309871,-0.330213733,0.597440687,0.622765102,-1.414526838,-0.32353837,1
-0.089713241,-0.86043207,-1.181988297,-0.586083797,-0.398188716,-0.676732128,0.477819059,-0.23240456,0.137493693,1.256820581,-1.468522111,-1.304489412,-0.0453433,-1.243779626,1.185931635,-0.781488916,-0.724659511,-1.101107625,-0.646204118,0.602898942,-0.365828492,-1.253047332,-0.213054019,-0.32353837,1
1.265173879,-0.86043207,0.107308958,-0.586083797,0.543301221,-1.440587041,-1.035463872,0.194842631,0.654629392,-1.14148881,-1.468522111,-1.304489412,-0.788240591,-0.311088663,-0.688136594,-0.781488916,0.964130327,-0.35288954,-0.284151241,-1.263326408,-0.365828492,-0.315141115,0.612958543,-1.279420405,1
-0.721993897,-0.86043207,0.107308958,-0.586083797,0.543301221,0.8509777,-0.206187257,-1.471421413,-1.543197329,0.190905296,-1.468522111,0.604289863,-0.0453433,-0.311088663,0.586229802,-0.781488916,-0.302462052,0.644734572,-1.370309871,0.602898942,-0.365828492,-1.253047332,1.138602902,1.588225698,1
-0.541342281,1.162206796,1.396606212,0.150266256,-1.339678653,-0.676732128,0.13601851,-0.873275346,1.301049016,0.457384117,-1.468522111,-0.350099774,0.697553992,0.6216023,-1.137912969,1.27960868,-1.146856971,0.27062553,0.620980952,-0.330213733,-0.365828492,-1.253047332,-1.489618889,-0.32353837,1
1.355499687,1.162206796,0.107308958,-1.32243385,-0.398188716,0.087122786,-0.722028513,1.305685327,0.008209768,-0.875009989,1.745975682,0.604289863,0.697553992,-1.243779626,-1.250357063,-0.781488916,-0.302462052,-0.103483512,-1.55133631,1.536011617,0.597440687,0.622765102,-1.414526838,-1.279420405,1
-0.360690665,-0.86043207,-1.181988297,-1.32243385,-0.398188716,0.087122786,0.619847622,-0.275129279,0.783913317,0.99034176,0.317309996,-0.350099774,-0.788240591,-1.243779626,-0.538211136,-0.781488916,-0.302462052,0.145922516,-0.103124802,-1.263326408,-0.365828492,-0.315141115,-1.339434787,-0.32353837,1
0.271589991,-0.86043207,1.396606212,0.150266256,0.543301221,0.087122786,-0.95563612,1.391134765,-1.284629479,-1.407967631,1.031642839,-0.350099774,-0.788240591,0.6216023,-0.950506146,-0.781488916,0.541932867,0.395328544,0.620980952,-0.330213733,0.597440687,0.622765102,0.087314185,0.632343664,1
0.271589991,-0.86043207,0.107308958,-1.32243385,-1.339678653,0.8509777,0.637677171,-0.488752875,0.654629392,-1.14148881,0.674476417,-1.304489412,0.697553992,-1.243779626,-1.400282521,1.27960868,0.119735408,1.018843614,-1.370309871,-1.263326408,0.597440687,0.622765102,-0.663606326,0.632343664,1
-0.721993897,-0.86043207,0.107308958,0.150266256,-0.398188716,-0.676732128,-0.846835353,1.13478645,0.654629392,-0.342052346,0.674476417,-0.350099774,0.697553992,0.6216023,0.136453427,-0.781488916,-1.146856971,0.520031558,0.077901636,-1.263326408,-0.365828492,-0.315141115,0.462774441,-0.32353837,1
0.452241607,-0.86043207,-1.181988297,-0.586083797,-1.339678653,0.087122786,-1.646733734,-0.574202313,-1.02606163,-0.342052346,-1.11135569,-0.350099774,-0.0453433,-0.311088663,0.136453427,-0.781488916,-0.724659511,0.395328544,-0.103124802,1.536011617,-0.365828492,0.622765102,-1.039066582,-0.32353837,1
0.813544839,1.162206796,0.107308958,-1.32243385,-0.398188716,-0.676732128,-1.120154227,0.878438136,-0.638209856,-1.674446452,0.317309996,0.604289863,0.697553992,-0.311088663,0.961043447,-0.781488916,0.964130327,-0.602295569,1.345086706,-1.263326408,-0.365828492,-0.315141115,-0.288146071,-0.32353837,1
0.361915799,1.162206796,-1.181988297,-1.32243385,-1.339678653,-0.676732128,0.486733834,-1.428696694,1.301049016,-1.674446452,-0.397022847,-0.350099774,-0.788240591,-0.311088663,1.260894364,-0.781488916,1.386327786,1.143546628,1.164060267,-1.263326408,-0.365828492,0.622765102,-0.813790429,-0.32353837,1
-0.270364857,-0.86043207,0.107308958,0.150266256,1.484791158,-1.440587041,1.496534627,-0.23240456,0.913197242,-1.407967631,-0.754189269,-1.304489412,-1.531137883,1.554293264,-0.800580688,-0.781488916,-1.56905443,0.769437586,-1.55133631,-0.330213733,-0.365828492,-0.315141115,-1.039066582,-1.279420405,1
0.994196455,-0.86043207,0.107308958,-1.32243385,-0.398188716,0.087122786,1.638360582,-1.086898942,0.266777618,-0.342052346,1.38880926,-0.350099774,-0.788240591,-0.311088663,1.260894364,-0.781488916,-0.724659511,1.767061699,-0.465177679,-1.263326408,0.597440687,-1.253047332,0.012222134,0.632343664,1
-1.534926168,1.162206796,-1.181988297,-0.586083797,-0.398188716,-0.676732128,-0.383672308,0.579365102,0.783913317,0.723862938,1.031642839,-0.350099774,0.697553992,-1.243779626,-0.275841584,-0.781488916,0.119735408,0.769437586,1.345086706,-0.330213733,0.597440687,-1.253047332,1.438971106,-0.32353837,1
1.084522263,-0.86043207,0.107308958,0.886616309,-0.398188716,-0.676732128,0.269942732,-0.873275346,-0.379642006,1.523299402,1.031642839,-1.304489412,0.697553992,0.6216023,-1.212875699,-0.781488916,1.386327786,0.145922516,1.526113144,0.602898942,-1.329097671,-0.315141115,1.213694953,-1.279420405,1
0.632893223,1.162206796,1.396606212,-1.32243385,0.543301221,0.8509777,-0.113797778,0.579365102,-0.250358081,-0.075573525,-1.468522111,0.604289863,-1.531137883,-1.243779626,-0.350804313,1.27960868,0.119735408,-1.350513653,0.620980952,0.602898942,0.597440687,0.622765102,0.988418799,-0.32353837,1
0.271589991,-0.86043207,0.107308958,1.622966363,-1.339678653,-1.440587041,1.53280155,0.066668473,0.396061543,-0.075573525,-0.397022847,-0.350099774,0.697553992,0.6216023,-0.538211136,-0.781488916,0.119735408,1.268249643,0.258928075,-0.330213733,-1.329097671,1.560671319,-0.137961968,0.632343664,1
-0.812319705,-0.86043207,0.107308958,-0.586083797,-1.339678653,0.087122786,-1.300475797,1.562033641,-0.379642006,0.99034176,0.317309996,-0.350099774,-1.531137883,-1.243779626,-1.212875699,-0.781488916,-0.724659511,-0.726998583,1.345086706,-1.263326408,0.597440687,-0.315141115,-0.813790429,-1.279420405,1
0.903870647,-0.86043207,0.107308958,0.886616309,1.484791158,-1.440587041,0.111502881,0.194842631,0.525345467,-1.407967631,-0.039856426,-0.350099774,0.697553992,-1.243779626,-0.987987511,1.27960868,-0.724659511,1.268249643,-0.646204118,-1.263326408,-0.365828492,0.622765102,-0.738698378,-0.32353837,1
-0.631668089,-0.86043207,0.107308958,0.150266256,0.543301221,-0.676732128,1.37415909,-0.70237647,1.171765091,0.190905296,0.674476417,-0.350099774,-0.0453433,-1.243779626,0.473785708,-0.781488916,-0.724659511,-0.477592555,0.983033829,0.602898942,1.560709866,-1.253047332,-0.738698378,-1.279420405,1
0.723219031,-0.86043207,0.107308958,-0.586083797,0.543301221,-0.676732128,-0.701767662,-0.488752875,0.396061543,-0.608531167,0.317309996,-0.350099774,-0.0453433,-0.311088663,-0.838062053,-0.781488916,0.541932867,-1.101107625,-1.008256994,1.536011617,-0.365828492,0.622765102,-0.663606326,-1.279420405,1
1.265173879,-0.86043207,-1.181988297,0.150266256,0.543301221,-0.676732128,-1.610872029,-0.403303436,0.008209768,-0.342052346,-1.468522111,0.604289863,-0.788240591,-1.243779626,-0.425767042,-0.781488916,0.541932867,-0.726998583,-0.284151241,-0.330213733,0.597440687,1.560671319,-0.363238122,-0.32353837,1
0.903870647,-0.86043207,1.396606212,-1.32243385,-1.339678653,0.087122786,-1.678948487,1.476584203,0.266777618,0.457384117,0.674476417,-0.350099774,-0.0453433,-0.311088663,-1.06295024,-0.781488916,0.541932867,1.143546628,1.526113144,0.602898942,1.560709866,-0.315141115,1.514063157,1.588225698,1
-1.534926168,-0.86043207,0.107308958,0.886616309,0.543301221,-0.676732128,-1.085710781,-1.599595571,1.559616866,-1.674446452,0.317309996,-0.350099774,-0.0453433,0.6216023,0.511267072,-0.781488916,0.541932867,-0.602295569,-1.189283433,-1.263326408,-1.329097671,-0.315141115,0.913326748,-0.32353837,1
1.265173879,-0.86043207,-1.181988297,-1.32243385,0.543301221,-1.440587041,-1.312024482,0.280292069,1.559616866,-1.14148881,-0.397022847,0.604289863,-0.0453433,-0.311088663,-1.362801157,-0.781488916,-1.56905443,0.27062553,-0.284151241,-1.263326408,0.597440687,1.560671319,0.763142646,-0.32353837,1
0.813544839,-0.86043207,0.107308958,0.886616309,-0.398188716,0.8509777,1.314794798,-0.403303436,0.396061543,-0.608531167,-0.397022847,0.604289863,-1.531137883,0.6216023,0.173934791,-0.781488916,-0.302462052,-0.103483512,1.345086706,0.602898942,-0.365828492,-0.315141115,0.012222134,-1.279420405,1
0.000612567,-0.86043207,-1.181988297,0.150266256,1.484791158,-0.676732128,0.346528748,-0.916000065,-0.76749378,-1.407967631,-0.754189269,-0.350099774,-0.0453433,0.6216023,-0.238360219,-0.781488916,0.119735408,-1.475216667,-0.827230556,-0.330213733,0.597440687,-0.315141115,0.38768239,0.632343664,1
0.452241607,-0.86043207,0.107308958,-0.586083797,0.543301221,0.8509777,-0.588509507,0.493915664,-0.508925931,-0.608531167,0.317309996,0.604289863,0.697553992,-1.243779626,1.485782552,-0.781488916,-1.146856971,0.27062553,0.439954513,0.602898942,0.597440687,-1.253047332,1.514063157,0.632343664,1
-0.180039049,1.162206796,1.396606212,0.886616309,-1.339678653,0.8509777,-1.131297695,-1.215073099,-1.413913404,-0.875009989,1.38880926,0.604289863,-1.531137883,-0.311088663,-0.987987511,-0.781488916,1.386327786,-0.976404611,-1.008256994,-1.263326408,0.597440687,0.622765102,-1.114158633,-0.32353837,1
1.174848071,-0.86043207,0.107308958,-1.32243385,-0.398188716,-0.676732128,-1.424269595,-1.044174223,0.525345467,0.190905296,-0.039856426,-1.304489412,-1.531137883,0.6216023,1.298375729,1.27960868,0.964130327,-0.602295569,0.077901636,-1.263326408,-1.329097671,-1.253047332,0.688050595,-1.279420405,1
0.090938375,-0.86043207,-1.181988297,-0.586083797,-0.398188716,0.8509777,1.34700955,1.476584203,-0.121074156,-0.075573525,-0.754189269,1.5586795,-0.0453433,0.6216023,0.436304343,-0.781488916,-1.56905443,0.395328544,1.164060267,1.536011617,1.560709866,0.622765102,-0.963974531,-1.279420405,1
-0.812319705,1.162206796,-1.181988297,0.150266256,-1.339678653,-0.676732128,0.397991308,0.664814541,-0.896777705,-1.14148881,0.674476417,-1.304489412,-1.531137883,-1.243779626,-0.500729771,-0.781488916,0.964130327,1.018843614,-0.827230556,-0.330213733,0.597440687,1.560671319,-0.062869917,-0.32353837,1
-1.534926168,-0.86043207,-1.181988297,-1.32243385,0.543301221,0.8509777,0.645376294,-0.531477594,-0.638209856,-0.075573525,-0.039856426,-1.304489412,0.697553992,-0.311088663,-0.725617959,-0.781488916,0.119735408,-0.726998583,0.077901636,-1.263326408,-0.365828492,0.622765102,-1.189250685,-0.32353837,1
-1.715577784,1.162206796,0.107308958,-1.32243385,-0.398188716,0.087122786,0.380972194,-1.813219166,-0.379642006,0.99034176,-0.397022847,-1.304489412,-0.788240591,-1.243779626,1.560745281,-0.781488916,0.541932867,-1.599919681,1.164060267,0.602898942,0.597440687,1.560671319,0.988418799,-1.279420405,1
0.632893223,1.162206796,1.396606212,-1.32243385,0.543301221,0.8509777,-0.12028125,0.579365102,-0.508925931,-0.075573525,-1.468522111,0.604289863,-1.531137883,-1.243779626,-0.500729771,1.27960868,0.119735408,-1.475216667,0.620980952,0.602898942,0.597440687,0.622765102,0.988418799,-0.32353837,1
0.271589991,-0.86043207,0.107308958,-0.586083797,0.543301221,-1.440587041,0.479845144,-1.813219166,0.525345467,-0.075573525,-0.397022847,-1.304489412,0.697553992,-0.311088663,1.223413,-0.781488916,-0.724659511,0.145922516,-0.827230556,0.602898942,-0.365828492,-1.253047332,-0.588514275,-0.32353837,1
-0.451016473,-0.86043207,-1.181988297,-0.586083797,-1.339678653,1.614832614,1.722443112,-0.659651751,-0.121074156,-0.342052346,-1.11135569,0.604289863,-0.788240591,-1.243779626,-0.350804313,-0.781488916,-0.724659511,-0.103483512,0.077901636,-0.330213733,-1.329097671,-0.315141115,0.012222134,0.632343664,1
-0.631668089,-0.86043207,-1.181988297,-1.32243385,0.543301221,0.087122786,1.663484036,0.921162855,-0.508925931,0.723862938,1.031642839,0.604289863,0.697553992,0.6216023,-1.137912969,-0.781488916,1.386327786,-1.350513653,-0.646204118,1.536011617,-0.365828492,0.622765102,-1.489618889,0.632343664,1
1.265173879,-0.86043207,0.107308958,-1.32243385,0.543301221,0.087122786,-0.712505913,1.262960608,0.137493693,-0.608531167,1.38880926,0.604289863,-0.0453433,-0.311088663,-1.100431605,-0.781488916,0.119735408,0.021219502,-1.55133631,1.536011617,0.597440687,-0.315141115,-1.489618889,-1.279420405,1
-1.534926168,1.162206796,0.107308958,-0.586083797,-0.398188716,-1.440587041,-0.419331405,0.323016788,0.525345467,-0.075573525,-1.468522111,-1.304489412,1.440451283,-1.243779626,-0.987987511,-0.781488916,-1.146856971,1.018843614,1.345086706,-1.263326408,-0.365828492,-1.253047332,1.739339311,-0.32353837,1
0.903870647,-0.86043207,1.396606212,-1.32243385,-1.339678653,0.087122786,-1.677530227,1.647483079,0.266777618,0.457384117,0.674476417,-0.350099774,-0.0453433,-0.311088663,-1.06295024,-0.781488916,0.541932867,1.268249643,1.526113144,0.602898942,1.560709866,-0.315141115,1.589155209,1.588225698,1
0.542567415,-0.86043207,-1.181988297,0.886616309,-1.339678653,0.087122786,1.716364856,-0.787825908,0.137493693,-0.342052346,-1.11135569,-0.350099774,-0.788240591,0.6216023,-1.06295024,-0.781488916,-0.724659511,-0.103483512,-0.465177679,0.602898942,-0.365828492,-0.315141115,-0.438330173,-0.32353837,1
-0.089713241,1.162206796,1.396606212,0.150266256,-1.339678653,0.087122786,-1.121977704,-0.958724784,-1.543197329,-1.14148881,1.38880926,0.604289863,-1.531137883,-0.311088663,-0.987987511,-0.781488916,1.808525246,-1.101107625,-0.646204118,-1.263326408,-0.365828492,-0.315141115,-1.114158633,0.632343664,1
-1.625251976,-0.86043207,0.107308958,-0.586083797,0.543301221,0.8509777,-1.421433075,0.280292069,0.137493693,1.256820581,-1.468522111,0.604289863,-1.531137883,0.6216023,0.286378885,1.27960868,1.808525246,-0.228186526,-0.465177679,-1.263326408,-1.329097671,-0.315141115,-0.062869917,-1.279420405,1
-1.625251976,-0.86043207,1.396606212,0.150266256,0.543301221,-0.676732128,-1.090573385,-1.343247256,1.68890079,-1.407967631,0.317309996,0.604289863,-0.0453433,0.6216023,0.661192531,-0.781488916,0.964130327,-0.602295569,-1.189283433,-0.330213733,-0.365828492,0.622765102,0.838234697,0.632343664,1
1.355499687,-0.86043207,1.396606212,-0.586083797,-0.398188716,-1.440587041,-0.967792631,0.835713417,0.137493693,-0.608531167,-0.754189269,-1.304489412,0.697553992,0.6216023,-1.137912969,-0.781488916,0.119735408,-0.726998583,-0.284151241,1.536011617,0.597440687,0.622765102,-0.137961968,-0.32353837,1
0.903870647,-0.86043207,-1.181988297,0.886616309,0.543301221,-1.440587041,1.541513716,0.365741507,1.430332941,1.256820581,-1.11135569,0.604289863,-0.788240591,-0.311088663,-0.725617959,1.27960868,0.119735408,0.27062553,0.077901636,-0.330213733,0.597440687,0.622765102,0.688050595,-0.32353837,1
0.271589991,-0.86043207,0.107308958,0.886616309,-0.398188716,1.614832614,1.184112311,0.622089822,0.525345467,0.457384117,1.38880926,-1.304489412,1.440451283,-0.311088663,0.024009333,-0.781488916,0.964130327,1.517655671,-0.827230556,0.602898942,-1.329097671,-0.315141115,-0.438330173,-0.32353837,1
-0.541342281,-0.86043207,0.107308958,0.150266256,-0.398188716,-0.676732128,1.498763321,-0.018780965,-0.76749378,-1.407967631,-0.754189269,1.5586795,0.697553992,-0.311088663,0.886080718,-0.781488916,-1.146856971,0.021219502,0.077901636,-0.330213733,-1.329097671,-1.253047332,0.162406236,1.588225698,1
-0.902645512,-0.86043207,-1.181988297,0.150266256,0.543301221,-1.440587041,-0.111974301,1.092061731,0.654629392,0.99034176,-1.11135569,0.604289863,0.697553992,0.6216023,1.14845027,1.27960868,-1.146856971,1.268249643,-0.284151241,-1.263326408,-0.365828492,-1.253047332,0.087314185,-0.32353837,1
0.903870647,-0.86043207,-1.181988297,-0.586083797,0.543301221,1.614832614,0.226179295,-0.616927032,0.008209768,0.723862938,1.38880926,-1.304489412,0.697553992,0.6216023,0.73615526,1.27960868,-0.302462052,0.27062553,0.620980952,-1.263326408,-0.365828492,-0.315141115,-0.288146071,-1.279420405,1
-0.180039049,-0.86043207,0.107308958,-0.586083797,-1.339678653,-1.440587041,0.484910357,-1.727769728,-0.121074156,-1.407967631,0.674476417,-0.350099774,-0.0453433,0.6216023,1.335857093,-0.781488916,-0.302462052,1.392952657,-0.465177679,-0.330213733,0.597440687,-0.315141115,-1.414526838,-0.32353837,1
0.452241607,-0.86043207,-1.181988297,0.886616309,1.484791158,-0.676732128,0.320594859,-0.104230403,0.266777618,-1.674446452,0.317309996,0.604289863,0.697553992,1.554293264,-0.350804313,1.27960868,-1.146856971,0.145922516,-0.827230556,0.602898942,-0.365828492,-0.315141115,0.537866492,-1.279420405,1
0.452241607,1.162206796,1.396606212,1.622966363,-0.398188716,-1.440587041,-1.265221917,-1.257797818,1.430332941,-0.875009989,-1.468522111,-1.304489412,-0.0453433,-0.311088663,0.923562083,-0.781488916,0.964130327,1.517655671,0.439954513,-0.330213733,0.597440687,0.622765102,1.138602902,-1.279420405,1
-0.812319705,-0.86043207,-1.181988297,-1.32243385,0.543301221,-0.676732128,1.31580784,-0.958724784,-0.896777705,1.256820581,-0.754189269,-1.304489412,0.697553992,-0.311088663,1.448301187,-0.781488916,1.386327786,0.395328544,0.983033829,-1.263326408,0.597440687,-0.315141115,0.537866492,0.632343664,1
1.445825495,1.162206796,0.107308958,0.150266256,-0.398188716,0.8509777,-1.294600151,-0.616927032,1.301049016,-0.608531167,-1.11135569,-1.304489412,0.697553992,-1.243779626,-1.287838428,-0.781488916,-0.302462052,-0.477592555,0.258928075,-1.263326408,0.597440687,-1.253047332,0.838234697,-1.279420405,1
0.632893223,1.162206796,0.107308958,0.886616309,0.543301221,-1.440587041,1.524089384,-0.659651751,-1.672481254,1.256820581,-0.039856426,0.604289863,0.697553992,-0.311088663,-1.700133438,-0.781488916,-0.724659511,-1.849325709,0.80200739,0.602898942,1.560709866,-1.253047332,-0.663606326,1.588225698,1
1.355499687,-0.86043207,0.107308958,0.150266256,-0.398188716,0.087122786,-1.641668521,-1.770494447,-1.413913404,-1.14148881,-1.468522111,-0.350099774,-0.0453433,-1.243779626,1.110968906,1.27960868,-0.302462052,-0.103483512,-0.103124802,0.602898942,0.597440687,1.560671319,-0.963974531,-0.32353837,1
0.813544839,-0.86043207,-1.181988297,-0.586083797,0.543301221,0.087122786,-0.586888639,0.835713417,0.008209768,-1.14148881,0.674476417,1.5586795,-0.0453433,-1.243779626,0.886080718,-0.781488916,-0.724659511,-0.976404611,0.80200739,0.602898942,-0.365828492,-1.253047332,0.612958543,0.632343664,1
1.174848071,-0.86043207,0.107308958,0.886616309,0.543301221,-1.440587041,0.797535282,1.690207798,0.266777618,-0.075573525,0.674476417,0.604289863,-0.788240591,-1.243779626,-0.538211136,-0.781488916,-0.724659511,-0.228186526,-1.008256994,-0.330213733,0.597440687,0.622765102,-1.189250685,-0.32353837,1
-0.541342281,1.162206796,-1.181988297,-1.32243385,0.543301221,0.8509777,1.663281428,1.092061731,-0.76749378,0.723862938,1.031642839,-0.350099774,0.697553992,-0.311088663,-1.100431605,-0.781488916,1.386327786,-1.225810639,-0.646204118,0.602898942,-0.365828492,0.622765102,-1.414526838,1.588225698,1
1.355499687,-0.86043207,0.107308958,0.150266256,-1.339678653,0.087122786,-1.650988513,-1.685045009,-1.284629479,-1.14148881,-1.468522111,-0.350099774,-0.788240591,-0.311088663,0.773636625,-0.781488916,-0.302462052,-0.228186526,0.077901636,0.602898942,0.597440687,0.622765102,-0.663606326,0.632343664,1
-1.173622936,-0.86043207,-1.181988297,0.886616309,0.543301221,0.8509777,-1.079227309,0.536640383,-1.02606163,0.723862938,0.317309996,-1.304489412,-1.531137883,-1.243779626,-1.025468876,-0.781488916,0.119735408,0.8941406,0.80200739,-1.263326408,-1.329097671,-0.315141115,1.363879055,-1.279420405,1
0.994196455,-0.86043207,0.107308958,-0.586083797,-0.398188716,0.087122786,1.638968407,-1.001449504,-0.121074156,-0.342052346,1.031642839,-0.350099774,-0.788240591,-0.311088663,1.298375729,-0.781488916,-0.724659511,1.767061699,-0.646204118,-1.263326408,0.597440687,-1.253047332,-0.288146071,-0.32353837,1
-1.44460036,-0.86043207,-1.181988297,-0.586083797,0.543301221,-0.676732128,1.290279168,-1.343247256,1.301049016,1.523299402,-0.397022847,0.604289863,1.440451283,0.6216023,0.098972062,-0.781488916,0.964130327,-0.602295569,-1.189283433,-1.263326408,-1.329097671,-1.253047332,0.162406236,1.588225698,1
0.542567415,-0.86043207,0.107308958,0.886616309,-1.339678653,1.614832614,1.231522702,-1.471421413,0.525345467,-0.075573525,-0.039856426,0.604289863,1.440451283,-0.311088663,0.511267072,-0.781488916,0.541932867,0.520031558,-1.55133631,-0.330213733,-1.329097671,-1.253047332,-0.663606326,0.632343664,1
1.355499687,-0.86043207,-1.181988297,-0.586083797,0.543301221,0.087122786,1.425824259,0.066668473,0.783913317,0.723862938,-1.468522111,0.604289863,-0.788240591,-0.311088663,-1.212875699,1.27960868,0.541932867,-0.726998583,0.077901636,-0.330213733,-1.329097671,-0.315141115,-0.588514275,-0.32353837,1
-0.99297132,-0.86043207,0.107308958,-0.586083797,0.543301221,0.8509777,-1.416570471,-0.061505684,0.396061543,1.256820581,-1.468522111,-0.350099774,-1.531137883,1.554293264,0.661192531,1.27960868,1.386327786,-0.103483512,-0.465177679,-1.263326408,-1.329097671,-1.253047332,0.087314185,-1.279420405,1
0.181264183,-0.86043207,1.396606212,0.150266256,0.543301221,0.087122786,1.500992015,-0.275129279,0.008209768,-0.608531167,-0.039856426,0.604289863,0.697553992,-1.243779626,0.961043447,-0.781488916,-0.302462052,0.021219502,0.620980952,-1.263326408,-1.329097671,-1.253047332,-0.88888248,0.632343664,1
-0.451016473,-0.86043207,-1.181988297,-0.586083797,-1.339678653,-0.676732128,-0.881278799,0.750263979,0.396061543,0.190905296,-0.039856426,-0.350099774,-0.788240591,-0.311088663,0.923562083,-0.781488916,-1.56905443,1.517655671,-0.646204118,-0.330213733,-0.365828492,-1.253047332,0.688050595,-0.32353837,1
0.813544839,-0.86043207,-1.181988297,-1.32243385,-0.398188716,0.087122786,1.046946353,1.049337012,0.396061543,0.190905296,-0.754189269,-0.350099774,0.697553992,1.554293264,-0.16339749,1.27960868,0.119735408,0.145922516,0.80200739,1.536011617,-0.365828492,-1.253047332,-0.513422224,-1.279420405,1
-0.812319705,-0.86043207,-1.181988297,-1.32243385,-1.339678653,0.087122786,-1.285280159,1.433859484,0.266777618,0.723862938,-0.039856426,-0.350099774,-0.788240591,-0.311088663,-1.662652074,-0.781488916,-1.146856971,-1.101107625,1.345086706,-1.263326408,0.597440687,-0.315141115,-1.039066582,-0.32353837,1
-0.180039049,1.162206796,1.396606212,1.622966363,-0.398188716,-1.440587041,-1.248202803,-0.873275346,0.913197242,-0.875009989,-1.468522111,-1.304489412,-0.0453433,-0.311088663,0.286378885,-0.781488916,0.541932867,1.018843614,0.077901636,-0.330213733,0.597440687,0.622765102,0.688050595,-1.279420405,1
-0.360690665,-0.86043207,0.107308958,0.886616309,-0.398188716,-0.676732128,1.527128512,-0.189679841,0.137493693,-0.875009989,-0.754189269,-1.304489412,0.697553992,1.554293264,-0.800580688,-0.781488916,-0.302462052,0.644734572,0.983033829,-0.330213733,-0.365828492,0.622765102,-0.438330173,0.632343664,1
-0.99297132,-0.86043207,0.107308958,-0.586083797,-1.339678653,0.8509777,-0.199501176,0.023943754,-0.508925931,-1.14148881,0.674476417,-1.304489412,0.697553992,0.6216023,1.748152104,-0.781488916,0.119735408,-0.103483512,1.345086706,-1.263326408,0.597440687,-1.253047332,1.363879055,1.588225698,1
-0.812319705,1.162206796,-1.181988297,-0.586083797,-0.398188716,0.8509777,-1.076796007,0.921162855,-0.379642006,0.457384117,-0.397022847,-1.304489412,-0.788240591,-1.243779626,-0.950506146,-0.781488916,0.541932867,0.644734572,0.439954513,-1.263326408,-1.329097671,-1.253047332,0.462774441,-1.279420405,1
-0.180039049,-0.86043207,-1.181988297,0.150266256,-0.398188716,0.8509777,-1.658890244,-0.360578717,-1.02606163,-1.14148881,0.674476417,-0.350099774,-0.788240591,-1.243779626,0.661192531,-0.781488916,0.119735408,0.644734572,-0.827230556,0.602898942,-0.365828492,0.622765102,-1.639802992,0.632343664,1
0.813544839,-0.86043207,1.396606212,0.886616309,0.543301221,-0.676732128,-1.166956792,0.878438136,0.008209768,0.99034176,-0.754189269,0.604289863,-0.788240591,0.6216023,0.473785708,-0.781488916,-0.302462052,0.021219502,0.258928075,-0.330213733,0.597440687,-0.315141115,0.087314185,-0.32353837,1
1.084522263,1.162206796,-1.181988297,0.150266256,-0.398188716,0.087122786,1.650314483,-0.018780965,-1.284629479,-0.875009989,1.031642839,-0.350099774,-0.788240591,-1.243779626,0.098972062,-0.781488916,-0.302462052,1.642358685,-1.189283433,-0.330213733,-1.329097671,-0.315141115,-1.039066582,-1.279420405,1
1.265173879,-0.86043207,-1.181988297,-1.32243385,0.543301221,-1.440587041,-1.307161878,0.109393193,1.559616866,-1.14148881,-0.397022847,0.604289863,-0.0453433,-0.311088663,-1.06295024,-0.781488916,-1.56905443,0.395328544,-0.284151241,-1.263326408,0.597440687,1.560671319,0.763142646,-0.32353837,1
0.271589991,-0.86043207,0.107308958,-0.586083797,0.543301221,-1.440587041,0.480047753,-1.813219166,0.525345467,-0.075573525,-0.397022847,-1.304489412,0.697553992,-0.311088663,1.223413,-0.781488916,-0.724659511,0.145922516,-0.827230556,0.602898942,-0.365828492,-1.253047332,-0.663606326,-0.32353837,1
-0.631668089,1.162206796,0.107308958,-1.32243385,-0.398188716,0.8509777,-1.076593398,0.70753926,0.913197242,-0.608531167,-1.11135569,-1.304489412,0.697553992,-1.243779626,-0.425767042,-0.781488916,0.964130327,0.145922516,-0.284151241,-1.263326408,-1.329097671,-1.253047332,-0.438330173,-0.32353837,1
-0.270364857,-0.86043207,0.107308958,-1.32243385,-0.398188716,-0.676732128,0.232460159,-1.385971975,-1.801765179,1.523299402,-0.039856426,-1.304489412,-0.788240591,0.6216023,0.211416156,-0.781488916,0.964130327,1.517655671,0.80200739,-1.263326408,0.597440687,-1.253047332,0.162406236,-0.32353837,1
-0.902645512,-0.86043207,0.107308958,-1.32243385,-0.398188716,1.614832614,1.334650431,-0.317853998,1.430332941,0.457384117,0.674476417,0.604289863,-0.788240591,0.6216023,1.073487541,-0.781488916,0.541932867,-1.350513653,0.80200739,0.602898942,0.597440687,-1.253047332,-0.213054019,-1.279420405,1
0.994196455,-0.86043207,0.107308958,-0.586083797,-0.398188716,0.087122786,1.638765799,-1.044174223,0.137493693,-0.342052346,1.031642839,-0.350099774,-0.788240591,-0.311088663,1.298375729,-0.781488916,-0.724659511,1.767061699,-0.465177679,-1.263326408,0.597440687,-1.253047332,-0.137961968,-0.32353837,1
-0.902645512,1.162206796,1.396606212,-1.32243385,-0.398188716,0.8509777,0.808070924,1.220235889,-0.76749378,0.190905296,0.317309996,0.604289863,-0.0453433,-1.243779626,-0.838062053,-0.781488916,-0.724659511,-0.228186526,0.983033829,-0.330213733,-0.365828492,0.622765102,-1.039066582,-1.279420405,1
-0.180039049,1.162206796,0.107308958,-1.32243385,-1.339678653,0.087122786,-1.073756879,0.194842631,0.783913317,-0.608531167,-1.11135569,-1.304489412,0.697553992,-1.243779626,-0.050953396,1.27960868,0.541932867,-0.35288954,-0.827230556,-1.263326408,-1.329097671,-1.253047332,-0.513422224,0.632343664,1
-0.631668089,-0.86043207,0.107308958,-1.32243385,-0.398188716,-0.676732128,-0.321268888,0.194842631,0.783913317,1.523299402,-1.11135569,-0.350099774,-0.0453433,-1.243779626,-0.987987511,-0.781488916,0.119735408,-1.101107625,0.439954513,-0.330213733,0.597440687,0.622765102,-0.137961968,-0.32353837,1
-0.99297132,-0.86043207,-1.181988297,0.150266256,0.543301221,-1.440587041,-0.106503872,1.519308922,0.654629392,0.99034176,-1.468522111,0.604289863,0.697553992,0.6216023,1.523263916,1.27960868,-1.146856971,1.392952657,-0.284151241,-1.263326408,-0.365828492,-1.253047332,0.237498288,-0.32353837,1
0.903870647,-0.86043207,0.107308958,0.150266256,-0.398188716,-0.676732128,0.281694026,-0.659651751,-0.379642006,0.190905296,0.674476417,-0.350099774,0.697553992,0.6216023,-0.950506146,-0.781488916,0.541932867,0.021219502,1.164060267,-0.330213733,-1.329097671,-0.315141115,0.838234697,-1.279420405,1
-0.180039049,-0.86043207,1.396606212,-0.586083797,-0.398188716,0.087122786,0.305804438,-0.787825908,-1.02606163,-0.608531167,-0.039856426,-0.350099774,-0.0453433,-1.243779626,0.623711166,-0.781488916,-0.724659511,0.021219502,0.983033829,-1.263326408,-0.365828492,-0.315141115,-0.213054019,0.632343664,1
0.723219031,1.162206796,0.107308958,0.886616309,-1.339678653,0.087122786,-1.050254293,-0.830550627,-1.543197329,1.256820581,-1.11135569,0.604289863,-0.0453433,-0.311088663,0.886080718,1.27960868,-1.146856971,-0.103483512,-1.008256994,-0.330213733,-0.365828492,-1.253047332,-0.813790429,-0.32353837,1
0.994196455,-0.86043207,0.107308958,-0.586083797,-0.398188716,0.087122786,1.638968407,-1.001449504,0.008209768,-0.342052346,1.031642839,-0.350099774,-0.788240591,-0.311088663,1.298375729,-0.781488916,-0.724659511,1.767061699,-0.646204118,-1.263326408,0.597440687,-1.253047332,-0.288146071,-0.32353837,1
-1.173622936,-0.86043207,0.107308958,-1.32243385,-0.398188716,0.087122786,0.161952399,-0.531477594,1.430332941,0.99034176,-1.468522111,-1.304489412,-0.0453433,-0.311088663,-0.500729771,1.27960868,-0.302462052,-0.726998583,-0.284151241,-0.330213733,0.597440687,-0.315141115,-1.189250685,-1.279420405,1
0.632893223,-0.86043207,-1.181988297,-0.586083797,1.484791158,0.087122786,0.340653101,-0.70237647,-0.508925931,-0.608531167,0.317309996,-0.350099774,0.697553992,-0.311088663,0.286378885,1.27960868,0.541932867,-1.101107625,-0.103124802,0.602898942,-0.365828492,-0.315141115,0.237498288,-0.32353837,1
0.994196455,-0.86043207,-1.181988297,0.150266256,-1.339678653,0.087122786,-0.735603283,0.792988698,0.396061543,-1.407967631,-1.11135569,-0.350099774,-0.0453433,-0.311088663,-0.313322948,-0.781488916,-0.724659511,0.644734572,1.164060267,1.536011617,-0.365828492,-0.315141115,1.288787004,0.632343664,1
-1.44460036,1.162206796,0.107308958,-1.32243385,-0.398188716,0.8509777,-1.120154227,0.579365102,1.430332941,0.190905296,-0.754189269,0.604289863,-1.531137883,-0.311088663,1.110968906,-0.781488916,0.964130327,-0.35288954,-0.284151241,-0.330213733,0.597440687,0.622765102,0.913326748,0.632343664,1
0.632893223,-0.86043207,0.107308958,-1.32243385,-0.398188716,-0.676732128,-1.334919243,1.006612293,-0.508925931,-0.075573525,-0.039856426,0.604289863,-1.531137883,-1.243779626,-0.500729771,-0.781488916,-1.146856971,0.644734572,0.077901636,-0.330213733,1.560709866,1.560671319,0.462774441,-1.279420405,1
-1.083297128,-0.86043207,-1.181988297,-0.586083797,-1.339678653,-0.676732128,0.604044159,0.109393193,0.525345467,0.190905296,-1.11135569,0.604289863,1.440451283,-0.311088663,-0.688136594,-0.781488916,0.119735408,1.018843614,0.439954513,-1.263326408,0.597440687,-1.253047332,-0.288146071,0.632343664,1
0.181264183,-0.86043207,0.107308958,0.886616309,0.543301221,-1.440587041,-0.936793529,-0.745101189,-1.543197329,-0.342052346,-0.039856426,1.5586795,-1.531137883,0.6216023,-1.512726615,-0.781488916,1.386327786,0.520031558,-1.370309871,0.602898942,0.597440687,-1.253047332,-0.213054019,0.632343664,1
0.181264183,1.162206796,0.107308958,-0.586083797,-1.339678653,-0.676732128,-1.346062711,1.391134765,-1.672481254,0.723862938,0.317309996,-0.350099774,-1.531137883,-1.243779626,0.098972062,-0.781488916,-0.724659511,0.769437586,0.439954513,0.602898942,0.597440687,0.622765102,0.38768239,-1.279420405,1
0.903870647,-0.86043207,0.107308958,-0.586083797,-1.339678653,-0.676732128,0.649225855,1.262960608,0.266777618,-1.407967631,1.031642839,0.604289863,-1.531137883,-0.311088663,0.886080718,-0.781488916,1.386327786,-0.477592555,-1.008256994,-0.330213733,0.597440687,-1.253047332,-0.88888248,-1.279420405,1
0.813544839,-0.86043207,0.107308958,-1.32243385,0.543301221,1.614832614,-0.602894711,1.305685327,1.68890079,-0.875009989,0.317309996,-1.304489412,0.697553992,-1.243779626,0.623711166,-0.781488916,0.119735408,0.769437586,-1.189283433,1.536011617,-1.329097671,-1.253047332,1.138602902,0.632343664,1
-0.270364857,-0.86043207,-1.181988297,0.150266256,1.484791158,0.8509777,-0.446886162,-0.146955122,1.301049016,-0.342052346,-0.754189269,-0.350099774,1.440451283,-0.311088663,-0.800580688,-0.781488916,-1.56905443,-1.101107625,-0.103124802,-0.330213733,-0.365828492,-1.253047332,0.237498288,-0.32353837,1
0.632893223,-0.86043207,0.107308958,0.150266256,0.543301221,-1.440587041,0.809489184,1.220235889,0.137493693,0.190905296,0.674476417,0.604289863,-0.0453433,-1.243779626,-0.425767042,-0.781488916,-0.724659511,-0.103483512,-0.465177679,-1.263326408,0.597440687,0.622765102,-1.189250685,-0.32353837,1
0.813544839,-0.86043207,1.396606212,0.886616309,0.543301221,-0.676732128,-1.166754183,0.878438136,0.008209768,0.99034176,-0.754189269,0.604289863,-0.788240591,0.6216023,0.473785708,-0.781488916,-0.302462052,0.021219502,0.258928075,-0.330213733,0.597440687,-0.315141115,0.087314185,-0.32353837,1
-1.354274552,-0.86043207,0.107308958,-0.586083797,-0.398188716,-1.440587041,0.483289489,-0.659651751,1.301049016,-0.608531167,-0.754189269,-1.304489412,-0.788240591,-1.243779626,-1.325319792,-0.781488916,-1.146856971,1.392952657,-0.827230556,0.602898942,-0.365828492,-1.253047332,-0.062869917,0.632343664,1
-0.451016473,-0.86043207,-1.181988297,0.150266256,-1.339678653,-0.676732128,-0.127575156,1.17751117,0.913197242,-0.075573525,1.745975682,-1.304489412,-0.0453433,-1.243779626,-0.125916126,-0.781488916,-0.724659511,0.27062553,-1.370309871,0.602898942,1.560709866,-0.315141115,-0.213054019,-1.279420405,1
1.084522263,-0.86043207,1.396606212,-0.586083797,0.543301221,0.087122786,0.534549441,-0.275129279,0.525345467,-0.608531167,-0.397022847,-0.350099774,-0.788240591,-0.311088663,-0.313322948,-0.781488916,0.119735408,-0.976404611,-0.465177679,-0.330213733,0.597440687,0.622765102,1.288787004,-0.32353837,1
0.090938375,-0.86043207,-1.181988297,-0.586083797,1.484791158,0.087122786,0.354430479,-0.403303436,-0.250358081,0.190905296,0.674476417,-1.304489412,0.697553992,-0.311088663,0.586229802,1.27960868,0.964130327,-0.602295569,0.077901636,0.602898942,-1.329097671,-0.315141115,-0.288146071,-0.32353837,1
-0.812319705,1.162206796,-1.181988297,-0.586083797,-0.398188716,-0.676732128,0.389886968,0.451190945,-0.638209856,-0.875009989,1.031642839,-1.304489412,-1.531137883,-1.243779626,-0.238360219,-0.781488916,1.386327786,0.8941406,-0.646204118,-0.330213733,0.597440687,0.622765102,-0.438330173,-0.32353837,1
0.994196455,-0.86043207,0.107308958,-1.32243385,-1.339678653,0.087122786,1.643020577,-1.17234838,1.042481167,-0.342052346,1.38880926,-0.350099774,-0.788240591,-0.311088663,1.036006177,-0.781488916,-0.724659511,1.517655671,-0.284151241,-0.330213733,0.597440687,-1.253047332,0.312590339,0.632343664,1
0.542567415,1.162206796,1.396606212,0.886616309,-1.339678653,0.8509777,-1.156826367,-0.275129279,-0.638209856,0.190905296,0.317309996,0.604289863,-0.0453433,-0.311088663,0.623711166,-0.781488916,1.386327786,0.520031558,-0.103124802,-1.263326408,0.597440687,0.622765102,-1.414526838,-1.279420405,1
0.723219031,-0.86043207,0.107308958,0.886616309,-0.398188716,0.8509777,0.24319841,-0.317853998,0.654629392,-0.342052346,1.38880926,-0.350099774,0.697553992,0.6216023,0.923562083,1.27960868,-1.56905443,0.644734572,0.439954513,-1.263326408,-1.329097671,-1.253047332,0.38768239,-1.279420405,1
0.361915799,-0.86043207,-1.181988297,0.150266256,-0.398188716,0.087122786,-0.322687148,1.17751117,0.783913317,1.256820581,-1.11135569,-1.304489412,-0.788240591,1.554293264,0.173934791,-0.781488916,-0.302462052,0.644734572,-1.008256994,-1.263326408,0.597440687,-0.315141115,-0.88888248,-1.279420405,1
0.994196455,-0.86043207,0.107308958,0.886616309,1.484791158,-1.440587041,0.075641175,1.049337012,-1.155345555,-0.075573525,-1.11135569,1.5586795,-0.788240591,-1.243779626,0.811117989,-0.781488916,-0.724659511,-0.976404611,-1.370309871,1.536011617,0.597440687,0.622765102,-0.588514275,-1.279420405,1
-0.631668089,-0.86043207,-1.181988297,-0.586083797,0.543301221,0.087122786,0.621063273,-1.044174223,-0.379642006,0.457384117,0.317309996,-1.304489412,-0.788240591,-1.243779626,-0.500729771,-0.781488916,-0.724659511,-0.228186526,-0.103124802,-0.330213733,-1.329097671,0.622765102,-1.189250685,-0.32353837,1
-0.270364857,-0.86043207,0.107308958,0.150266256,1.484791158,0.8509777,1.496332019,1.348410046,-0.896777705,-1.674446452,0.317309996,-0.350099774,-1.531137883,1.554293264,0.73615526,-0.781488916,-1.56905443,0.021219502,0.077901636,-0.330213733,-1.329097671,-0.315141115,-0.363238122,-0.32353837,1
0.632893223,-0.86043207,0.107308958,0.150266256,-0.398188716,-0.676732128,-1.039516042,-0.275129279,-0.76749378,0.190905296,-1.468522111,-0.350099774,-0.788240591,-0.311088663,0.398822979,-0.781488916,-0.302462052,0.520031558,-0.284151241,-0.330213733,-0.365828492,-0.315141115,-0.663606326,-1.279420405,1
-0.541342281,-0.86043207,-1.181988297,-1.32243385,0.543301221,0.8509777,1.65760839,0.878438136,-0.508925931,0.723862938,1.38880926,-0.350099774,0.697553992,-0.311088663,-0.875543417,-0.781488916,1.386327786,-1.101107625,-0.646204118,0.602898942,0.597440687,0.622765102,-1.339434787,1.588225698,1
-0.360690665,-0.86043207,-1.181988297,0.150266256,1.484791158,-0.676732128,0.320797467,-0.531477594,-0.250358081,-0.608531167,0.674476417,1.5586795,-0.0453433,-0.311088663,0.586229802,-0.781488916,-0.724659511,0.395328544,0.258928075,-0.330213733,-0.365828492,-0.315141115,-0.062869917,-0.32353837,1
-1.44460036,-0.86043207,-1.181988297,0.150266256,1.484791158,0.8509777,1.017162902,-0.317853998,0.266777618,0.99034176,-1.11135569,-1.304489412,-0.0453433,-0.311088663,0.586229802,-0.781488916,0.119735408,-1.350513653,1.164060267,1.536011617,-1.329097671,0.622765102,0.988418799,-0.32353837,1
0.000612567,-0.86043207,-1.181988297,0.886616309,-0.398188716,0.087122786,-0.318027152,1.17751117,0.913197242,0.99034176,-1.11135569,-1.304489412,-0.788240591,0.6216023,0.436304343,1.27960868,-0.724659511,0.644734572,-0.827230556,-0.330213733,-0.365828492,-1.253047332,-0.738698378,-1.279420405,1
-0.360690665,1.162206796,-1.181988297,-0.586083797,-1.339678653,0.087122786,-0.779164112,1.17751117,1.042481167,0.723862938,1.031642839,-0.350099774,1.440451283,-1.243779626,-0.463248407,-0.781488916,-0.724659511,1.018843614,-1.008256994,1.536011617,-0.365828492,-0.315141115,0.537866492,1.588225698,1
-0.99297132,-0.86043207,1.396606212,-1.32243385,-0.398188716,1.614832614,1.166080154,-0.061505684,-0.121074156,0.99034176,0.674476417,0.604289863,-0.788240591,0.6216023,-0.425767042,-0.781488916,-0.302462052,-0.35288954,0.80200739,-0.330213733,-0.365828492,0.622765102,0.162406236,-0.32353837,1
0.994196455,-0.86043207,0.107308958,0.150266256,-0.398188716,-1.440587041,-1.626270275,0.066668473,0.783913317,-1.14148881,-1.468522111,0.604289863,-0.0453433,-1.243779626,-0.388285678,1.27960868,1.386327786,-0.35288954,-1.189283433,-0.330213733,0.597440687,1.560671319,-1.56471094,-0.32353837,1
0.723219031,-0.86043207,-1.181988297,-0.586083797,-1.339678653,0.087122786,0.034916865,-0.275129279,-0.508925931,-0.075573525,-0.039856426,0.604289863,-1.531137883,0.6216023,-0.463248407,-0.781488916,0.541932867,0.021219502,0.439954513,-1.263326408,0.597440687,-0.315141115,0.38768239,-0.32353837,1
1.265173879,-0.86043207,0.107308958,0.886616309,0.543301221,-0.676732128,0.283517502,-0.873275346,-0.379642006,0.99034176,1.031642839,-0.350099774,0.697553992,1.554293264,-1.137912969,-0.781488916,1.386327786,-0.35288954,1.164060267,0.602898942,-1.329097671,-0.315141115,1.288787004,-1.279420405,1
-1.354274552,1.162206796,-1.181988297,-1.32243385,-0.398188716,-0.676732128,-0.538667815,1.049337012,-1.543197329,-0.342052346,-0.397022847,0.604289863,-0.0453433,0.6216023,-0.088434761,-0.781488916,0.541932867,1.392952657,1.164060267,0.602898942,-1.329097671,-0.315141115,-0.363238122,-1.279420405,1
1.536151302,-0.86043207,-1.181988297,0.886616309,0.543301221,-1.440587041,-1.618368543,0.066668473,1.301049016,-0.875009989,-1.468522111,1.5586795,-0.0453433,-0.311088663,-1.325319792,-0.781488916,1.808525246,0.8941406,1.164060267,-1.263326408,0.597440687,-1.253047332,-0.813790429,-1.279420405,1
0.813544839,-0.86043207,-1.181988297,0.150266256,-0.398188716,-0.676732128,-1.624041581,0.023943754,0.783913317,-0.342052346,-0.397022847,-0.350099774,-0.0453433,-0.311088663,-0.425767042,-0.781488916,0.541932867,1.143546628,0.077901636,-0.330213733,-0.365828492,-1.253047332,-0.588514275,-0.32353837,1
-0.902645512,-0.86043207,-1.181988297,-1.32243385,1.484791158,0.8509777,1.003588132,0.323016788,-0.379642006,0.190905296,-1.11135569,0.604289863,-0.0453433,0.6216023,0.098972062,-0.781488916,0.119735408,-1.599919681,1.164060267,1.536011617,0.597440687,0.622765102,0.988418799,-1.279420405,1
-1.625251976,1.162206796,-1.181988297,-1.32243385,-0.398188716,0.087122786,0.397383483,-1.556870852,0.266777618,-0.342052346,-0.754189269,-0.350099774,-0.788240591,-1.243779626,0.773636625,-0.781488916,0.964130327,-1.225810639,0.258928075,0.602898942,0.597440687,1.560671319,0.312590339,-1.279420405,1
-0.541342281,1.162206796,0.107308958,0.150266256,-0.398188716,0.8509777,-0.583444295,-0.189679841,-0.896777705,-0.075573525,-0.397022847,0.604289863,-0.0453433,-0.311088663,0.436304343,-0.781488916,-0.302462052,-0.851701597,0.439954513,-0.330213733,-0.365828492,-1.253047332,0.537866492,0.632343664,1
0.903870647,1.162206796,0.107308958,0.886616309,0.543301221,-0.676732128,1.415086008,0.835713417,1.430332941,-0.608531167,0.674476417,-1.304489412,-0.0453433,0.6216023,-0.987987511,1.27960868,-0.724659511,0.395328544,0.983033829,-1.263326408,-0.365828492,0.622765102,-0.588514275,0.632343664,1
-1.625251976,1.162206796,1.396606212,1.622966363,-1.339678653,-0.676732128,-1.208694144,0.023943754,-0.121074156,-1.407967631,-1.468522111,-1.304489412,0.697553992,0.6216023,-1.212875699,-0.781488916,-1.146856971,0.021219502,-0.827230556,-0.330213733,0.597440687,-0.315141115,-0.513422224,-0.32353837,1
-1.534926168,-0.86043207,-1.181988297,0.886616309,1.484791158,0.8509777,1.021012464,-0.488752875,0.396061543,0.99034176,-1.11135569,-1.304489412,-0.0453433,-0.311088663,0.698673895,-0.781488916,0.119735408,-1.225810639,1.164060267,1.536011617,-1.329097671,0.622765102,0.988418799,-0.32353837,1
0.271589991,-0.86043207,0.107308958,-0.586083797,0.543301221,0.087122786,-0.681506812,-0.531477594,0.783913317,0.190905296,-0.039856426,-0.350099774,-0.788240591,0.6216023,-0.388285678,-0.781488916,0.964130327,-0.726998583,-0.827230556,1.536011617,-1.329097671,0.622765102,-0.663606326,-0.32353837,1
-1.625251976,-0.86043207,0.107308958,-1.32243385,-0.398188716,0.8509777,1.723658763,-1.300522537,1.042481167,0.457384117,-0.397022847,0.604289863,-0.0453433,-1.243779626,0.061490697,-0.781488916,-0.724659511,-0.976404611,0.077901636,-1.263326408,-1.329097671,-0.315141115,-0.663606326,-0.32353837,1
-0.180039049,-0.86043207,-1.181988297,0.886616309,0.543301221,0.8509777,-0.477074829,-1.257797818,1.301049016,-1.14148881,-0.039856426,-1.304489412,1.440451283,-0.311088663,-0.725617959,-0.781488916,-1.146856971,-0.228186526,-1.008256994,-1.263326408,0.597440687,-1.253047332,0.312590339,0.632343664,1
-0.541342281,1.162206796,-1.181988297,0.886616309,0.543301221,0.087122786,-0.604110362,0.70753926,0.008209768,0.457384117,-0.039856426,-0.350099774,-1.531137883,-0.311088663,-0.613173865,-0.781488916,-1.146856971,-1.599919681,-0.646204118,-1.263326408,-0.365828492,-1.253047332,1.589155209,-1.279420405,1
-1.44460036,1.162206796,1.396606212,-1.32243385,-0.398188716,0.8509777,0.794698763,1.348410046,-0.76749378,0.190905296,0.674476417,0.604289863,-0.0453433,-1.243779626,-1.475245251,-0.781488916,-0.724659511,-0.477592555,1.526113144,-0.330213733,-0.365828492,0.622765102,-1.114158633,-1.279420405,1
-0.631668089,-0.86043207,0.107308958,-0.586083797,-1.339678653,-1.440587041,0.71912579,-0.531477594,0.783913317,0.723862938,0.317309996,-1.304489412,-0.0453433,-1.243779626,0.661192531,-0.781488916,0.119735408,-1.475216667,0.620980952,-1.263326408,-1.329097671,-1.253047332,0.913326748,0.632343664,1
-0.180039049,-0.86043207,-1.181988297,-1.32243385,1.484791158,0.8509777,0.362737428,-0.23240456,0.008209768,0.457384117,0.674476417,-1.304489412,0.697553992,-1.243779626,0.73615526,1.27960868,1.386327786,-0.228186526,0.258928075,0.602898942,-1.329097671,-0.315141115,-0.588514275,-0.32353837,1
1.265173879,-0.86043207,-1.181988297,0.150266256,-1.339678653,0.087122786,-0.751204138,0.921162855,0.008209768,-1.407967631,-1.11135569,-0.350099774,0.697553992,-0.311088663,-0.838062053,-0.781488916,-0.724659511,0.769437586,1.164060267,1.536011617,-0.365828492,-0.315141115,1.213694953,0.632343664,1
-0.089713241,-0.86043207,-1.181988297,-1.32243385,-1.339678653,0.087122786,-0.585875597,0.921162855,-1.672481254,0.457384117,-1.11135569,0.604289863,-0.0453433,-1.243779626,-1.437763886,-0.781488916,0.964130327,1.268249643,-0.284151241,-0.330213733,-0.365828492,1.560671319,0.838234697,0.632343664,1
-0.721993897,-0.86043207,-1.181988297,-0.586083797,0.543301221,-1.440587041,-0.110961259,1.348410046,0.266777618,0.99034176,-1.468522111,0.604289863,0.697553992,0.6216023,1.073487541,1.27960868,-0.724659511,0.769437586,-0.103124802,-1.263326408,-0.365828492,-1.253047332,0.38768239,-0.32353837,1
0.994196455,-0.86043207,0.107308958,0.886616309,-0.398188716,0.087122786,-1.63234853,-0.830550627,0.783913317,-1.407967631,-0.754189269,-0.350099774,-0.0453433,0.6216023,-1.55020798,-0.781488916,-0.302462052,-0.103483512,-0.284151241,-0.330213733,-1.329097671,-1.253047332,0.312590339,-1.279420405,1
-1.354274552,1.162206796,0.107308958,-1.32243385,-0.398188716,-0.676732128,0.387253057,-0.659651751,-0.638209856,-0.075573525,0.317309996,-1.304489412,-1.531137883,-1.243779626,0.548748437,-0.781488916,0.541932867,-0.228186526,0.258928075,-0.330213733,0.597440687,1.560671319,0.38768239,-1.279420405,1
0.000612567,1.162206796,1.396606212,0.886616309,-1.339678653,0.8509777,-1.138591601,-0.916000065,-1.155345555,-0.608531167,1.031642839,0.604289863,-0.788240591,-0.311088663,-0.538211136,-0.781488916,1.386327786,-0.602295569,-0.646204118,-1.263326408,0.597440687,0.622765102,-1.189250685,-0.32353837,1
-0.360690665,-0.86043207,-1.181988297,0.150266256,-0.398188716,0.087122786,1.324520006,0.579365102,0.266777618,0.457384117,-0.754189269,1.5586795,0.697553992,0.6216023,0.098972062,-0.781488916,-0.724659511,0.145922516,0.258928075,-0.330213733,-0.365828492,-0.315141115,-0.663606326,-0.32353837,1
-0.902645512,-0.86043207,-1.181988297,-0.586083797,0.543301221,-0.676732128,0.620252839,-1.086898942,-0.76749378,-0.075573525,-0.039856426,-1.304489412,-0.0453433,-1.243779626,-0.688136594,-0.781488916,-0.724659511,0.021219502,-0.103124802,0.602898942,-1.329097671,0.622765102,-1.039066582,-0.32353837,1
-0.451016473,-0.86043207,-1.181988297,-0.586083797,1.484791158,0.087122786,-0.42682792,0.579365102,1.171765091,0.190905296,-1.11135569,0.604289863,1.440451283,-1.243779626,-0.875543417,-0.781488916,-1.56905443,-1.475216667,0.620980952,-0.330213733,-1.329097671,-1.253047332,0.312590339,-1.279420405,1
-0.270364857,-0.86043207,0.107308958,0.886616309,0.543301221,-0.676732128,-0.838123187,0.792988698,0.008209768,-0.875009989,0.317309996,-0.350099774,-0.0453433,-0.311088663,-0.463248407,1.27960868,-0.302462052,0.021219502,0.983033829,-1.263326408,-0.365828492,1.560671319,1.66424726,-0.32353837,1
0.813544839,1.162206796,0.107308958,-0.586083797,0.543301221,-0.676732128,0.129940255,-0.018780965,-0.121074156,0.190905296,-0.397022847,-0.350099774,-0.788240591,-1.243779626,-1.400282521,1.27960868,-1.56905443,0.769437586,0.258928075,0.602898942,-1.329097671,-1.253047332,0.012222134,1.588225698,1
0.813544839,-0.86043207,0.107308958,-0.586083797,-1.339678653,0.8509777,-1.280822772,-0.23240456,0.396061543,-0.875009989,0.317309996,-0.350099774,-0.0453433,-0.311088663,-0.013472032,-0.781488916,-1.56905443,0.021219502,0.983033829,-1.263326408,0.597440687,-0.315141115,0.162406236,-1.279420405,1
-0.180039049,-0.86043207,0.107308958,0.886616309,0.543301221,-0.676732128,-0.839541446,0.622089822,0.008209768,-0.608531167,0.317309996,-0.350099774,0.697553992,0.6216023,-0.388285678,-0.781488916,-0.724659511,0.021219502,0.983033829,-1.263326408,-0.365828492,0.622765102,1.589155209,0.632343664,1
0.271589991,1.162206796,0.107308958,0.886616309,0.543301221,-1.440587041,1.526115469,0.194842631,-0.379642006,1.523299402,-0.039856426,1.5586795,0.697553992,-0.311088663,-1.025468876,-0.781488916,-0.302462052,-0.228186526,0.077901636,0.602898942,0.597440687,-0.315141115,-0.813790429,1.588225698,1
-0.089713241,1.162206796,0.107308958,0.886616309,0.543301221,0.087122786,0.883846505,-0.574202313,-0.121074156,0.457384117,-0.754189269,0.604289863,-0.0453433,1.554293264,-0.65065523,-0.781488916,0.119735408,-0.602295569,-0.465177679,0.602898942,-0.365828492,-1.253047332,-0.062869917,-1.279420405,1
-1.44460036,-0.86043207,-1.181988297,0.886616309,0.543301221,0.087122786,1.032155932,-0.531477594,0.654629392,1.256820581,-1.11135569,-1.304489412,-0.0453433,-0.311088663,0.773636625,-0.781488916,0.119735408,-0.851701597,0.983033829,1.536011617,-1.329097671,0.622765102,0.688050595,-0.32353837,1
0.632893223,-0.86043207,-1.181988297,-0.586083797,-0.398188716,0.087122786,-0.587091248,1.433859484,-0.379642006,-0.608531167,-0.397022847,1.5586795,-0.788240591,-1.243779626,-0.763099324,1.27960868,0.541932867,0.021219502,0.258928075,0.602898942,-0.365828492,-0.315141115,0.38768239,0.632343664,1
0.723219031,-0.86043207,-1.181988297,0.886616309,-1.339678653,0.087122786,1.717580507,-0.488752875,-0.250358081,-0.608531167,-1.11135569,-0.350099774,-0.788240591,-0.311088663,-0.987987511,-0.781488916,-0.724659511,0.27062553,-0.465177679,-0.330213733,-0.365828492,-1.253047332,-0.137961968,-0.32353837,1
1.265173879,-0.86043207,-1.181988297,0.150266256,0.543301221,0.8509777,1.193229694,0.194842631,1.171765091,-0.342052346,1.031642839,-1.304489412,0.697553992,-1.243779626,-0.613173865,1.27960868,-0.724659511,0.8941406,-0.284151241,0.602898942,0.597440687,-0.315141115,0.087314185,0.632343664,1
0.452241607,-0.86043207,1.396606212,0.886616309,-1.339678653,-1.440587041,0.104208974,-0.403303436,0.396061543,0.190905296,-1.468522111,0.604289863,0.697553992,0.6216023,-0.987987511,-0.781488916,-1.146856971,0.395328544,0.620980952,0.602898942,-1.329097671,-1.253047332,-1.414526838,0.632343664,1
-0.180039049,-0.86043207,0.107308958,-0.586083797,-1.339678653,0.8509777,-1.28791407,0.792988698,0.654629392,0.457384117,-0.397022847,-1.304489412,-0.0453433,-1.243779626,-1.700133438,-0.781488916,-0.724659511,-1.101107625,0.983033829,-1.263326408,0.597440687,-1.253047332,-0.438330173,-0.32353837,1
-1.173622936,-0.86043207,0.107308958,-0.586083797,-1.339678653,-0.676732128,-0.856965778,0.878438136,0.137493693,1.256820581,0.317309996,0.604289863,0.697553992,0.6216023,-1.362801157,-0.781488916,-0.302462052,1.018843614,1.345086706,-1.263326408,-0.365828492,0.622765102,-0.137961968,0.632343664,1
-0.631668089,1.162206796,-1.181988297,0.886616309,1.484791158,1.614832614,1.503423317,1.220235889,-0.76749378,-1.674446452,-0.039856426,-1.304489412,-1.531137883,1.554293264,0.436304343,-0.781488916,-1.56905443,-0.103483512,0.80200739,-0.330213733,-1.329097671,-0.315141115,-0.588514275,0.632343664,1
-0.180039049,1.162206796,0.107308958,1.622966363,-0.398188716,0.087122786,0.09934637,0.152117912,0.008209768,0.190905296,-0.039856426,0.604289863,-1.531137883,-1.243779626,0.211416156,-0.781488916,-0.302462052,0.145922516,-1.189283433,-0.330213733,-1.329097671,-1.253047332,-1.639802992,-0.32353837,1
-1.263948744,-0.86043207,-1.181988297,-1.32243385,0.543301221,0.8509777,1.337892167,-0.317853998,0.654629392,0.99034176,0.317309996,0.604289863,-0.0453433,0.6216023,1.523263916,-0.781488916,0.541932867,-0.976404611,0.80200739,0.602898942,0.597440687,-1.253047332,-0.137961968,-1.279420405,1
0.271589991,-0.86043207,0.107308958,-0.586083797,0.543301221,0.8509777,1.078148063,-0.446028155,-1.543197329,-0.608531167,-0.039856426,-0.350099774,1.440451283,1.554293264,0.473785708,1.27960868,0.119735408,0.8941406,0.620980952,-1.263326408,-0.365828492,0.622765102,-0.213054019,-1.279420405,1
1.084522263,-0.86043207,1.396606212,-0.586083797,0.543301221,0.087122786,0.534549441,-0.659651751,0.525345467,-0.608531167,-0.754189269,-0.350099774,-0.788240591,-0.311088663,-0.16339749,-0.781488916,0.541932867,-0.726998583,-0.465177679,-0.330213733,0.597440687,0.622765102,1.589155209,-0.32353837,1
-0.360690665,-0.86043207,0.107308958,-1.32243385,-0.398188716,-0.676732128,1.197484473,-1.428696694,1.042481167,-1.14148881,-0.397022847,-1.304489412,-1.531137883,-0.311088663,0.136453427,1.27960868,-0.302462052,-0.976404611,-0.465177679,0.602898942,0.597440687,-0.315141115,-1.339434787,-0.32353837,1
0.090938375,-0.86043207,0.107308958,0.886616309,0.543301221,0.8509777,1.487214636,-0.531477594,-0.508925931,-0.075573525,1.031642839,0.604289863,-0.0453433,-1.243779626,1.073487541,-0.781488916,-1.56905443,-0.103483512,0.983033829,-0.330213733,0.597440687,-0.315141115,0.312590339,0.632343664,1
0.452241607,-0.86043207,0.107308958,1.622966363,-1.339678653,-1.440587041,1.534017201,-0.189679841,0.137493693,-0.342052346,-0.397022847,-0.350099774,0.697553992,0.6216023,-0.613173865,-0.781488916,0.119735408,1.268249643,0.439954513,-0.330213733,-1.329097671,1.560671319,0.087314185,0.632343664,1
-0.812319705,-0.86043207,0.107308958,0.886616309,1.484791158,0.8509777,1.052821999,-0.745101189,-0.638209856,0.457384117,-0.754189269,-1.304489412,-0.0453433,-0.311088663,0.73615526,-0.781488916,0.119735408,-0.228186526,0.80200739,-0.330213733,-1.329097671,1.560671319,0.462774441,-0.32353837,1
-0.451016473,-0.86043207,-1.181988297,0.150266256,-1.339678653,-0.676732128,0.129535038,1.305685327,-1.672481254,-0.608531167,1.38880926,-1.304489412,0.697553992,-0.311088663,0.361341614,1.27960868,-0.724659511,-1.350513653,-0.103124802,-0.330213733,-0.365828492,-0.315141115,-1.489618889,-0.32353837,1
0.542567415,1.162206796,1.396606212,-0.586083797,-1.339678653,-0.676732128,-1.352343575,1.17751117,-1.02606163,0.457384117,0.674476417,0.604289863,-0.788240591,-0.311088663,0.286378885,-0.781488916,-0.302462052,1.018843614,0.983033829,0.602898942,1.560709866,1.560671319,0.462774441,-0.32353837,1
-0.902645512,-0.86043207,-1.181988297,0.150266256,-0.398188716,-0.676732128,0.480250362,-0.061505684,-1.155345555,0.457384117,-0.397022847,-0.350099774,-0.788240591,-0.311088663,1.185931635,1.27960868,-1.146856971,-0.228186526,-1.370309871,0.602898942,0.597440687,-0.315141115,-1.039066582,-0.32353837,1
-0.631668089,-0.86043207,-1.181988297,-1.32243385,1.484791158,0.8509777,0.359293083,-0.360578717,-0.250358081,0.99034176,0.674476417,-1.304489412,0.697553992,-1.243779626,1.14845027,-0.781488916,0.964130327,0.021219502,0.80200739,0.602898942,-1.329097671,0.622765102,-0.88888248,-0.32353837,1
-1.083297128,-0.86043207,0.107308958,0.150266256,-0.398188716,-1.440587041,0.483492098,-1.17234838,0.266777618,-0.875009989,0.317309996,-0.350099774,-0.788240591,-0.311088663,-0.275841584,1.27960868,-1.146856971,1.517655671,-1.370309871,0.602898942,-0.365828492,-1.253047332,-0.813790429,0.632343664,1
-1.354274552,-0.86043207,0.107308958,-1.32243385,-1.339678653,-1.440587041,0.810097009,-0.317853998,-0.250358081,0.190905296,-0.039856426,-0.350099774,-0.0453433,-1.243779626,-0.313322948,-0.781488916,-0.302462052,0.27062553,-0.103124802,-1.263326408,-1.329097671,-1.253047332,-0.137961968,-0.32353837,1
-1.263948744,-0.86043207,0.107308958,-1.32243385,0.543301221,-0.676732128,0.593711125,-0.958724784,-0.638209856,-0.608531167,1.031642839,1.5586795,0.697553992,-0.311088663,-0.875543417,1.27960868,0.964130327,-0.976404611,-1.370309871,-1.263326408,0.597440687,-1.253047332,-0.588514275,1.588225698,1
0.271589991,1.162206796,0.107308958,0.150266256,-1.339678653,0.087122786,-1.351735749,-0.317853998,-0.638209856,0.457384117,-0.754189269,-0.350099774,-0.0453433,-0.311088663,1.223413,-0.781488916,-0.302462052,-0.228186526,0.620980952,1.536011617,-0.365828492,1.560671319,0.988418799,-0.32353837,1
-0.541342281,-0.86043207,0.107308958,-1.32243385,-1.339678653,0.087122786,-0.586888639,-0.360578717,-1.155345555,1.256820581,-1.468522111,-0.350099774,-0.0453433,-1.243779626,-1.400282521,-0.781488916,1.386327786,0.769437586,-1.189283433,-1.263326408,-1.329097671,1.560671319,0.988418799,0.632343664,1
0.361915799,-0.86043207,0.107308958,0.150266256,1.484791158,-0.676732128,0.323228769,-1.257797818,-1.155345555,-0.342052346,0.317309996,0.604289863,-0.0453433,-0.311088663,0.698673895,-0.781488916,0.119735408,-0.976404611,0.439954513,-0.330213733,-0.365828492,-0.315141115,0.312590339,0.632343664,1
0.632893223,-0.86043207,0.107308958,-0.586083797,-0.398188716,0.8509777,1.07713502,0.023943754,-0.896777705,-0.342052346,-0.039856426,-0.350099774,1.440451283,1.554293264,0.286378885,1.27960868,0.119735408,1.018843614,0.620980952,-0.330213733,-0.365828492,-0.315141115,-0.513422224,-1.279420405,1
-1.083297128,-0.86043207,1.396606212,0.150266256,-0.398188716,-1.440587041,1.188772307,-1.17234838,1.559616866,-1.674446452,-0.397022847,-1.304489412,-1.531137883,-1.243779626,-0.313322948,-0.781488916,0.541932867,-1.849325709,1.345086706,1.536011617,-0.365828492,0.622765102,-1.414526838,-0.32353837,1
-0.541342281,-0.86043207,1.396606212,-0.586083797,-0.398188716,1.614832614,1.172158409,0.23756735,0.008209768,0.99034176,1.031642839,-0.350099774,-0.0453433,0.6216023,-0.275841584,-0.781488916,0.119735408,0.395328544,0.258928075,-0.330213733,-0.365828492,0.622765102,-0.062869917,-0.32353837,1
-0.451016473,-0.86043207,-1.181988297,-1.32243385,0.543301221,0.8509777,1.288860909,-0.830550627,1.042481167,-0.075573525,-1.11135569,0.604289863,0.697553992,-0.311088663,-0.463248407,-0.781488916,0.119735408,1.018843614,0.077901636,-1.263326408,0.597440687,0.622765102,0.838234697,-0.32353837,1
-1.173622936,1.162206796,0.107308958,-0.586083797,0.543301221,-0.676732128,0.971981205,-1.17234838,-1.284629479,0.457384117,-0.039856426,-1.304489412,-0.0453433,-0.311088663,1.485782552,-0.781488916,-1.146856971,0.395328544,1.526113144,1.536011617,-0.365828492,-1.253047332,0.612958543,-0.32353837,1
-0.721993897,1.162206796,-1.181988297,0.150266256,-1.339678653,-0.676732128,0.400017393,0.70753926,-0.896777705,-0.875009989,0.674476417,-1.304489412,-1.531137883,-1.243779626,-0.463248407,-0.781488916,0.964130327,0.769437586,-0.646204118,-0.330213733,0.597440687,1.560671319,0.012222134,-0.32353837,1
-0.089713241,-0.86043207,0.107308958,0.150266256,0.543301221,-1.440587041,1.492279849,-0.574202313,0.783913317,-1.14148881,-0.039856426,-0.350099774,-1.531137883,0.6216023,-0.313322948,-0.781488916,-1.56905443,0.644734572,-1.008256994,-0.330213733,-0.365828492,-0.315141115,-0.588514275,-1.279420405,1
0.181264183,-0.86043207,0.107308958,0.886616309,0.543301221,-1.440587041,1.390570379,-0.787825908,0.654629392,-0.342052346,0.317309996,-1.304489412,-0.0453433,-1.243779626,-0.238360219,-0.781488916,-1.56905443,0.395328544,1.345086706,0.602898942,1.560709866,-0.315141115,-1.039066582,-1.279420405,1
1.084522263,-0.86043207,0.107308958,-0.586083797,0.543301221,-1.440587041,-1.036274306,-0.104230403,0.525345467,-1.407967631,-1.468522111,-1.304489412,-0.788240591,-0.311088663,-0.425767042,-0.781488916,0.964130327,-0.35288954,-0.646204118,-1.263326408,-0.365828492,-0.315141115,0.688050595,-0.32353837,1
-0.721993897,-0.86043207,-1.181988297,0.150266256,0.543301221,-1.440587041,-0.116431689,0.792988698,0.654629392,0.723862938,-0.754189269,0.604289863,0.697553992,0.6216023,0.848599354,1.27960868,-1.146856971,1.143546628,-0.465177679,-1.263326408,-0.365828492,-1.253047332,-0.062869917,-0.32353837,1
-0.180039049,-0.86043207,-1.181988297,0.150266256,0.543301221,-0.676732128,-0.141352535,-0.70237647,0.913197242,-0.342052346,1.745975682,-0.350099774,-0.0453433,0.6216023,-0.950506146,-0.781488916,-1.146856971,0.395328544,-1.008256994,-0.330213733,-0.365828492,-0.315141115,-0.813790429,0.632343664,1
-1.263948744,-0.86043207,0.107308958,-1.32243385,-1.339678653,-1.440587041,0.808881358,-0.146955122,-0.250358081,0.190905296,-0.397022847,-0.350099774,0.697553992,-1.243779626,-0.050953396,-0.781488916,-0.302462052,0.395328544,-0.103124802,-1.263326408,-1.329097671,-1.253047332,-0.363238122,-0.32353837,1
1.084522263,-0.86043207,0.107308958,-1.32243385,-1.339678653,-0.676732128,-1.465804338,-0.70237647,0.008209768,-1.407967631,0.317309996,-0.350099774,-0.788240591,-1.243779626,0.211416156,1.27960868,1.386327786,-1.599919681,1.526113144,0.602898942,-1.329097671,-0.315141115,0.688050595,-0.32353837,1
-0.902645512,-0.86043207,-1.181988297,0.150266256,-1.339678653,0.087122786,1.718188333,-1.428696694,1.171765091,0.723862938,-0.397022847,0.604289863,-0.0453433,-0.311088663,-0.688136594,-0.781488916,-0.724659511,-0.976404611,-0.284151241,0.602898942,-1.329097671,0.622765102,-0.963974531,-1.279420405,1
0.271589991,-0.86043207,-1.181988297,0.886616309,-0.398188716,-1.440587041,0.116162876,0.750263979,-0.379642006,-1.407967631,0.674476417,-1.304489412,0.697553992,-1.243779626,-0.313322948,1.27960868,-0.302462052,0.27062553,-0.465177679,-1.263326408,0.597440687,0.622765102,-1.189250685,-0.32353837,1
1.265173879,1.162206796,0.107308958,0.150266256,-1.339678653,0.087122786,-1.063221237,-1.257797818,-1.543197329,1.256820581,-0.754189269,0.604289863,-0.0453433,-0.311088663,0.73615526,1.27960868,-1.146856971,-1.599919681,-1.732362748,-0.330213733,-1.329097671,-1.253047332,0.012222134,0.632343664,1
0.090938375,1.162206796,0.107308958,-0.586083797,-0.398188716,-1.440587041,-0.778556286,-1.044174223,0.137493693,-1.14148881,-1.11135569,0.604289863,1.440451283,-0.311088663,-0.388285678,1.27960868,0.119735408,1.392952657,-0.465177679,-1.263326408,0.597440687,0.622765102,1.589155209,-0.32353837,1
0.994196455,-0.86043207,1.396606212,0.886616309,0.543301221,-0.676732128,-1.151761154,1.13478645,0.525345467,0.723862938,-1.11135569,0.604289863,-1.531137883,0.6216023,0.623711166,-0.781488916,-1.146856971,-1.101107625,0.077901636,0.602898942,0.597440687,-1.253047332,1.514063157,-0.32353837,1
1.355499687,1.162206796,1.396606212,-0.586083797,-0.398188716,-1.440587041,-1.112049887,1.092061731,-1.543197329,-1.407967631,1.031642839,1.5586795,0.697553992,-0.311088663,0.961043447,-0.781488916,1.386327786,0.145922516,1.526113144,-1.263326408,-0.365828492,-1.253047332,-1.639802992,-0.32353837,1
-0.99297132,1.162206796,-1.181988297,-0.586083797,-0.398188716,-0.676732128,0.397180874,0.323016788,-0.638209856,-1.14148881,0.674476417,-1.304489412,-1.531137883,-1.243779626,-0.463248407,-0.781488916,1.386327786,0.8941406,-0.827230556,-0.330213733,0.597440687,1.560671319,-0.213054019,-0.32353837,1
0.271589991,-0.86043207,-1.181988297,-1.32243385,-0.398188716,0.087122786,-0.587901682,1.391134765,-1.155345555,0.190905296,-0.754189269,0.604289863,-0.0453433,-1.243779626,-1.06295024,-0.781488916,0.541932867,1.392952657,-0.103124802,0.602898942,-0.365828492,0.622765102,0.913326748,0.632343664,1
-1.263948744,-0.86043207,0.107308958,-1.32243385,0.543301221,-0.676732128,0.592900691,-1.001449504,-0.638209856,-0.608531167,1.031642839,1.5586795,0.697553992,-0.311088663,-0.875543417,1.27960868,0.964130327,-1.101107625,-1.370309871,-1.263326408,0.597440687,-1.253047332,-0.513422224,1.588225698,1
-0.902645512,-0.86043207,0.107308958,-0.586083797,-0.398188716,-1.440587041,1.191406217,-1.257797818,1.430332941,-1.674446452,-0.397022847,-1.304489412,-1.531137883,-1.243779626,-0.200878855,1.27960868,0.119735408,-1.599919681,0.80200739,0.602898942,0.597440687,0.622765102,-1.414526838,-0.32353837,1
0.542567415,-0.86043207,0.107308958,0.150266256,1.484791158,-0.676732128,0.323431378,-1.215073099,-1.02606163,-0.608531167,0.317309996,0.604289863,-0.0453433,0.6216023,0.511267072,-0.781488916,0.119735408,-1.225810639,0.077901636,-0.330213733,-0.365828492,-0.315141115,0.462774441,0.632343664,1
1.084522263,1.162206796,0.107308958,0.150266256,-0.398188716,0.8509777,-0.573111261,0.921162855,-0.76749378,-1.407967631,1.38880926,0.604289863,-0.0453433,1.554293264,-0.050953396,-0.781488916,0.119735408,0.395328544,-0.646204118,0.602898942,0.597440687,-0.315141115,1.589155209,-1.279420405,1
-0.360690665,-0.86043207,0.107308958,0.150266256,-1.339678653,-0.676732128,-1.275960168,0.280292069,0.654629392,0.190905296,-0.754189269,-0.350099774,-0.788240591,-0.311088663,-0.500729771,-0.781488916,0.119735408,0.021219502,1.164060267,-1.263326408,0.597440687,-0.315141115,-0.137961968,-1.279420405,1
-1.44460036,-0.86043207,-1.181988297,-0.586083797,-0.398188716,-0.676732128,-0.854129259,0.70753926,-0.379642006,0.99034176,0.317309996,-1.304489412,-0.788240591,-0.311088663,-1.587689344,-0.781488916,0.541932867,1.268249643,0.620980952,-0.330213733,0.597440687,0.622765102,-0.663606326,-0.32353837,1
0.271589991,-0.86043207,0.107308958,-1.32243385,0.543301221,0.8509777,-0.671781603,0.323016788,1.042481167,0.723862938,0.317309996,-0.350099774,-1.531137883,0.6216023,-0.200878855,-0.781488916,1.386327786,0.145922516,-0.827230556,1.536011617,-1.329097671,-0.315141115,-1.114158633,-0.32353837,1
-1.083297128,-0.86043207,0.107308958,-0.586083797,-0.398188716,0.8509777,0.782137035,1.391134765,-0.508925931,-0.075573525,0.317309996,0.604289863,-0.788240591,-1.243779626,-1.400282521,-0.781488916,-0.302462052,-0.477592555,0.80200739,0.602898942,-1.329097671,0.622765102,-0.963974531,-1.279420405,1
0.542567415,-0.86043207,0.107308958,0.886616309,-0.398188716,-1.440587041,-0.941453525,-0.830550627,-1.155345555,-0.075573525,-0.397022847,0.604289863,-1.531137883,0.6216023,-1.55020798,-0.781488916,0.964130327,0.145922516,-1.55133631,1.536011617,0.597440687,-1.253047332,-0.288146071,-0.32353837,1
-0.812319705,-0.86043207,0.107308958,1.622966363,1.484791158,-1.440587041,0.061255971,0.451190945,0.008209768,-1.674446452,0.674476417,0.604289863,1.440451283,-1.243779626,0.73615526,-0.781488916,0.541932867,0.8941406,0.258928075,0.602898942,-0.365828492,-0.315141115,-0.663606326,-1.279420405,1
-0.360690665,-0.86043207,0.107308958,0.886616309,-0.398188716,0.087122786,1.281364394,0.280292069,-0.250358081,-0.075573525,-0.039856426,-0.350099774,1.440451283,-0.311088663,0.173934791,-0.781488916,0.541932867,-0.602295569,-0.827230556,-0.330213733,-0.365828492,-0.315141115,-0.588514275,1.588225698,1
1.536151302,1.162206796,0.107308958,0.150266256,-0.398188716,0.8509777,-1.288927113,-0.745101189,1.042481167,-1.14148881,-0.397022847,-1.304489412,0.697553992,-1.243779626,-0.500729771,-0.781488916,-1.146856971,0.021219502,0.439954513,-1.263326408,0.597440687,-1.253047332,0.763142646,-1.279420405,1
-0.631668089,-0.86043207,0.107308958,0.150266256,-0.398188716,-0.676732128,1.500384189,0.622089822,-0.896777705,-1.674446452,-0.754189269,0.604289863,-0.0453433,0.6216023,0.923562083,1.27960868,-1.56905443,0.021219502,0.077901636,-0.330213733,-1.329097671,-1.253047332,0.012222134,0.632343664,1
1.355499687,-0.86043207,-1.181988297,-1.32243385,-1.339678653,0.087122786,1.065788944,1.262960608,0.783913317,0.457384117,-0.754189269,-0.350099774,0.697553992,1.554293264,-0.16339749,1.27960868,0.119735408,0.8941406,0.620980952,1.536011617,-0.365828492,-1.253047332,-1.039066582,-1.279420405,1
-0.721993897,1.162206796,-1.181988297,-0.586083797,-0.398188716,0.087122786,-0.597019065,-0.104230403,-0.250358081,0.99034176,-0.754189269,-0.350099774,-0.788240591,-1.243779626,-0.950506146,-0.781488916,-0.302462052,-0.851701597,-1.189283433,-1.263326408,-1.329097671,-0.315141115,1.589155209,-1.279420405,1
0.542567415,-0.86043207,0.107308958,-1.32243385,-0.398188716,0.8509777,1.643831011,-0.488752875,0.525345467,-0.075573525,1.38880926,-0.350099774,-0.788240591,-0.311088663,0.548748437,-0.781488916,-0.302462052,0.769437586,-0.284151241,-0.330213733,0.597440687,-1.253047332,-0.137961968,1.588225698,1
0.632893223,-0.86043207,0.107308958,-1.32243385,0.543301221,0.8509777,-0.592764286,0.835713417,0.396061543,-0.608531167,0.317309996,-0.350099774,0.697553992,-1.243779626,1.14845027,-0.781488916,-0.724659511,0.520031558,-0.284151241,0.602898942,-0.365828492,-1.253047332,1.438971106,0.632343664,1
-1.173622936,-0.86043207,0.107308958,-1.32243385,-1.339678653,-1.440587041,0.811110052,-0.104230403,-0.250358081,0.190905296,-0.397022847,-0.350099774,0.697553992,-1.243779626,0.024009333,-0.781488916,-0.302462052,0.395328544,-0.103124802,-1.263326408,-1.329097671,-1.253047332,-0.438330173,-0.32353837,1
-1.173622936,1.162206796,-1.181988297,-0.586083797,-0.398188716,-0.676732128,0.401233044,-0.360578717,-0.121074156,-1.14148881,-0.039856426,-0.350099774,-1.531137883,-1.243779626,-0.16339749,-0.781488916,1.386327786,0.145922516,-0.646204118,-0.330213733,0.597440687,1.560671319,-0.213054019,-0.32353837,1
1.084522263,-0.86043207,0.107308958,0.886616309,0.543301221,-1.440587041,1.536043286,-0.403303436,-0.121074156,1.256820581,-0.754189269,0.604289863,-0.0453433,-0.311088663,-1.362801157,-0.781488916,-0.302462052,-1.225810639,0.620980952,0.602898942,0.597440687,-1.253047332,0.462774441,0.632343664,1
0.542567415,1.162206796,0.107308958,-1.32243385,0.543301221,0.8509777,-0.130209067,0.664814541,-0.76749378,-0.075573525,-1.468522111,-0.350099774,-0.788240591,-1.243779626,-0.763099324,-0.781488916,0.119735408,-1.475216667,0.258928075,0.602898942,1.560709866,-0.315141115,0.838234697,-0.32353837,1
0.542567415,-0.86043207,-1.181988297,-0.586083797,-0.398188716,0.087122786,-0.581012993,1.262960608,-1.543197329,-0.342052346,-0.039856426,1.5586795,-0.0453433,-0.311088663,-0.950506146,-0.781488916,0.541932867,1.143546628,-0.103124802,0.602898942,0.597440687,0.622765102,1.138602902,-0.32353837,1
0.452241607,1.162206796,0.107308958,-0.586083797,-0.398188716,-1.440587041,-0.776935418,-1.001449504,-0.121074156,-1.407967631,-1.11135569,0.604289863,1.440451283,-0.311088663,-0.538211136,-0.781488916,0.119735408,1.392952657,-0.103124802,-1.263326408,0.597440687,-0.315141115,1.66424726,-0.32353837,1
-1.715577784,1.162206796,0.107308958,-1.32243385,-0.398188716,0.087122786,0.381377411,-1.813219166,-0.379642006,0.99034176,-0.397022847,-1.304489412,-0.788240591,-1.243779626,1.523263916,-0.781488916,0.541932867,-1.599919681,1.164060267,0.602898942,0.597440687,1.560671319,0.988418799,-1.279420405,1
0.090938375,-0.86043207,-1.181988297,0.150266256,-0.398188716,0.087122786,-0.327954969,1.690207798,1.171765091,1.256820581,-1.11135569,-1.304489412,-0.788240591,0.6216023,0.173934791,-0.781488916,-0.302462052,0.520031558,-1.189283433,-0.330213733,0.597440687,-1.253047332,-0.738698378,-1.279420405,1
-0.99297132,-0.86043207,-1.181988297,-0.586083797,0.543301221,-1.440587041,0.615998061,-0.70237647,-0.638209856,-1.407967631,-1.11135569,-0.350099774,0.697553992,-1.243779626,-0.688136594,1.27960868,-0.724659511,0.644734572,0.077901636,0.602898942,-1.329097671,-0.315141115,-0.663606326,1.588225698,1
0.903870647,-0.86043207,-1.181988297,0.886616309,-1.339678653,0.8509777,-0.219762027,1.348410046,0.008209768,0.723862938,-0.754189269,0.604289863,-1.531137883,0.6216023,0.473785708,-0.781488916,0.964130327,-1.350513653,0.258928075,-1.263326408,-1.329097671,-1.253047332,-0.813790429,-0.32353837,1
-0.180039049,-0.86043207,0.107308958,0.886616309,0.543301221,0.087122786,-0.94753178,0.579365102,-1.413913404,-0.875009989,1.031642839,1.5586795,-1.531137883,0.6216023,-1.362801157,-0.781488916,1.386327786,0.520031558,0.258928075,-0.330213733,0.597440687,-0.315141115,-0.588514275,0.632343664,1
-0.902645512,-0.86043207,0.107308958,-0.586083797,-1.339678653,0.8509777,-0.202945521,0.23756735,-0.250358081,-0.608531167,0.674476417,-1.304489412,-0.0453433,1.554293264,1.298375729,-0.781488916,0.541932867,0.395328544,1.526113144,-1.263326408,0.597440687,-1.253047332,0.913326748,0.632343664,1
-0.180039049,1.162206796,0.107308958,0.150266256,-0.398188716,0.8509777,-0.583444295,-0.018780965,-1.284629479,-0.342052346,-0.039856426,0.604289863,0.697553992,-0.311088663,1.185931635,-0.781488916,-0.724659511,-0.477592555,0.80200739,-0.330213733,0.597440687,-1.253047332,1.06351085,0.632343664,1
-0.631668089,-0.86043207,0.107308958,0.150266256,-0.398188716,-0.676732128,-0.804287566,1.049337012,0.783913317,0.190905296,1.031642839,-0.350099774,0.697553992,-1.243779626,-0.313322948,1.27960868,-0.724659511,0.644734572,-0.465177679,-0.330213733,-0.365828492,0.622765102,0.913326748,0.632343664,1
-0.541342281,1.162206796,0.107308958,1.622966363,-0.398188716,-0.676732128,-0.25866286,-0.018780965,-0.508925931,-0.875009989,0.317309996,-0.350099774,-0.788240591,-0.311088663,0.173934791,1.27960868,-0.724659511,0.644734572,0.983033829,-0.330213733,-0.365828492,-1.253047332,-0.513422224,-0.32353837,1
-0.721993897,1.162206796,1.396606212,0.150266256,-0.398188716,-0.676732128,-0.292093263,-0.873275346,-0.121074156,-0.075573525,-0.397022847,-1.304489412,-0.788240591,-1.243779626,0.511267072,-0.781488916,-0.724659511,0.27062553,0.80200739,-0.330213733,-1.329097671,-0.315141115,-0.363238122,0.632343664,1
-1.263948744,1.162206796,1.396606212,0.150266256,-0.398188716,0.8509777,0.790443984,1.006612293,-1.02606163,-0.608531167,-0.039856426,0.604289863,-0.0453433,-1.243779626,-0.575692501,-0.781488916,-0.724659511,-0.976404611,0.439954513,-0.330213733,-0.365828492,-0.315141115,-0.588514275,-1.279420405,1
0.723219031,-0.86043207,0.107308958,1.622966363,1.484791158,-1.440587041,0.101372455,0.194842631,0.654629392,-1.674446452,-0.039856426,-0.350099774,1.440451283,-1.243779626,-0.725617959,-0.781488916,-0.302462052,1.392952657,-0.646204118,-1.263326408,-0.365828492,0.622765102,-0.963974531,-1.279420405,1
0.181264183,-0.86043207,-1.181988297,0.150266256,0.543301221,-0.676732128,0.315124429,0.194842631,0.396061543,-1.674446452,0.317309996,0.604289863,0.697553992,0.6216023,-0.388285678,1.27960868,-1.146856971,0.644734572,-0.646204118,-0.330213733,-0.365828492,-0.315141115,0.312590339,-1.279420405,1
-1.173622936,1.162206796,-1.181988297,-1.32243385,0.543301221,-0.676732128,0.972994248,-1.385971975,-1.155345555,0.457384117,-0.397022847,-1.304489412,0.697553992,0.6216023,1.598226645,-0.781488916,-1.146856971,0.145922516,1.345086706,1.536011617,-0.365828492,-1.253047332,0.612958543,-1.279420405,1
1.265173879,-0.86043207,0.107308958,0.886616309,0.543301221,-0.676732128,0.280883592,-0.830550627,-0.250358081,0.99034176,1.031642839,-0.350099774,0.697553992,1.554293264,-1.212875699,-0.781488916,1.386327786,-0.228186526,1.345086706,0.602898942,-1.329097671,-0.315141115,1.288787004,-1.279420405,1
1.084522263,1.162206796,0.107308958,0.150266256,-1.339678653,0.087122786,-1.057750807,-1.086898942,-1.543197329,1.256820581,-0.754189269,0.604289863,-0.0453433,-0.311088663,0.773636625,1.27960868,-1.146856971,-0.976404611,-1.370309871,-0.330213733,-1.329097671,-1.253047332,-0.363238122,0.632343664,1
0.813544839,-0.86043207,0.107308958,-1.32243385,0.543301221,0.8509777,-0.598639933,1.305685327,1.559616866,-0.608531167,0.317309996,-1.304489412,0.697553992,-1.243779626,0.73615526,-0.781488916,-0.302462052,0.769437586,-1.189283433,0.602898942,-1.329097671,-1.253047332,1.363879055,0.632343664,1
0.181264183,-0.86043207,1.396606212,-0.586083797,0.543301221,-1.440587041,-0.789091928,-0.916000065,0.008209768,-1.407967631,-1.11135569,0.604289863,0.697553992,0.6216023,-0.388285678,1.27960868,0.119735408,1.143546628,-0.103124802,-1.263326408,0.597440687,0.622765102,1.814431362,-0.32353837,1
-0.360690665,-0.86043207,-1.181988297,-1.32243385,0.543301221,0.8509777,1.279135701,-0.787825908,1.68890079,-0.608531167,-1.11135569,1.5586795,0.697553992,-0.311088663,-1.137912969,-0.781488916,-0.302462052,1.143546628,-0.284151241,-1.263326408,0.597440687,0.622765102,0.913326748,-0.32353837,1
-0.089713241,-0.86043207,-1.181988297,-0.586083797,-0.398188716,0.087122786,-0.589927767,1.220235889,-1.413913404,0.457384117,-0.754189269,0.604289863,-0.788240591,-1.243779626,-1.250357063,-0.781488916,0.119735408,0.644734572,-0.103124802,-0.330213733,-0.365828492,0.622765102,1.06351085,-0.32353837,1
-0.089713241,-0.86043207,0.107308958,0.150266256,0.543301221,-0.676732128,0.77342487,0.835713417,-0.508925931,-1.14148881,-1.468522111,-0.350099774,-0.788240591,-1.243779626,0.548748437,-0.781488916,-0.724659511,-1.101107625,-1.732362748,-0.330213733,-1.329097671,-1.253047332,0.087314185,-1.279420405,1
0.271589991,-0.86043207,1.396606212,0.886616309,-0.398188716,0.8509777,1.177223622,0.792988698,0.137493693,0.457384117,1.031642839,-1.304489412,1.440451283,-0.311088663,0.286378885,-0.781488916,0.964130327,1.392952657,-0.827230556,0.602898942,-1.329097671,0.622765102,-0.062869917,-0.32353837,1
0.452241607,-0.86043207,0.107308958,-1.32243385,0.543301221,-0.676732128,0.842109153,0.664814541,-0.508925931,0.723862938,-0.754189269,-0.350099774,0.697553992,-1.243779626,0.961043447,-0.781488916,-0.724659511,0.395328544,-0.646204118,-1.263326408,0.597440687,-1.253047332,-0.813790429,-1.279420405,1
0.994196455,-0.86043207,-1.181988297,0.886616309,0.543301221,-1.440587041,-0.503008718,-1.385971975,0.137493693,-1.14148881,1.031642839,-0.350099774,-0.0453433,-1.243779626,-1.362801157,-0.781488916,-0.724659511,-1.599919681,-1.189283433,-1.263326408,-1.329097671,-1.253047332,1.138602902,1.588225698,1
0.903870647,-0.86043207,-1.181988297,1.622966363,-0.398188716,0.087122786,-0.228879409,1.562033641,0.008209768,0.99034176,-1.11135569,0.604289863,-1.531137883,0.6216023,-0.125916126,-0.781488916,0.541932867,-1.350513653,0.258928075,-1.263326408,-1.329097671,-0.315141115,-1.189250685,-0.32353837,1
-0.089713241,-0.86043207,-1.181988297,0.150266256,-0.398188716,0.8509777,-1.658485027,-0.403303436,-1.02606163,-1.14148881,0.674476417,-0.350099774,-0.788240591,-1.243779626,0.661192531,-0.781488916,0.119735408,0.644734572,-0.827230556,0.602898942,-0.365828492,0.622765102,-1.639802992,0.632343664,1
0.271589991,-0.86043207,1.396606212,-0.586083797,0.543301221,-0.676732128,-1.15236898,-1.385971975,0.783913317,0.190905296,1.031642839,-0.350099774,0.697553992,0.6216023,-0.913024782,-0.781488916,-0.724659511,0.27062553,-0.103124802,0.602898942,-0.365828492,-0.315141115,-0.062869917,-0.32353837,1
0.271589991,-0.86043207,1.396606212,-0.586083797,-0.398188716,-0.676732128,-1.158852452,-1.428696694,0.654629392,0.457384117,1.38880926,-0.350099774,0.697553992,0.6216023,-0.913024782,-0.781488916,-0.724659511,0.644734572,-0.103124802,-0.330213733,-0.365828492,0.622765102,-0.588514275,-0.32353837,1
-0.902645512,-0.86043207,-1.181988297,-0.586083797,-1.339678653,0.087122786,-1.657471985,0.921162855,-0.508925931,0.457384117,0.674476417,0.604289863,-0.788240591,-0.311088663,-0.800580688,-0.781488916,-0.302462052,1.018843614,-0.646204118,0.602898942,-1.329097671,-0.315141115,-1.339434787,-0.32353837,1
0.090938375,-0.86043207,-1.181988297,-0.586083797,-1.339678653,0.087122786,-1.648759819,-0.104230403,-0.76749378,0.190905296,-0.754189269,0.604289863,-0.0453433,0.6216023,-0.238360219,-0.781488916,-0.724659511,0.644734572,-0.284151241,1.536011617,-1.329097671,-0.315141115,-1.039066582,-0.32353837,1
-1.083297128,-0.86043207,-1.181988297,-1.32243385,1.484791158,0.087122786,0.372260028,-0.446028155,-0.250358081,-0.875009989,-0.754189269,-1.304489412,-0.0453433,-0.311088663,0.061490697,-0.781488916,0.541932867,-0.726998583,-0.465177679,-0.330213733,-0.365828492,0.622765102,-0.588514275,0.632343664,1
-0.180039049,1.162206796,1.396606212,0.150266256,-1.339678653,0.087122786,-1.122788138,-1.129623661,-1.543197329,-1.14148881,1.38880926,0.604289863,-1.531137883,-0.311088663,-1.137912969,-0.781488916,1.808525246,-1.225810639,-1.008256994,-1.263326408,-0.365828492,-0.315141115,-1.114158633,0.632343664,1
-0.089713241,1.162206796,0.107308958,1.622966363,-1.339678653,-0.676732128,0.106032451,-0.446028155,0.525345467,0.190905296,-0.754189269,0.604289863,-0.0453433,-0.311088663,-0.688136594,-0.781488916,-0.724659511,0.644734572,0.077901636,-0.330213733,-1.329097671,-1.253047332,-1.714895043,0.632343664,1
-1.354274552,1.162206796,-1.181988297,-0.586083797,-0.398188716,-0.676732128,0.405285214,-1.001449504,0.266777618,-1.14148881,-0.754189269,0.604289863,-1.531137883,-1.243779626,0.098972062,-0.781488916,1.386327786,-0.477592555,-0.284151241,-0.330213733,0.597440687,1.560671319,-0.137961968,-0.32353837,1
-1.083297128,-0.86043207,0.107308958,-0.586083797,-1.339678653,0.8509777,-0.199298568,-0.146955122,-0.638209856,-0.875009989,0.317309996,-1.304489412,-0.0453433,0.6216023,1.710670739,-0.781488916,-0.302462052,-0.35288954,1.164060267,-1.263326408,0.597440687,-1.253047332,1.138602902,1.588225698,1
0.723219031,-0.86043207,1.396606212,-0.586083797,-1.339678653,0.087122786,-1.663347632,0.579365102,0.396061543,-0.342052346,0.317309996,-1.304489412,-0.0453433,-0.311088663,-1.287838428,-0.781488916,-0.302462052,0.520031558,0.439954513,0.602898942,-0.365828492,-0.315141115,1.363879055,0.632343664,1
0.000612567,-0.86043207,0.107308958,0.150266256,0.543301221,-1.440587041,0.769170091,0.963887574,-0.250358081,-0.875009989,-1.468522111,-0.350099774,-0.788240591,-1.243779626,0.286378885,-0.781488916,-0.724659511,-0.976404611,-1.732362748,0.602898942,-1.329097671,-0.315141115,0.012222134,-0.32353837,1
0.813544839,-0.86043207,1.396606212,-0.586083797,0.543301221,0.087122786,-0.958675248,1.562033641,-1.284629479,-1.674446452,0.674476417,-1.304489412,-0.0453433,0.6216023,-0.613173865,-0.781488916,0.119735408,0.145922516,0.258928075,0.602898942,0.597440687,0.622765102,0.763142646,0.632343664,1
0.632893223,1.162206796,1.396606212,-0.586083797,0.543301221,0.8509777,-0.103464744,0.579365102,0.137493693,-0.342052346,-1.468522111,0.604289863,-1.531137883,-1.243779626,-0.088434761,1.27960868,0.541932867,-1.225810639,0.80200739,0.602898942,-0.365828492,0.622765102,1.06351085,-0.32353837,1
0.361915799,-0.86043207,-1.181988297,-0.586083797,1.484791158,0.087122786,0.347744399,-0.574202313,-0.379642006,-0.342052346,0.317309996,-0.350099774,0.697553992,-0.311088663,0.436304343,1.27960868,0.541932867,-0.851701597,-0.103124802,0.602898942,-0.365828492,-0.315141115,0.012222134,-0.32353837,1
0.452241607,-0.86043207,-1.181988297,-0.586083797,-0.398188716,0.087122786,-0.586280814,1.433859484,-1.155345555,-0.075573525,-0.754189269,1.5586795,-0.788240591,-1.243779626,-1.100431605,1.27960868,0.541932867,0.769437586,0.258928075,0.602898942,-0.365828492,0.622765102,0.537866492,0.632343664,1
-0.180039049,-0.86043207,-1.181988297,0.150266256,0.543301221,-1.440587041,-0.139123841,-0.873275346,0.654629392,0.190905296,1.38880926,0.604289863,0.697553992,0.6216023,-0.688136594,1.27960868,-1.146856971,0.520031558,-1.008256994,-1.263326408,-0.365828492,-0.315141115,-0.738698378,0.632343664,1
0.723219031,-0.86043207,0.107308958,-0.586083797,0.543301221,-0.676732128,-0.702578096,-0.403303436,0.396061543,-0.608531167,0.317309996,-0.350099774,-0.0453433,-0.311088663,-0.838062053,-0.781488916,0.541932867,-1.101107625,-1.008256994,1.536011617,-0.365828492,0.622765102,-0.663606326,-1.279420405,1
-0.089713241,1.162206796,0.107308958,0.886616309,1.484791158,1.614832614,0.944629057,0.408466226,-0.508925931,0.190905296,-0.397022847,-0.350099774,0.697553992,-0.311088663,-0.013472032,-0.781488916,0.541932867,0.644734572,0.983033829,1.536011617,0.597440687,-1.253047332,-0.288146071,-1.279420405,1
-0.270364857,-0.86043207,0.107308958,0.886616309,0.543301221,-0.676732128,0.846161323,-0.659651751,-0.508925931,0.190905296,0.317309996,1.5586795,-0.788240591,0.6216023,-1.100431605,-0.781488916,-0.724659511,-0.726998583,-1.189283433,-0.330213733,-0.365828492,-0.315141115,0.988418799,-0.32353837,1
-1.263948744,-0.86043207,-1.181988297,-0.586083797,-1.339678653,-0.676732128,-0.857776212,1.262960608,1.042481167,0.99034176,0.674476417,-1.304489412,0.697553992,1.554293264,-0.013472032,-0.781488916,-1.146856971,1.143546628,-0.284151241,-1.263326408,-0.365828492,-1.253047332,-0.738698378,-0.32353837,1
1.265173879,1.162206796,-1.181988297,0.150266256,-1.339678653,0.8509777,1.664902296,0.622089822,-1.413913404,-1.407967631,1.031642839,-1.304489412,-1.531137883,-1.243779626,-0.838062053,-0.781488916,-0.724659511,1.517655671,-1.189283433,0.602898942,-1.329097671,-1.253047332,-0.813790429,-1.279420405,1
-0.360690665,-0.86043207,-1.181988297,0.150266256,-1.339678653,-1.440587041,0.128116778,1.519308922,-1.801765179,-0.608531167,1.38880926,-1.304489412,-0.0453433,-0.311088663,0.548748437,-0.781488916,-0.724659511,-1.475216667,-0.284151241,-0.330213733,0.597440687,0.622765102,-1.414526838,-0.32353837,1
1.174848071,1.162206796,0.107308958,-1.32243385,0.543301221,0.087122786,0.148377629,0.408466226,-0.76749378,0.457384117,-0.039856426,-0.350099774,-0.788240591,-1.243779626,-0.463248407,1.27960868,-0.724659511,0.769437586,-0.827230556,-0.330213733,-1.329097671,-1.253047332,0.237498288,0.632343664,1
-0.902645512,-0.86043207,-1.181988297,0.150266256,-0.398188716,0.087122786,1.266776582,-1.471421413,1.301049016,0.99034176,-0.397022847,1.5586795,1.440451283,0.6216023,0.098972062,-0.781488916,0.964130327,-0.35288954,-1.55133631,-1.263326408,-1.329097671,-1.253047332,-0.137961968,0.632343664,1
-0.360690665,-0.86043207,1.396606212,0.150266256,-1.339678653,0.087122786,-1.129069001,-1.471421413,-1.284629479,-0.875009989,1.745975682,-0.350099774,-1.531137883,-0.311088663,-1.400282521,-0.781488916,1.386327786,-1.101107625,-1.189283433,-0.330213733,-0.365828492,0.622765102,-0.88888248,0.632343664,1
-0.360690665,-0.86043207,1.396606212,0.150266256,0.543301221,-1.440587041,1.496737236,-0.146955122,0.654629392,-1.674446452,-0.754189269,-0.350099774,-1.531137883,0.6216023,-0.425767042,-0.781488916,-1.56905443,0.644734572,-1.370309871,0.602898942,-1.329097671,-0.315141115,-0.738698378,-1.279420405,1
0.542567415,-0.86043207,0.107308958,0.150266256,-0.398188716,0.8509777,0.25798883,-0.317853998,0.266777618,-0.875009989,1.031642839,-0.350099774,0.697553992,0.6216023,0.623711166,1.27960868,-1.56905443,0.520031558,0.439954513,-1.263326408,-1.329097671,-1.253047332,0.237498288,-1.279420405,1
-0.089713241,-0.86043207,1.396606212,0.150266256,-0.398188716,-1.440587041,1.512135482,-0.189679841,-1.284629479,-0.342052346,-0.397022847,1.5586795,0.697553992,-0.311088663,-0.350804313,-0.781488916,-1.146856971,-0.851701597,0.258928075,0.602898942,-0.365828492,-1.253047332,-0.213054019,1.588225698,1
0.632893223,-0.86043207,0.107308958,0.886616309,-0.398188716,0.087122786,-1.639034611,-1.129623661,0.525345467,-1.674446452,-0.397022847,-1.304489412,-0.0453433,-0.311088663,-1.55020798,-0.781488916,-1.146856971,-0.726998583,-1.370309871,-0.330213733,-1.329097671,-1.253047332,0.688050595,-0.32353837,1
-0.902645512,1.162206796,-1.181988297,-1.32243385,-0.398188716,-0.676732128,-0.857776212,1.006612293,1.171765091,0.723862938,1.031642839,-1.304489412,0.697553992,0.6216023,0.586229802,-0.781488916,-1.56905443,0.8941406,-1.008256994,-1.263326408,-0.365828492,-1.253047332,-0.88888248,-1.279420405,1
0.723219031,-0.86043207,0.107308958,1.622966363,0.543301221,-1.440587041,0.107045494,-0.018780965,0.783913317,-1.407967631,-0.397022847,-0.350099774,1.440451283,-1.243779626,-0.987987511,1.27960868,-0.724659511,1.392952657,-0.465177679,-1.263326408,-0.365828492,0.622765102,-1.114158633,-0.32353837,1
0.542567415,-0.86043207,0.107308958,-1.32243385,-1.339678653,-0.676732128,-1.337958371,1.13478645,-0.76749378,0.190905296,-0.039856426,0.604289863,-1.531137883,-1.243779626,-0.388285678,-0.781488916,-0.724659511,0.644734572,0.077901636,0.602898942,1.560709866,1.560671319,0.462774441,-1.279420405,1
0.000612567,-0.86043207,-1.181988297,-1.32243385,-0.398188716,-0.676732128,0.227800163,-1.300522537,-1.543197329,1.523299402,-0.039856426,-1.304489412,-0.788240591,0.6216023,0.323860249,1.27960868,0.964130327,1.143546628,0.80200739,-1.263326408,0.597440687,-1.253047332,-0.137961968,-0.32353837,1
0.994196455,-0.86043207,0.107308958,0.886616309,-0.398188716,-0.676732128,0.279667941,-0.70237647,-0.379642006,0.457384117,0.674476417,-0.350099774,0.697553992,0.6216023,-1.06295024,-0.781488916,0.964130327,0.021219502,1.345086706,0.602898942,-1.329097671,-0.315141115,0.988418799,-1.279420405,1
0.000612567,1.162206796,0.107308958,1.622966363,-1.339678653,-0.676732128,0.112110706,-0.916000065,0.913197242,0.190905296,-1.11135569,0.604289863,0.697553992,0.6216023,-1.512726615,-0.781488916,-1.146856971,1.018843614,1.345086706,-0.330213733,-1.329097671,-1.253047332,-1.714895043,0.632343664,1
0.452241607,1.162206796,0.107308958,-0.586083797,-1.339678653,0.087122786,-1.069096884,-0.488752875,-0.250358081,0.457384117,-0.754189269,-0.350099774,0.697553992,-1.243779626,0.286378885,1.27960868,-0.302462052,-0.976404611,-1.189283433,-1.263326408,-1.329097671,-1.253047332,-0.288146071,0.632343664,1
0.181264183,-0.86043207,0.107308958,0.886616309,0.543301221,0.8509777,1.485998985,-0.787825908,-0.379642006,-0.075573525,1.031642839,0.604289863,-0.0453433,-1.243779626,1.073487541,-0.781488916,-1.56905443,-0.103483512,0.983033829,-0.330213733,0.597440687,-0.315141115,0.38768239,0.632343664,1
1.265173879,1.162206796,0.107308958,-0.586083797,-0.398188716,0.087122786,-1.304325359,-0.275129279,1.042481167,-0.342052346,-1.468522111,-1.304489412,0.697553992,-1.243779626,-1.512726615,-0.781488916,-0.302462052,-0.477592555,0.258928075,-0.330213733,1.560709866,-1.253047332,0.838234697,-1.279420405,1
0.723219031,-0.86043207,0.107308958,-0.586083797,-0.398188716,0.087122786,1.162433201,1.17751117,-0.379642006,0.190905296,-0.397022847,-1.304489412,1.440451283,-1.243779626,0.848599354,1.27960868,-0.302462052,0.769437586,-0.465177679,-1.263326408,0.597440687,0.622765102,1.213694953,0.632343664,1
0.903870647,-0.86043207,1.396606212,-1.32243385,-1.339678653,0.087122786,-1.681582397,1.220235889,0.266777618,0.457384117,0.317309996,-0.350099774,-0.0453433,-0.311088663,-1.06295024,-0.781488916,0.541932867,0.8941406,1.526113144,0.602898942,1.560709866,-0.315141115,1.438971106,1.588225698,1
1.445825495,1.162206796,0.107308958,0.150266256,-0.398188716,0.8509777,-1.29601841,-0.574202313,1.430332941,-0.608531167,-1.468522111,-1.304489412,0.697553992,-1.243779626,-1.437763886,-0.781488916,-0.302462052,-0.477592555,0.258928075,-1.263326408,0.597440687,-1.253047332,0.838234697,-1.279420405,1
-1.354274552,-0.86043207,-1.181988297,-0.586083797,-0.398188716,-0.676732128,-0.375567968,0.750263979,0.913197242,0.723862938,0.674476417,-0.350099774,0.697553992,-1.243779626,-0.238360219,-0.781488916,-0.302462052,0.644734572,0.983033829,-0.330213733,0.597440687,-1.253047332,1.213694953,-1.279420405,1
-0.99297132,1.162206796,-1.181988297,-0.586083797,-0.398188716,-0.676732128,0.396978266,0.365741507,-0.638209856,-1.14148881,0.674476417,-1.304489412,-1.531137883,-1.243779626,-0.500729771,-0.781488916,1.386327786,0.8941406,-0.827230556,-0.330213733,0.597440687,1.560671319,-0.213054019,-0.32353837,1
-0.631668089,-0.86043207,0.107308958,-1.32243385,-0.398188716,-1.440587041,0.821848303,0.152117912,-0.379642006,0.457384117,-0.397022847,-0.350099774,0.697553992,-1.243779626,0.323860249,-0.781488916,-0.302462052,0.395328544,-0.284151241,-1.263326408,-0.365828492,-1.253047332,-0.513422224,-0.32353837,1
0.181264183,1.162206796,-1.181988297,-1.32243385,-1.339678653,0.087122786,0.489367744,-1.129623661,0.783913317,-1.14148881,-0.039856426,-0.350099774,-1.531137883,0.6216023,1.448301187,-0.781488916,0.964130327,1.268249643,1.526113144,-1.263326408,0.597440687,0.622765102,-0.813790429,-0.32353837,1
0.361915799,1.162206796,-1.181988297,0.150266256,-1.339678653,-0.676732128,0.420278244,1.262960608,-1.155345555,0.190905296,-0.039856426,0.604289863,-1.531137883,0.6216023,0.136453427,-0.781488916,0.541932867,-0.976404611,0.439954513,-0.330213733,-0.365828492,1.560671319,1.438971106,-0.32353837,1
-0.812319705,1.162206796,-1.181988297,-1.32243385,0.543301221,0.8509777,0.373678287,-0.403303436,0.008209768,0.99034176,0.674476417,-1.304489412,0.697553992,-1.243779626,1.110968906,1.27960868,1.386327786,-0.35288954,0.620980952,0.602898942,-1.329097671,0.622765102,-0.513422224,-1.279420405,1
0.452241607,-0.86043207,0.107308958,-0.586083797,-0.398188716,0.8509777,-1.621002454,-0.360578717,-0.250358081,0.457384117,0.317309996,-1.304489412,-0.788240591,-1.243779626,0.511267072,-0.781488916,-0.724659511,0.520031558,-0.646204118,0.602898942,-0.365828492,0.622765102,0.087314185,0.632343664,1
0.632893223,1.162206796,0.107308958,0.150266256,-0.398188716,0.8509777,1.059305472,-1.001449504,-0.638209856,-0.075573525,0.674476417,-1.304489412,0.697553992,-1.243779626,-1.06295024,1.27960868,-0.302462052,0.021219502,-0.284151241,0.602898942,-1.329097671,1.560671319,-0.588514275,-0.32353837,1
0.813544839,-0.86043207,-1.181988297,-1.32243385,-0.398188716,-1.440587041,0.481060796,-1.685045009,1.559616866,-0.342052346,-0.754189269,-1.304489412,-0.0453433,-1.243779626,1.335857093,-0.781488916,0.541932867,-0.103483512,0.439954513,-0.330213733,-0.365828492,-0.315141115,-0.288146071,-0.32353837,1
0.723219031,-0.86043207,-1.181988297,0.886616309,-0.398188716,-0.676732128,1.421772089,0.493915664,1.042481167,-0.075573525,0.674476417,-1.304489412,0.697553992,0.6216023,-0.838062053,1.27960868,-1.146856971,0.395328544,1.526113144,-1.263326408,-0.365828492,1.560671319,-0.963974531,-0.32353837,1
-0.631668089,-0.86043207,-1.181988297,0.886616309,0.543301221,0.087122786,-0.455800936,-0.659651751,1.042481167,-0.875009989,-0.754189269,-1.304489412,1.440451283,-0.311088663,-0.838062053,-0.781488916,-1.146856971,0.27062553,-0.103124802,-1.263326408,0.597440687,-1.253047332,0.913326748,0.632343664,1
0.723219031,-0.86043207,-1.181988297,-0.586083797,-1.339678653,0.087122786,1.062547208,0.792988698,0.913197242,0.723862938,-0.754189269,-1.304489412,0.697553992,0.6216023,0.098972062,-0.781488916,0.119735408,0.644734572,0.620980952,1.536011617,-1.329097671,-1.253047332,-0.738698378,-0.32353837,1
1.355499687,-0.86043207,1.396606212,-0.586083797,-0.398188716,-1.440587041,-0.968400456,0.750263979,0.266777618,-0.608531167,-0.754189269,-1.304489412,0.697553992,0.6216023,-1.250357063,-0.781488916,0.119735408,-0.851701597,-0.284151241,1.536011617,0.597440687,0.622765102,-0.288146071,-0.32353837,1
0.994196455,-0.86043207,-1.181988297,0.150266256,0.543301221,0.087122786,-1.590408569,-1.001449504,-1.413913404,0.99034176,-1.468522111,0.604289863,-1.531137883,-1.243779626,-0.050953396,-0.781488916,-1.146856971,-0.726998583,0.80200739,0.602898942,0.597440687,1.560671319,0.988418799,-1.279420405,1
0.181264183,-0.86043207,1.396606212,0.886616309,-1.339678653,-1.440587041,0.109679404,-0.787825908,0.783913317,0.190905296,-1.468522111,0.604289863,0.697553992,0.6216023,-1.400282521,-0.781488916,-1.146856971,0.8941406,1.164060267,0.602898942,-1.329097671,-1.253047332,-1.639802992,0.632343664,1
-1.173622936,1.162206796,-1.181988297,0.150266256,-0.398188716,0.087122786,0.486733834,0.921162855,-1.413913404,1.523299402,-0.754189269,-0.350099774,-1.531137883,-1.243779626,1.185931635,1.27960868,-0.724659511,-0.103483512,-0.103124802,-0.330213733,0.597440687,-1.253047332,-0.438330173,-0.32353837,1
0.452241607,-0.86043207,0.107308958,-0.586083797,0.543301221,0.8509777,-0.589927767,0.622089822,-0.250358081,-0.608531167,0.317309996,-0.350099774,0.697553992,-1.243779626,1.373338458,-0.781488916,-0.724659511,0.27062553,0.258928075,0.602898942,-0.365828492,-1.253047332,1.514063157,0.632343664,1
0.903870647,-0.86043207,-1.181988297,-0.586083797,0.543301221,1.614832614,0.225976687,-0.659651751,0.008209768,0.723862938,1.38880926,-1.304489412,0.697553992,0.6216023,0.73615526,1.27960868,-0.302462052,0.27062553,0.620980952,-1.263326408,-0.365828492,-0.315141115,-0.288146071,-1.279420405,1
0.181264183,1.162206796,0.107308958,-0.586083797,-1.339678653,-0.676732128,-1.345860103,1.348410046,-1.672481254,0.723862938,0.317309996,-0.350099774,-1.531137883,-1.243779626,0.098972062,-0.781488916,-0.724659511,0.769437586,0.439954513,0.602898942,0.597440687,0.622765102,0.38768239,-1.279420405,1
-0.631668089,-0.86043207,0.107308958,0.150266256,-0.398188716,-0.676732128,1.500992015,0.493915664,-0.896777705,-1.674446452,-0.754189269,0.604289863,-0.0453433,0.6216023,0.886080718,1.27960868,-1.56905443,0.021219502,0.077901636,-0.330213733,-1.329097671,-1.253047332,0.087314185,0.632343664,1
0.813544839,-0.86043207,1.396606212,0.886616309,-0.398188716,-1.440587041,0.094281158,0.23756735,-0.379642006,0.190905296,-1.468522111,0.604289863,-0.0453433,-0.311088663,-0.275841584,-0.781488916,-1.146856971,-0.35288954,-0.284151241,0.602898942,-0.365828492,-0.315141115,-1.114158633,-0.32353837,1
-0.631668089,-0.86043207,-1.181988297,-1.32243385,1.484791158,0.8509777,0.347339182,-0.70237647,-0.508925931,0.99034176,0.674476417,-0.350099774,0.697553992,-1.243779626,1.298375729,-0.781488916,0.964130327,0.021219502,0.983033829,0.602898942,-1.329097671,0.622765102,-0.813790429,-0.32353837,1
0.632893223,1.162206796,-1.181988297,0.150266256,-1.339678653,0.087122786,-0.773491073,1.13478645,0.266777618,-0.342052346,-0.039856426,-0.350099774,1.440451283,-1.243779626,-0.950506146,-0.781488916,-0.724659511,1.018843614,0.077901636,1.536011617,-0.365828492,-0.315141115,0.838234697,1.588225698,1
0.361915799,-0.86043207,0.107308958,0.886616309,0.543301221,-1.440587041,-0.934970053,-1.001449504,-1.543197329,-0.075573525,-0.039856426,0.604289863,-1.531137883,0.6216023,-1.512726615,-0.781488916,0.964130327,0.395328544,-1.732362748,0.602898942,0.597440687,-1.253047332,-0.137961968,0.632343664,1
-1.263948744,-0.86043207,-1.181988297,-0.586083797,0.543301221,-1.440587041,0.920518645,1.006612293,-0.379642006,-1.14148881,-1.468522111,0.604289863,-1.531137883,-1.243779626,1.448301187,1.27960868,0.119735408,-1.724622695,-1.008256994,-0.330213733,0.597440687,-1.253047332,-1.489618889,-1.279420405,1
0.542567415,-0.86043207,0.107308958,0.150266256,1.484791158,0.8509777,1.500384189,-0.360578717,0.266777618,-0.075573525,0.317309996,-0.350099774,0.697553992,-1.243779626,1.036006177,-0.781488916,-0.302462052,-0.103483512,0.80200739,-1.263326408,-1.329097671,-0.315141115,-1.264342736,0.632343664,1
0.542567415,-0.86043207,0.107308958,-1.32243385,0.543301221,0.8509777,-0.592561678,0.835713417,0.266777618,-0.608531167,0.317309996,-0.350099774,0.697553992,-1.243779626,1.185931635,-0.781488916,-0.724659511,0.395328544,-0.103124802,0.602898942,-0.365828492,-1.253047332,1.438971106,0.632343664,1
0.632893223,1.162206796,0.107308958,0.150266256,-1.339678653,0.087122786,-1.257725403,-0.659651751,0.396061543,-1.674446452,-0.039856426,-1.304489412,0.697553992,-0.311088663,0.061490697,-0.781488916,-1.56905443,0.395328544,0.258928075,-1.263326408,0.597440687,-0.315141115,0.312590339,-1.279420405,1
-0.541342281,1.162206796,0.107308958,-0.586083797,-0.398188716,0.8509777,-0.372934057,-0.146955122,-0.638209856,0.723862938,1.031642839,-0.350099774,-0.788240591,-1.243779626,0.961043447,-0.781488916,0.964130327,0.8941406,-0.646204118,-0.330213733,-0.365828492,-1.253047332,-0.137961968,-0.32353837,1
-1.173622936,-0.86043207,-1.181988297,-1.32243385,1.484791158,0.087122786,0.372462636,-0.531477594,-0.379642006,-1.14148881,-0.754189269,-1.304489412,-0.788240591,-0.311088663,-0.013472032,-0.781488916,0.541932867,-0.851701597,-0.646204118,-0.330213733,0.597440687,0.622765102,-0.513422224,0.632343664,1
-1.354274552,-0.86043207,0.107308958,1.622966363,0.543301221,-1.440587041,0.048491635,0.536640383,-0.250358081,-1.407967631,1.031642839,1.5586795,0.697553992,-1.243779626,1.373338458,-0.781488916,0.541932867,0.520031558,0.258928075,0.602898942,-0.365828492,-0.315141115,-0.663606326,-1.279420405,1
0.632893223,-0.86043207,-1.181988297,0.150266256,-0.398188716,-0.676732128,1.421974697,-0.916000065,0.525345467,0.723862938,-0.754189269,-0.350099774,0.697553992,-1.243779626,-0.65065523,1.27960868,-1.146856971,-0.35288954,1.164060267,0.602898942,-0.365828492,0.622765102,-1.189250685,-1.279420405,1
-0.812319705,-0.86043207,-1.181988297,-0.586083797,-1.339678653,0.087122786,-1.657674593,0.835713417,-0.508925931,0.457384117,0.674476417,0.604289863,-0.788240591,-0.311088663,-0.688136594,-0.781488916,-0.302462052,1.018843614,-0.646204118,0.602898942,-1.329097671,-0.315141115,-1.414526838,-0.32353837,1
1.265173879,-0.86043207,0.107308958,-0.586083797,-1.339678653,0.087122786,0.651251941,0.70753926,0.783913317,-1.407967631,1.745975682,-0.350099774,-0.788240591,-1.243779626,0.061490697,-0.781488916,1.386327786,0.021219502,-1.370309871,-0.330213733,0.597440687,-0.315141115,-0.738698378,-1.279420405,1
1.445825495,1.162206796,-1.181988297,-1.32243385,-0.398188716,0.087122786,-0.732766764,1.262960608,-0.121074156,-1.14148881,1.031642839,0.604289863,0.697553992,-0.311088663,-1.325319792,-0.781488916,-0.302462052,0.145922516,-1.008256994,1.536011617,0.597440687,-0.315141115,-0.738698378,-1.279420405,1
-0.99297132,-0.86043207,-1.181988297,-0.586083797,-1.339678653,0.087122786,-1.654230249,1.262960608,-0.121074156,1.256820581,-0.039856426,0.604289863,-0.0453433,0.6216023,-1.512726615,-0.781488916,-1.146856971,1.018843614,-0.465177679,0.602898942,-1.329097671,-1.253047332,-1.039066582,-0.32353837,1
-1.354274552,1.162206796,-1.181988297,0.150266256,0.543301221,0.087122786,0.49807991,0.408466226,-1.543197329,1.256820581,0.317309996,-0.350099774,-1.531137883,0.6216023,1.185931635,-0.781488916,-0.302462052,1.642358685,1.526113144,-1.263326408,0.597440687,-1.253047332,-0.513422224,0.632343664,1
-0.270364857,-0.86043207,0.107308958,0.150266256,-0.398188716,-0.676732128,-1.075782964,-1.471421413,0.266777618,-0.342052346,-0.039856426,0.604289863,0.697553992,0.6216023,0.623711166,-0.781488916,-0.302462052,-1.101107625,-1.55133631,-0.330213733,-1.329097671,-0.315141115,0.537866492,0.632343664,1
1.355499687,1.162206796,-1.181988297,0.150266256,-1.339678653,0.8509777,1.713933554,0.365741507,-1.672481254,-1.407967631,-1.11135569,-1.304489412,-1.531137883,-1.243779626,-0.725617959,-0.781488916,-0.724659511,1.392952657,-0.284151241,-0.330213733,-1.329097671,-1.253047332,0.688050595,0.632343664,1
-0.541342281,1.162206796,-1.181988297,0.886616309,0.543301221,0.087122786,-0.60309732,0.70753926,0.008209768,0.457384117,-0.039856426,-0.350099774,-1.531137883,-0.311088663,-0.65065523,-0.781488916,-1.146856971,-1.599919681,-0.646204118,-1.263326408,-0.365828492,-1.253047332,1.814431362,-1.279420405,1
-0.721993897,1.162206796,0.107308958,-1.32243385,-1.339678653,0.8509777,-0.592966895,-0.958724784,-0.638209856,1.256820581,-1.468522111,-0.350099774,-0.0453433,-1.243779626,-1.175394334,-0.781488916,1.386327786,0.145922516,-1.370309871,-1.263326408,-1.329097671,0.622765102,0.688050595,-0.32353837,1
1.536151302,1.162206796,-1.181988297,0.150266256,-1.339678653,0.087122786,-0.762144997,1.092061731,-0.379642006,-1.14148881,-0.754189269,-0.350099774,0.697553992,-0.311088663,-1.400282521,-0.781488916,-0.302462052,0.769437586,0.80200739,1.536011617,0.597440687,-0.315141115,0.838234697,0.632343664,1
1.174848071,-0.86043207,0.107308958,-1.32243385,-0.398188716,-0.676732128,-1.407858306,-1.17234838,0.783913317,0.723862938,-0.039856426,-1.304489412,-1.531137883,0.6216023,1.748152104,1.27960868,0.964130327,-0.228186526,-0.465177679,-1.263326408,-1.329097671,-1.253047332,0.688050595,-1.279420405,1
-1.083297128,1.162206796,0.107308958,-0.586083797,0.543301221,-0.676732128,0.971778597,-1.129623661,-1.284629479,0.457384117,-0.039856426,-1.304489412,-0.0453433,-0.311088663,1.448301187,-0.781488916,-1.146856971,0.395328544,1.526113144,1.536011617,-0.365828492,-1.253047332,0.688050595,-0.32353837,1
-1.263948744,-0.86043207,-1.181988297,0.886616309,0.543301221,0.087122786,-1.081253394,-0.146955122,-0.250358081,-0.075573525,0.317309996,-1.304489412,-0.788240591,-0.311088663,-0.538211136,-0.781488916,0.119735408,0.395328544,0.077901636,-1.263326408,-1.329097671,-0.315141115,1.213694953,-1.279420405,1
0.542567415,-0.86043207,0.107308958,0.886616309,0.543301221,0.087122786,-0.955838729,1.519308922,0.008209768,-0.075573525,1.38880926,-0.350099774,-0.0453433,0.6216023,-0.913024782,-0.781488916,0.541932867,-0.477592555,1.164060267,-1.263326408,-1.329097671,-1.253047332,-1.189250685,0.632343664,1
-0.360690665,-0.86043207,-1.181988297,-1.32243385,-1.339678653,0.087122786,-1.663752849,1.562033641,0.008209768,0.99034176,0.317309996,0.604289863,-0.0453433,0.6216023,-1.325319792,-0.781488916,-0.302462052,1.268249643,0.439954513,0.602898942,-0.365828492,-0.315141115,-0.062869917,-0.32353837,1
0.632893223,1.162206796,1.396606212,-0.586083797,0.543301221,0.8509777,-0.096576055,0.579365102,0.396061543,-0.342052346,-1.468522111,0.604289863,-1.531137883,-1.243779626,0.098972062,1.27960868,0.541932867,-1.225810639,0.983033829,0.602898942,-0.365828492,0.622765102,1.06351085,-0.32353837,1
-0.902645512,-0.86043207,0.107308958,-0.586083797,-0.398188716,0.087122786,0.777882257,1.433859484,-0.250358081,-0.075573525,-0.039856426,0.604289863,-0.788240591,-1.243779626,-1.287838428,-0.781488916,-0.302462052,-0.477592555,0.439954513,0.602898942,-1.329097671,0.622765102,-0.88888248,-1.279420405,1
1.174848071,1.162206796,0.107308958,1.622966363,0.543301221,-0.676732128,0.266903605,-0.70237647,0.008209768,0.99034176,1.38880926,-0.350099774,0.697553992,1.554293264,-0.913024782,-0.781488916,0.964130327,0.145922516,1.345086706,0.602898942,-1.329097671,-0.315141115,1.138602902,-1.279420405,1
-0.99297132,-0.86043207,-1.181988297,0.150266256,0.543301221,-1.440587041,-0.106098655,1.519308922,0.654629392,0.99034176,-1.468522111,0.604289863,0.697553992,0.6216023,1.523263916,-0.781488916,-0.724659511,1.392952657,-0.284151241,-1.263326408,-0.365828492,-1.253047332,0.237498288,-0.32353837,1
-0.451016473,1.162206796,0.107308958,-0.586083797,0.543301221,-1.440587041,-0.802869307,-0.659651751,-0.379642006,-0.875009989,-0.754189269,-0.350099774,-0.0453433,-0.311088663,-0.875543417,1.27960868,0.541932867,1.517655671,-0.103124802,-1.263326408,0.597440687,0.622765102,0.838234697,-0.32353837,1
-0.631668089,-0.86043207,0.107308958,0.150266256,1.484791158,-0.676732128,1.504436359,-0.061505684,0.783913317,-1.407967631,-0.754189269,-1.304489412,-1.531137883,1.554293264,-0.838062053,-0.781488916,-1.56905443,0.520031558,-0.465177679,-0.330213733,-0.365828492,-0.315141115,-1.114158633,-0.32353837,1
1.265173879,-0.86043207,-1.181988297,0.886616309,0.543301221,-1.440587041,-1.620597237,0.23756735,1.301049016,-0.875009989,-1.468522111,1.5586795,-0.0453433,-1.243779626,-1.025468876,-0.781488916,1.808525246,0.27062553,-0.103124802,-1.263326408,0.597440687,-0.315141115,-1.189250685,-1.279420405,1
-1.354274552,-0.86043207,0.107308958,0.150266256,0.543301221,-0.676732128,-1.084292522,-1.64232029,1.430332941,-1.674446452,0.317309996,0.604289863,0.697553992,0.6216023,0.586229802,-0.781488916,0.541932867,-0.726998583,-1.370309871,-0.330213733,-1.329097671,-0.315141115,0.838234697,0.632343664,1
-0.721993897,1.162206796,1.396606212,0.150266256,-0.398188716,-0.676732128,-0.289054136,-0.958724784,-0.250358081,-0.342052346,-0.397022847,-1.304489412,-0.788240591,-1.243779626,0.698673895,-0.781488916,-1.146856971,0.395328544,0.80200739,-0.330213733,-1.329097671,-0.315141115,-0.438330173,0.632343664,1
0.271589991,-0.86043207,0.107308958,0.886616309,0.543301221,-0.676732128,1.380845171,-0.23240456,0.396061543,-0.342052346,-0.039856426,-0.350099774,-0.0453433,-1.243779626,-0.125916126,-0.781488916,-1.56905443,0.520031558,1.345086706,0.602898942,1.560709866,-0.315141115,-1.039066582,-1.279420405,1
1.355499687,-0.86043207,1.396606212,-0.586083797,-1.339678653,-1.440587041,-0.969413499,0.622089822,0.396061543,-0.342052346,-1.11135569,-1.304489412,0.697553992,0.6216023,-1.362801157,-0.781488916,0.119735408,-0.976404611,-0.284151241,1.536011617,0.597440687,0.622765102,-0.513422224,-0.32353837,1
0.181264183,1.162206796,-1.181988297,-1.32243385,0.543301221,0.8509777,1.658824041,0.921162855,-1.02606163,-0.075573525,1.38880926,-0.350099774,-0.0453433,-0.311088663,-0.987987511,-0.781488916,0.541932867,-0.103483512,-1.008256994,1.536011617,-0.365828492,0.622765102,-1.264342736,-0.32353837,1
0.723219031,-0.86043207,-1.181988297,-0.586083797,0.543301221,-0.676732128,0.134802859,0.579365102,-0.76749378,-0.075573525,0.317309996,-1.304489412,-0.788240591,-1.243779626,-0.913024782,1.27960868,-1.56905443,0.145922516,-0.103124802,-0.330213733,-1.329097671,-1.253047332,0.087314185,0.632343664,1
0.090938375,1.162206796,0.107308958,-0.586083797,0.543301221,0.087122786,0.848997842,-0.104230403,-0.508925931,0.457384117,-0.397022847,0.604289863,-0.0453433,-0.311088663,-0.125916126,-0.781488916,-0.724659511,-0.228186526,-1.008256994,-0.330213733,-0.365828492,-1.253047332,0.312590339,-1.279420405,1
-0.721993897,-0.86043207,0.107308958,0.150266256,-0.398188716,-0.676732128,1.504031142,0.23756735,-0.638209856,-1.674446452,-0.754189269,0.604289863,-0.0453433,0.6216023,0.623711166,-0.781488916,-1.146856971,0.021219502,0.077901636,-0.330213733,-1.329097671,-1.253047332,-0.062869917,1.588225698,1
1.355499687,-0.86043207,1.396606212,-0.586083797,-1.339678653,-1.440587041,-0.970223933,0.493915664,0.654629392,-0.342052346,-1.11135569,-1.304489412,0.697553992,0.6216023,-1.475245251,-0.781488916,0.119735408,-1.101107625,-0.284151241,1.536011617,0.597440687,0.622765102,-0.738698378,-0.32353837,1
0.723219031,-0.86043207,1.396606212,0.886616309,-0.398188716,-0.676732128,-1.166348966,0.792988698,0.008209768,0.99034176,-0.397022847,0.604289863,-0.788240591,0.6216023,0.511267072,-0.781488916,0.119735408,0.145922516,0.258928075,-0.330213733,0.597440687,0.622765102,-0.062869917,-0.32353837,1
0.903870647,-0.86043207,0.107308958,0.886616309,0.543301221,0.087122786,1.190798392,-0.317853998,-0.638209856,0.99034176,0.317309996,-1.304489412,-0.788240591,-0.311088663,-0.875543417,-0.781488916,-0.724659511,0.395328544,0.439954513,-0.330213733,-0.365828492,-1.253047332,-0.513422224,-0.32353837,1
-0.270364857,-0.86043207,0.107308958,0.150266256,1.484791158,0.8509777,1.496939844,1.519308922,-1.155345555,-1.674446452,0.317309996,-0.350099774,-1.531137883,0.6216023,1.036006177,-0.781488916,-1.56905443,-0.103483512,0.620980952,-1.263326408,-1.329097671,-0.315141115,-0.363238122,0.632343664,1
0.632893223,1.162206796,1.396606212,-1.32243385,0.543301221,-0.676732128,-0.305060208,-1.086898942,-0.638209856,1.256820581,-1.11135569,-0.350099774,0.697553992,-0.311088663,-0.388285678,-0.781488916,0.541932867,0.644734572,0.80200739,-1.263326408,0.597440687,0.622765102,-1.039066582,0.632343664,1
-1.173622936,-0.86043207,-1.181988297,-0.586083797,0.543301221,-0.676732128,0.382187845,-0.146955122,-0.638209856,-1.674446452,-0.754189269,-1.304489412,-1.531137883,-0.311088663,-0.500729771,-0.781488916,0.541932867,-0.228186526,-1.008256994,-0.330213733,1.560709866,1.560671319,-0.288146071,0.632343664,1
1.355499687,-0.86043207,-1.181988297,-0.586083797,0.543301221,0.087122786,-1.303312317,-0.23240456,1.559616866,-0.875009989,-1.11135569,-0.350099774,0.697553992,-1.243779626,-1.587689344,-0.781488916,-0.724659511,-0.35288954,-0.103124802,-1.263326408,1.560709866,-0.315141115,0.838234697,-0.32353837,1
-0.99297132,1.162206796,-1.181988297,0.150266256,-0.398188716,0.8509777,-1.076796007,1.220235889,-1.801765179,1.523299402,-0.039856426,-1.304489412,-1.531137883,-1.243779626,-1.55020798,-0.781488916,-0.302462052,1.268249643,1.345086706,-1.263326408,-1.329097671,-1.253047332,1.438971106,-1.279420405,1
-0.360690665,-0.86043207,-1.181988297,-0.586083797,-1.339678653,-0.676732128,-0.882899667,0.70753926,0.266777618,0.190905296,-0.039856426,-0.350099774,-0.788240591,-0.311088663,0.923562083,-0.781488916,-1.56905443,1.517655671,-0.646204118,-0.330213733,-0.365828492,-1.253047332,0.838234697,-0.32353837,1
0.000612567,-0.86043207,-1.181988297,0.150266256,-0.398188716,0.8509777,-0.335451484,1.348410046,0.913197242,1.256820581,-0.754189269,-1.304489412,-0.788240591,0.6216023,0.361341614,-0.781488916,-0.302462052,0.520031558,-1.189283433,-0.330213733,-0.365828492,-1.253047332,-0.663606326,-1.279420405,1
0.271589991,-0.86043207,0.107308958,-0.586083797,-1.339678653,0.087122786,0.293647928,-0.360578717,-0.76749378,-1.674446452,-0.039856426,-0.350099774,0.697553992,-0.311088663,-0.16339749,-0.781488916,-0.724659511,0.021219502,0.620980952,-1.263326408,-1.329097671,-0.315141115,0.012222134,-0.32353837,1
-0.180039049,-0.86043207,-1.181988297,-1.32243385,0.543301221,0.8509777,0.624305009,-0.830550627,0.137493693,1.256820581,1.031642839,-1.304489412,-1.531137883,-1.243779626,-0.313322948,-0.781488916,-0.302462052,-0.602295569,0.077901636,-0.330213733,-0.365828492,0.622765102,-1.489618889,-1.279420405,1
0.181264183,-0.86043207,-1.181988297,0.886616309,-0.398188716,0.8509777,-0.21388638,0.70753926,-0.508925931,0.723862938,-1.11135569,0.604289863,-1.531137883,-0.311088663,0.773636625,-0.781488916,-0.302462052,-1.350513653,0.258928075,-1.263326408,-1.329097671,-1.253047332,-0.588514275,-0.32353837,1
-0.541342281,-0.86043207,1.396606212,0.150266256,-0.398188716,-0.676732128,1.50159984,0.194842631,-0.76749378,-1.674446452,-0.754189269,0.604289863,0.697553992,-0.311088663,0.886080718,-0.781488916,-1.146856971,0.021219502,0.077901636,-0.330213733,-1.329097671,-1.253047332,0.012222134,0.632343664,1
1.174848071,1.162206796,1.396606212,1.622966363,-0.398188716,0.8509777,-1.122180312,0.323016788,0.654629392,-0.608531167,-0.754189269,1.5586795,-0.0453433,0.6216023,1.335857093,-0.781488916,-0.724659511,-1.599919681,0.077901636,-0.330213733,0.597440687,-1.253047332,1.739339311,-1.279420405,1
-0.180039049,1.162206796,-1.181988297,-0.586083797,-1.339678653,0.087122786,0.482479055,-0.146955122,0.008209768,-0.075573525,-1.11135569,-0.350099774,-0.788240591,-1.243779626,1.335857093,-0.781488916,0.119735408,-0.228186526,0.077901636,-0.330213733,0.597440687,-0.315141115,-0.663606326,-0.32353837,1
0.813544839,1.162206796,0.107308958,-0.586083797,-0.398188716,-1.440587041,-0.774098899,-0.360578717,-0.250358081,-1.407967631,-1.11135569,0.604289863,1.440451283,-0.311088663,-0.800580688,-0.781488916,0.119735408,1.268249643,0.258928075,-0.330213733,0.597440687,-0.315141115,1.514063157,-0.32353837,1
0.813544839,-0.86043207,0.107308958,1.622966363,0.543301221,-1.440587041,0.106437668,0.109393193,0.783913317,-1.674446452,-0.397022847,-0.350099774,1.440451283,-1.243779626,-0.950506146,1.27960868,-0.724659511,1.392952657,-0.646204118,-1.263326408,-0.365828492,0.622765102,-1.039066582,-0.32353837,1
0.632893223,1.162206796,0.107308958,0.150266256,-0.398188716,0.8509777,1.058697646,-1.044174223,-0.638209856,-0.075573525,0.674476417,-1.304489412,0.697553992,-1.243779626,-1.100431605,1.27960868,-0.302462052,0.021219502,-0.284151241,0.602898942,-1.329097671,1.560671319,-0.588514275,-0.32353837,1
0.813544839,-0.86043207,1.396606212,-0.586083797,-0.398188716,-1.440587041,-1.106376849,0.536640383,-0.896777705,-1.674446452,1.031642839,0.604289863,0.697553992,-0.311088663,0.848599354,-0.781488916,1.386327786,0.021219502,0.983033829,-1.263326408,-0.365828492,-1.253047332,-1.189250685,0.632343664,1
-0.721993897,-0.86043207,-1.181988297,-0.586083797,-0.398188716,-0.676732128,1.3172261,-0.745101189,-1.413913404,1.256820581,-0.397022847,-1.304489412,1.440451283,-0.311088663,1.710670739,-0.781488916,1.386327786,0.145922516,0.983033829,-0.330213733,0.597440687,-0.315141115,0.312590339,1.588225698,1
-1.263948744,-0.86043207,-1.181988297,-0.586083797,-1.339678653,-0.676732128,-0.857370995,1.006612293,0.525345467,1.256820581,0.317309996,-0.350099774,0.697553992,1.554293264,-0.950506146,-0.781488916,-0.724659511,1.143546628,0.80200739,-1.263326408,-0.365828492,-0.315141115,-0.363238122,0.632343664,1
0.361915799,1.162206796,0.107308958,0.886616309,-0.398188716,-0.676732128,-1.041542127,-0.70237647,-1.413913404,0.723862938,-1.11135569,0.604289863,-0.0453433,0.6216023,0.961043447,-0.781488916,-0.724659511,0.769437586,-0.646204118,0.602898942,0.597440687,-0.315141115,-0.963974531,-1.279420405,1
-0.99297132,1.162206796,0.107308958,0.150266256,-0.398188716,-1.440587041,1.188974915,-1.129623661,1.559616866,-1.674446452,-0.397022847,-1.304489412,-1.531137883,-1.243779626,-0.350804313,1.27960868,0.119735408,-1.849325709,1.345086706,0.602898942,0.597440687,0.622765102,-1.414526838,-0.32353837,1
0.361915799,-0.86043207,0.107308958,0.886616309,0.543301221,0.087122786,-0.955433512,1.476584203,-0.121074156,-0.342052346,1.38880926,-0.350099774,-0.0453433,0.6216023,-0.950506146,-0.781488916,0.541932867,-0.35288954,1.164060267,-1.263326408,-1.329097671,-1.253047332,-1.114158633,0.632343664,1
-0.99297132,1.162206796,1.396606212,0.150266256,-1.339678653,0.8509777,-1.120964661,-0.574202313,-0.250358081,-0.075573525,0.317309996,0.604289863,-1.531137883,-0.311088663,-0.313322948,-0.781488916,1.386327786,-0.726998583,-1.008256994,-0.330213733,0.597440687,0.622765102,-0.213054019,0.632343664,1
1.355499687,-0.86043207,0.107308958,-1.32243385,0.543301221,0.087122786,-0.716355475,1.305685327,0.008209768,-0.875009989,1.38880926,0.604289863,-0.0453433,-0.311088663,-1.175394334,-0.781488916,0.119735408,-0.103483512,-1.55133631,1.536011617,0.597440687,-0.315141115,-1.489618889,-1.279420405,1
0.994196455,1.162206796,1.396606212,-1.32243385,-0.398188716,-1.440587041,-1.103742938,1.006612293,-0.896777705,-1.407967631,0.674476417,0.604289863,1.440451283,-1.243779626,0.661192531,-0.781488916,1.386327786,0.145922516,1.164060267,-1.263326408,-0.365828492,-1.253047332,-1.489618889,0.632343664,1
-0.180039049,-0.86043207,-1.181988297,-0.586083797,-0.398188716,0.087122786,1.335663474,0.493915664,-0.896777705,0.723862938,-0.754189269,-0.350099774,0.697553992,0.6216023,0.998524812,-0.781488916,-0.302462052,0.520031558,1.164060267,0.602898942,0.597440687,0.622765102,-0.363238122,-0.32353837,1
-0.451016473,-0.86043207,0.107308958,-0.586083797,-0.398188716,-0.676732128,0.770588351,1.476584203,0.008209768,-0.342052346,-0.397022847,0.604289863,-1.531137883,-1.243779626,-1.100431605,-0.781488916,-0.302462052,-0.35288954,-0.103124802,0.602898942,-1.329097671,0.622765102,-0.738698378,-0.32353837,1
-1.173622936,1.162206796,0.107308958,-1.32243385,-0.398188716,0.087122786,0.376312198,-1.044174223,-0.121074156,0.99034176,0.317309996,-1.304489412,-0.0453433,-1.243779626,1.335857093,1.27960868,0.964130327,-0.851701597,0.983033829,0.602898942,-0.365828492,0.622765102,0.162406236,-1.279420405,1
0.994196455,1.162206796,0.107308958,0.150266256,0.543301221,1.614832614,0.209160181,0.066668473,0.008209768,0.457384117,0.674476417,-0.350099774,-0.0453433,0.6216023,1.036006177,1.27960868,-0.724659511,0.8941406,-0.465177679,-0.330213733,-1.329097671,-1.253047332,0.162406236,-1.279420405,1
-0.631668089,-0.86043207,1.396606212,0.150266256,-0.398188716,-0.676732128,-1.179315911,-0.958724784,0.396061543,-0.608531167,0.317309996,-1.304489412,1.440451283,0.6216023,-1.325319792,-0.781488916,-1.146856971,0.27062553,-0.465177679,-0.330213733,-0.365828492,-0.315141115,-0.438330173,0.632343664,1
0.271589991,1.162206796,1.396606212,1.622966363,-0.398188716,-1.440587041,-1.259143662,-1.086898942,1.171765091,-0.875009989,-1.468522111,-1.304489412,-0.0453433,-0.311088663,0.698673895,-0.781488916,0.964130327,1.268249643,0.258928075,-0.330213733,0.597440687,0.622765102,0.988418799,-1.279420405,1
-0.631668089,-0.86043207,-1.181988297,-0.586083797,-1.339678653,-0.676732128,0.137234161,1.13478645,-1.155345555,-0.342052346,1.031642839,-1.304489412,-0.0453433,-0.311088663,0.323860249,1.27960868,-0.302462052,-1.350513653,-0.284151241,-0.330213733,0.597440687,-0.315141115,-1.414526838,-1.279420405,1
-1.263948744,-0.86043207,0.107308958,-0.586083797,0.543301221,-0.676732128,0.979680329,-1.343247256,-1.02606163,0.723862938,-0.397022847,-1.304489412,-0.0453433,-0.311088663,1.560745281,-0.781488916,-1.146856971,0.021219502,1.345086706,1.536011617,-1.329097671,-1.253047332,0.612958543,-0.32353837,1
-1.354274552,-0.86043207,1.396606212,-1.32243385,-1.339678653,0.087122786,1.165067112,-1.300522537,-1.413913404,-0.075573525,-1.11135569,-1.304489412,1.440451283,-0.311088663,-0.987987511,-0.781488916,1.386327786,0.395328544,-0.827230556,-0.330213733,-0.365828492,0.622765102,0.312590339,0.632343664,1
0.723219031,1.162206796,0.107308958,-0.586083797,-0.398188716,-0.676732128,-1.048836033,-1.428696694,-0.76749378,-0.342052346,-0.039856426,-0.350099774,-0.0453433,-0.311088663,0.773636625,-0.781488916,-1.146856971,-0.477592555,-1.732362748,-0.330213733,-0.365828492,-0.315141115,0.537866492,-0.32353837,1
-0.089713241,1.162206796,-1.181988297,0.150266256,-0.398188716,0.8509777,-0.610796443,0.365741507,-0.379642006,0.190905296,-0.039856426,-0.350099774,-0.0453433,0.6216023,-0.425767042,-0.781488916,0.964130327,-0.976404611,0.077901636,-1.263326408,0.597440687,-1.253047332,-0.88888248,-1.279420405,1
1.174848071,-0.86043207,0.107308958,0.150266256,1.484791158,0.087122786,0.535562484,-0.275129279,0.654629392,-0.075573525,-1.11135569,0.604289863,-0.788240591,-0.311088663,-0.238360219,-0.781488916,0.119735408,-0.103483512,0.077901636,-0.330213733,0.597440687,0.622765102,1.739339311,-0.32353837,1
0.271589991,-0.86043207,0.107308958,0.150266256,-0.398188716,-1.440587041,-0.918558764,-0.488752875,-1.02606163,-0.075573525,-0.397022847,0.604289863,-1.531137883,-0.311088663,-0.500729771,1.27960868,0.119735408,1.018843614,-1.189283433,1.536011617,0.597440687,-1.253047332,0.688050595,0.632343664,1
0.090938375,-0.86043207,-1.181988297,0.150266256,1.484791158,-0.676732128,0.319379208,0.23756735,0.654629392,-1.674446452,0.674476417,1.5586795,-0.0453433,0.6216023,-0.388285678,-0.781488916,-1.146856971,0.769437586,-0.827230556,-0.330213733,-0.365828492,-0.315141115,0.312590339,-1.279420405,1
0.723219031,-0.86043207,1.396606212,0.886616309,-0.398188716,0.087122786,-1.16310723,0.194842631,-0.250358081,0.457384117,-0.039856426,0.604289863,-0.0453433,0.6216023,0.773636625,-0.781488916,0.964130327,0.644734572,0.258928075,-1.263326408,0.597440687,0.622765102,-1.039066582,-1.279420405,1
0.090938375,-0.86043207,0.107308958,0.886616309,-0.398188716,-1.440587041,-1.272515824,-0.488752875,1.042481167,-0.342052346,-1.11135569,-0.350099774,-0.788240591,-0.311088663,0.24889752,-0.781488916,0.541932867,0.769437586,0.80200739,-0.330213733,0.597440687,0.622765102,0.537866492,-1.279420405,1
-0.270364857,1.162206796,-1.181988297,0.150266256,-0.398188716,0.8509777,-1.07233862,0.365741507,-1.672481254,1.523299402,-0.039856426,-1.304489412,-0.788240591,-1.243779626,-0.800580688,-0.781488916,-0.724659511,0.27062553,0.258928075,-1.263326408,-1.329097671,-1.253047332,0.988418799,-0.32353837,1
-1.715577784,1.162206796,0.107308958,-1.32243385,-0.398188716,0.087122786,0.380364368,-1.813219166,-0.379642006,0.99034176,-0.397022847,-1.304489412,-0.788240591,-1.243779626,1.598226645,-0.781488916,0.541932867,-1.599919681,1.164060267,0.602898942,0.597440687,1.560671319,0.988418799,-1.279420405,1
-1.083297128,-0.86043207,1.396606212,-1.32243385,-0.398188716,0.8509777,1.170537541,-0.317853998,0.266777618,0.457384117,0.317309996,0.604289863,-1.531137883,0.6216023,-0.425767042,1.27960868,-0.302462052,-0.726998583,0.983033829,-0.330213733,0.597440687,1.560671319,-0.137961968,-0.32353837,1
-1.534926168,1.162206796,-1.181988297,-1.32243385,-0.398188716,0.087122786,0.401233044,-1.471421413,0.396061543,-0.608531167,-0.754189269,0.604289863,-0.788240591,-1.243779626,0.586229802,-0.781488916,1.386327786,-1.101107625,0.077901636,0.602898942,0.597440687,1.560671319,0.162406236,-1.279420405,1
0.452241607,-0.86043207,0.107308958,-0.586083797,0.543301221,0.8509777,-0.588712116,0.536640383,-0.508925931,-0.608531167,0.317309996,0.604289863,0.697553992,-1.243779626,1.485782552,-0.781488916,-1.146856971,0.27062553,0.439954513,0.602898942,0.597440687,-1.253047332,1.514063157,0.632343664,1
-1.715577784,1.162206796,0.107308958,-1.32243385,-0.398188716,-0.676732128,0.379959151,-1.770494447,-0.508925931,0.99034176,-0.039856426,-1.304489412,-1.531137883,-1.243779626,1.560745281,-0.781488916,0.541932867,-1.599919681,1.164060267,-0.330213733,0.597440687,1.560671319,0.988418799,-1.279420405,1
0.452241607,-0.86043207,0.107308958,0.886616309,-0.398188716,-1.440587041,-1.270084522,-1.001449504,1.301049016,-0.608531167,-1.468522111,-0.350099774,-0.788240591,-0.311088663,0.773636625,-0.781488916,0.964130327,1.268249643,0.620980952,-0.330213733,0.597440687,0.622765102,0.988418799,-1.279420405,1
-0.99297132,-0.86043207,0.107308958,-1.32243385,-0.398188716,1.614832614,1.336676516,-0.275129279,1.430332941,0.457384117,0.674476417,0.604289863,-0.788240591,0.6216023,1.14845027,-0.781488916,0.541932867,-1.350513653,0.80200739,0.602898942,0.597440687,-1.253047332,-0.213054019,-1.279420405,1
0.452241607,-0.86043207,0.107308958,-1.32243385,0.543301221,0.8509777,-0.674010297,1.049337012,1.042481167,0.723862938,1.031642839,0.604289863,-1.531137883,0.6216023,-0.275841584,-0.781488916,1.386327786,0.644734572,-1.008256994,1.536011617,-1.329097671,-0.315141115,-1.489618889,-0.32353837,1
0.632893223,-0.86043207,-1.181988297,1.622966363,-0.398188716,0.087122786,-0.24103592,0.536640383,-0.250358081,0.457384117,-0.754189269,-0.350099774,-1.531137883,-0.311088663,0.698673895,-0.781488916,-0.302462052,-0.602295569,0.258928075,-1.263326408,-1.329097671,-1.253047332,-1.114158633,-0.32353837,1
0.000612567,-0.86043207,0.107308958,1.622966363,0.543301221,0.087122786,0.098130719,0.365741507,0.008209768,-0.342052346,0.317309996,0.604289863,-1.531137883,-1.243779626,0.323860249,-0.781488916,-0.302462052,0.27062553,-1.55133631,-1.263326408,-0.365828492,-0.315141115,-1.489618889,-0.32353837,1
-1.354274552,1.162206796,-1.181988297,0.150266256,-0.398188716,-0.676732128,0.482884272,-0.446028155,1.042481167,-0.608531167,-0.754189269,-0.350099774,-0.788240591,-1.243779626,-1.137912969,1.27960868,-1.146856971,1.143546628,-1.008256994,0.602898942,-0.365828492,-1.253047332,-0.137961968,0.632343664,1
-0.089713241,-0.86043207,1.396606212,-1.32243385,-1.339678653,-0.676732128,1.152100167,0.70753926,-1.284629479,0.190905296,-1.11135569,-0.350099774,1.440451283,-0.311088663,1.073487541,1.27960868,-0.302462052,0.520031558,-0.827230556,-1.263326408,0.597440687,0.622765102,1.288787004,0.632343664,1
-0.541342281,-0.86043207,0.107308958,0.886616309,-0.398188716,-0.676732128,-0.842985791,0.835713417,0.137493693,-0.342052346,0.317309996,0.604289863,0.697553992,0.6216023,-0.688136594,-0.781488916,-0.302462052,0.27062553,1.164060267,-1.263326408,-0.365828492,0.622765102,1.213694953,0.632343664,1
0.903870647,-0.86043207,0.107308958,0.886616309,0.543301221,-0.676732128,0.281491417,-0.916000065,-0.379642006,1.256820581,1.031642839,-0.350099774,0.697553992,0.6216023,-0.950506146,-0.781488916,1.386327786,0.021219502,1.707139582,0.602898942,-1.329097671,0.622765102,1.06351085,-1.279420405,1
1.62647711,-0.86043207,-1.181988297,0.150266256,0.543301221,-0.676732128,-1.613505939,-0.275129279,0.913197242,-0.608531167,-1.468522111,0.604289863,-0.0453433,-0.311088663,-1.175394334,-0.781488916,0.964130327,0.644734572,1.526113144,-1.263326408,0.597440687,-1.253047332,-0.363238122,-1.279420405,1
0.632893223,1.162206796,1.396606212,-1.32243385,0.543301221,-0.676732128,-0.305870642,-1.044174223,-0.508925931,1.256820581,-1.11135569,-0.350099774,0.697553992,-0.311088663,-0.425767042,-0.781488916,0.541932867,0.520031558,0.80200739,-1.263326408,0.597440687,0.622765102,-0.963974531,0.632343664,1
0.000612567,-0.86043207,-1.181988297,0.150266256,0.543301221,0.8509777,-0.212670729,-0.531477594,-1.02606163,0.723862938,-1.468522111,1.5586795,-0.788240591,-0.311088663,0.398822979,-0.781488916,-0.302462052,-0.103483512,-1.189283433,0.602898942,-1.329097671,-0.315141115,0.312590339,0.632343664,1
1.084522263,-0.86043207,0.107308958,-0.586083797,0.543301221,-1.440587041,-1.036274306,-0.146955122,0.525345467,-1.407967631,-1.11135569,-1.304489412,-0.788240591,-0.311088663,-0.388285678,-0.781488916,0.541932867,-0.228186526,-0.646204118,-1.263326408,-0.365828492,-0.315141115,0.688050595,-0.32353837,1
-0.541342281,1.162206796,-1.181988297,0.150266256,-1.339678653,-0.676732128,0.404069563,0.835713417,-0.896777705,-0.608531167,0.674476417,-1.304489412,-1.531137883,-1.243779626,-0.350804313,-0.781488916,0.964130327,0.520031558,-0.465177679,-0.330213733,0.597440687,1.560671319,0.312590339,-0.32353837,1
1.084522263,-0.86043207,0.107308958,0.886616309,0.543301221,-1.440587041,0.810502226,1.562033641,0.137493693,0.190905296,1.031642839,0.604289863,-0.0453433,-1.243779626,-0.500729771,-0.781488916,-0.724659511,-0.228186526,-0.646204118,-1.263326408,0.597440687,0.622765102,-1.339434787,-0.32353837,1
0.994196455,-0.86043207,-1.181988297,-0.586083797,-1.339678653,-0.676732128,0.012832538,-0.531477594,-0.638209856,-0.342052346,-0.039856426,-0.350099774,-1.531137883,0.6216023,-0.875543417,-0.781488916,0.541932867,0.145922516,1.164060267,-1.263326408,0.597440687,-0.315141115,1.138602902,-0.32353837,1
-0.721993897,-0.86043207,-1.181988297,-0.586083797,-0.398188716,-0.676732128,1.317833925,-0.787825908,-1.413913404,1.523299402,-0.397022847,-1.304489412,1.440451283,-0.311088663,1.710670739,-0.781488916,1.386327786,0.145922516,0.983033829,-0.330213733,0.597440687,-0.315141115,0.38768239,1.588225698,1
-0.721993897,-0.86043207,-1.181988297,0.150266256,1.484791158,-1.440587041,-0.103667353,1.348410046,0.525345467,0.723862938,-1.468522111,0.604289863,0.697553992,0.6216023,1.260894364,1.27960868,-0.724659511,0.8941406,0.077901636,-1.263326408,-0.365828492,-1.253047332,0.462774441,-0.32353837,1
-1.44460036,-0.86043207,1.396606212,-1.32243385,-1.339678653,0.087122786,1.164256678,-1.385971975,-1.413913404,-0.075573525,-1.11135569,-0.350099774,0.697553992,0.6216023,-1.025468876,1.27960868,0.964130327,0.27062553,-0.827230556,-0.330213733,0.597440687,0.622765102,0.312590339,0.632343664,1
-0.270364857,-0.86043207,1.396606212,0.150266256,-1.339678653,0.087122786,-1.130487261,-1.514146132,-1.155345555,-0.875009989,1.745975682,-0.350099774,-1.531137883,-0.311088663,-1.400282521,-0.781488916,0.964130327,-1.101107625,-1.008256994,-0.330213733,-0.365828492,0.622765102,-0.88888248,0.632343664,1
-0.180039049,-0.86043207,0.107308958,-1.32243385,-0.398188716,-0.676732128,0.829952643,0.365741507,-0.379642006,0.457384117,-0.754189269,-0.350099774,0.697553992,-1.243779626,0.586229802,-0.781488916,-0.724659511,0.395328544,-0.465177679,-1.263326408,-0.365828492,-1.253047332,-0.663606326,-1.279420405,1
-1.534926168,-0.86043207,0.107308958,-1.32243385,-1.339678653,-0.676732128,0.798750933,0.451190945,-0.508925931,0.190905296,0.317309996,-0.350099774,-0.0453433,-1.243779626,-0.800580688,-0.781488916,-0.302462052,0.021219502,0.620980952,-1.263326408,-1.329097671,-0.315141115,-0.663606326,-0.32353837,1
-0.089713241,-0.86043207,-1.181988297,0.150266256,-0.398188716,0.087122786,-0.333628007,1.60475836,1.171765091,1.256820581,-1.11135569,-1.304489412,-0.788240591,0.6216023,0.136453427,-0.781488916,-0.302462052,0.520031558,-1.008256994,-0.330213733,0.597440687,-1.253047332,-0.513422224,-1.279420405,1
0.632893223,-0.86043207,-1.181988297,-1.32243385,-0.398188716,0.8509777,-0.704604181,0.622089822,1.042481167,-1.674446452,-1.11135569,0.604289863,-0.788240591,-0.311088663,0.473785708,-0.781488916,-0.724659511,0.27062553,0.80200739,1.536011617,-0.365828492,0.622765102,0.913326748,-1.279420405,1
-0.902645512,-0.86043207,-1.181988297,0.150266256,-0.398188716,-0.676732128,0.479845144,0.152117912,-1.155345555,0.723862938,-0.754189269,-0.350099774,-0.788240591,-0.311088663,1.185931635,1.27960868,-1.146856971,-0.35288954,-1.370309871,0.602898942,0.597440687,-0.315141115,-0.88888248,-0.32353837,1
1.084522263,1.162206796,0.107308958,0.150266256,0.543301221,-1.440587041,-0.488826123,-1.044174223,-0.121074156,-0.608531167,0.674476417,0.604289863,-0.788240591,-1.243779626,-1.400282521,-0.781488916,0.119735408,-1.475216667,-1.008256994,-1.263326408,-1.329097671,-1.253047332,1.514063157,0.632343664,1
0.361915799,-0.86043207,-1.181988297,0.150266256,-1.339678653,-0.676732128,1.722037895,-0.70237647,1.430332941,0.190905296,-0.039856426,0.604289863,0.697553992,-0.311088663,0.586229802,1.27960868,0.119735408,0.395328544,-0.284151241,-0.330213733,-1.329097671,-0.315141115,-0.963974531,-1.279420405,1
0.361915799,-0.86043207,0.107308958,0.150266256,1.484791158,-0.676732128,0.323228769,-1.257797818,-1.155345555,-0.342052346,0.317309996,0.604289863,-0.0453433,-0.311088663,0.661192531,-0.781488916,0.119735408,-1.101107625,0.258928075,-0.330213733,-0.365828492,-0.315141115,0.312590339,0.632343664,1
1.355499687,1.162206796,0.107308958,0.150266256,-0.398188716,0.087122786,-1.277175819,-1.086898942,0.783913317,-1.407967631,-0.039856426,-0.350099774,-0.0453433,-0.311088663,0.773636625,-0.781488916,-1.146856971,0.8941406,0.620980952,-1.263326408,0.597440687,-0.315141115,0.838234697,-1.279420405,1
0.361915799,1.162206796,0.107308958,0.150266256,-1.339678653,-1.440587041,-1.029183008,-0.916000065,-0.508925931,1.256820581,-0.397022847,-0.350099774,-0.788240591,0.6216023,0.286378885,-0.781488916,-0.302462052,-0.35288954,-1.189283433,0.602898942,-0.365828492,-0.315141115,0.312590339,-1.279420405,1
-1.173622936,-0.86043207,-1.181988297,-0.586083797,-0.398188716,-0.676732128,-0.393600125,0.878438136,0.913197242,0.723862938,-0.039856426,0.604289863,1.440451283,-1.243779626,-0.575692501,-0.781488916,-0.724659511,-0.35288954,1.345086706,-0.330213733,-0.365828492,-1.253047332,1.06351085,-1.279420405,1
-0.270364857,-0.86043207,0.107308958,0.886616309,-0.398188716,0.087122786,-0.296955867,-0.018780965,0.137493693,-0.075573525,-0.397022847,-1.304489412,-0.788240591,-0.311088663,1.036006177,1.27960868,-1.146856971,0.8941406,-0.103124802,-0.330213733,-1.329097671,-1.253047332,-0.663606326,-0.32353837,1
-1.173622936,-0.86043207,1.396606212,-0.586083797,0.543301221,-0.676732128,-1.081861219,-0.659651751,1.559616866,-1.407967631,-0.397022847,-0.350099774,0.697553992,-0.311088663,0.211416156,-0.781488916,0.964130327,-0.35288954,-1.008256994,-1.263326408,-0.365828492,-0.315141115,0.162406236,0.632343664,1
0.361915799,1.162206796,1.396606212,0.886616309,-0.398188716,0.8509777,-1.638224177,-0.916000065,0.396061543,-1.14148881,-0.039856426,-1.304489412,-0.0453433,-0.311088663,-0.950506146,-0.781488916,-1.146856971,-0.228186526,-1.370309871,0.602898942,-1.329097671,-1.253047332,0.537866492,-0.32353837,1
1.355499687,-0.86043207,1.396606212,-0.586083797,-1.339678653,-1.440587041,-0.971642192,0.280292069,0.913197242,-0.075573525,-1.468522111,-1.304489412,0.697553992,0.6216023,-1.662652074,-0.781488916,0.119735408,-1.225810639,-0.284151241,1.536011617,0.597440687,0.622765102,-1.114158633,-0.32353837,1
0.452241607,-0.86043207,0.107308958,0.886616309,-0.398188716,1.614832614,1.311350453,-1.001449504,1.042481167,-0.342052346,-0.039856426,0.604289863,-1.531137883,0.6216023,0.436304343,-0.781488916,0.541932867,-0.726998583,1.164060267,0.602898942,-0.365828492,-1.253047332,0.312590339,-1.279420405,1
-1.625251976,-0.86043207,-1.181988297,-1.32243385,-1.339678653,0.8509777,1.722037895,-1.428696694,1.042481167,0.723862938,-0.397022847,0.604289863,-0.0453433,-1.243779626,-0.238360219,-0.781488916,-0.724659511,-1.101107625,0.077901636,-0.330213733,-1.329097671,0.622765102,-0.738698378,-0.32353837,1
0.090938375,-0.86043207,-1.181988297,0.886616309,-1.339678653,-0.676732128,1.715149205,-1.300522537,1.430332941,0.457384117,-0.397022847,0.604289863,0.697553992,0.6216023,-0.875543417,1.27960868,-0.302462052,-0.602295569,-0.646204118,0.602898942,-1.329097671,-0.315141115,-1.189250685,-1.279420405,1
-1.715577784,-0.86043207,-1.181988297,0.150266256,-0.398188716,-0.676732128,0.600397206,-0.830550627,-1.02606163,-0.608531167,-1.468522111,-0.350099774,1.440451283,-0.311088663,-0.725617959,-0.781488916,0.119735408,0.769437586,0.620980952,0.602898942,-0.365828492,0.622765102,0.237498288,-0.32353837,1
-1.534926168,-0.86043207,0.107308958,0.886616309,1.484791158,0.8509777,1.03235854,-0.745101189,0.266777618,1.256820581,-1.11135569,-1.304489412,-0.0453433,-0.311088663,0.886080718,-0.781488916,0.119735408,-0.976404611,0.983033829,0.602898942,-1.329097671,1.560671319,0.838234697,-0.32353837,1
1.355499687,1.162206796,0.107308958,-0.586083797,0.543301221,0.8509777,0.536778135,0.792988698,1.042481167,-0.075573525,-1.11135569,-0.350099774,-0.788240591,0.6216023,-0.500729771,-0.781488916,-0.724659511,0.145922516,0.80200739,0.602898942,0.597440687,-0.315141115,1.363879055,0.632343664,1
-1.534926168,-0.86043207,-1.181988297,-1.32243385,0.543301221,0.087122786,0.375501764,-1.215073099,-0.508925931,-0.608531167,-1.11135569,-1.304489412,-0.788240591,-0.311088663,0.436304343,-0.781488916,0.119735408,-1.350513653,-0.103124802,-0.330213733,0.597440687,1.560671319,0.237498288,-0.32353837,1
0.271589991,-0.86043207,-1.181988297,-0.586083797,0.543301221,0.087122786,-0.583646903,0.152117912,-1.543197329,-0.875009989,0.674476417,1.5586795,0.697553992,-1.243779626,1.823114833,-0.781488916,-1.146856971,-0.103483512,1.164060267,0.602898942,0.597440687,-1.253047332,1.589155209,0.632343664,1
-0.631668089,-0.86043207,-1.181988297,-0.586083797,0.543301221,-1.440587041,-0.112379518,1.305685327,0.137493693,0.723862938,-1.468522111,0.604289863,0.697553992,0.6216023,0.923562083,1.27960868,-0.724659511,0.644734572,-0.103124802,-1.263326408,-0.365828492,-1.253047332,0.462774441,-0.32353837,1
-1.534926168,1.162206796,0.107308958,-0.586083797,-0.398188716,-1.440587041,-0.404135767,0.451190945,0.654629392,0.190905296,-0.397022847,-1.304489412,1.440451283,-1.243779626,-0.688136594,-0.781488916,-0.724659511,0.8941406,1.345086706,-1.263326408,-0.365828492,-1.253047332,1.66424726,-0.32353837,1
1.174848071,1.162206796,-1.181988297,0.886616309,-1.339678653,0.087122786,1.691849227,-0.104230403,-1.543197329,-1.14148881,-0.754189269,-0.350099774,-0.788240591,-0.311088663,0.061490697,-0.781488916,-0.724659511,1.517655671,-0.465177679,-1.263326408,-0.365828492,-1.253047332,0.162406236,-0.32353837,1
0.903870647,-0.86043207,-1.181988297,0.886616309,0.543301221,-0.676732128,-0.501793067,-1.385971975,0.266777618,-1.14148881,1.031642839,-0.350099774,-0.0453433,-1.243779626,-1.325319792,-0.781488916,-0.724659511,-1.475216667,-1.189283433,-1.263326408,-1.329097671,-1.253047332,1.06351085,1.588225698,1
-0.270364857,-0.86043207,0.107308958,0.150266256,1.484791158,-1.440587041,1.495521585,0.023943754,0.654629392,-1.674446452,-0.397022847,-0.350099774,-1.531137883,1.554293264,-0.538211136,-0.781488916,-1.56905443,0.644734572,-1.370309871,-0.330213733,-1.329097671,-0.315141115,-0.88888248,-1.279420405,1
1.174848071,-0.86043207,0.107308958,-0.586083797,-0.398188716,0.8509777,-1.640047653,-1.471421413,-1.155345555,-1.14148881,-1.11135569,-1.304489412,-0.0453433,-1.243779626,1.073487541,1.27960868,-0.302462052,0.145922516,-0.284151241,1.536011617,-0.365828492,0.622765102,-0.88888248,0.632343664,1
0.090938375,-0.86043207,0.107308958,-0.586083797,-1.339678653,-0.676732128,-0.895056177,0.323016788,-0.250358081,-0.075573525,-0.397022847,0.604289863,-0.788240591,-0.311088663,0.961043447,-0.781488916,-1.56905443,1.642358685,-0.103124802,0.602898942,-0.365828492,-1.253047332,1.739339311,1.588225698,1
-0.631668089,-0.86043207,0.107308958,-0.586083797,-0.398188716,0.087122786,0.772411827,1.433859484,-0.121074156,-0.075573525,-0.397022847,0.604289863,-0.788240591,-1.243779626,-1.175394334,-0.781488916,-0.302462052,-0.477592555,-0.103124802,0.602898942,-1.329097671,0.622765102,-0.813790429,-1.279420405,1
-1.354274552,1.162206796,-1.181988297,-1.32243385,0.543301221,0.087122786,-0.852508391,0.365741507,-0.76749378,0.723862938,-0.039856426,-1.304489412,-0.788240591,-1.243779626,-1.475245251,-0.781488916,0.541932867,1.143546628,0.258928075,-0.330213733,-0.365828492,0.622765102,-0.88888248,-0.32353837,1
-0.451016473,-0.86043207,-1.181988297,0.150266256,-1.339678653,-0.676732128,0.121430697,1.220235889,-1.413913404,-0.608531167,1.38880926,-1.304489412,-0.0453433,-1.243779626,0.586229802,-0.781488916,-0.302462052,-1.225810639,-0.646204118,-0.330213733,-0.365828492,-0.315141115,-1.489618889,-0.32353837,1
0.542567415,-0.86043207,0.107308958,0.886616309,-1.339678653,-1.440587041,1.535232852,-0.531477594,0.008209768,-0.875009989,-0.754189269,-1.304489412,0.697553992,1.554293264,-0.725617959,-0.781488916,-0.302462052,1.143546628,0.80200739,-0.330213733,-1.329097671,0.622765102,0.312590339,0.632343664,1
-0.089713241,-0.86043207,-1.181988297,0.150266256,0.543301221,-0.676732128,-0.142162969,-0.916000065,0.783913317,-0.075573525,1.745975682,-0.350099774,-0.0453433,0.6216023,-0.950506146,-0.781488916,-1.146856971,0.395328544,-1.008256994,-0.330213733,-0.365828492,-0.315141115,-0.813790429,0.632343664,1
1.265173879,-0.86043207,-1.181988297,-1.32243385,0.543301221,0.087122786,-0.590535593,1.391134765,1.430332941,-1.407967631,0.317309996,0.604289863,-0.788240591,-1.243779626,0.136453427,-0.781488916,0.119735408,-1.350513653,0.077901636,1.536011617,-1.329097671,-1.253047332,0.012222134,0.632343664,1
-1.263948744,1.162206796,-1.181988297,0.150266256,0.543301221,0.087122786,0.48997557,0.835713417,-1.543197329,1.523299402,-0.397022847,-0.350099774,-1.531137883,-0.311088663,1.185931635,1.27960868,-0.724659511,0.395328544,0.439954513,-1.263326408,0.597440687,-1.253047332,-0.438330173,0.632343664,1
-0.631668089,-0.86043207,-1.181988297,-1.32243385,0.543301221,0.8509777,1.28055396,-0.958724784,1.68890079,-0.075573525,-1.11135569,1.5586795,0.697553992,-0.311088663,-0.913024782,-0.781488916,-0.302462052,0.769437586,-0.465177679,-1.263326408,0.597440687,0.622765102,0.688050595,-0.32353837,1
0.452241607,1.162206796,0.107308958,0.150266256,-0.398188716,-0.676732128,0.123051565,-0.403303436,0.396061543,0.190905296,-0.754189269,-0.350099774,-0.0453433,-0.311088663,-1.475245251,1.27960868,-1.56905443,0.8941406,0.620980952,0.602898942,-1.329097671,-1.253047332,-0.738698378,1.588225698,1
-0.812319705,-0.86043207,-1.181988297,-0.586083797,-1.339678653,-0.676732128,-0.871148373,1.092061731,0.913197242,0.190905296,0.674476417,-1.304489412,-0.0453433,0.6216023,0.848599354,-0.781488916,-1.56905443,1.392952657,-0.827230556,-0.330213733,-0.365828492,-1.253047332,-0.062869917,-0.32353837,1
1.174848071,1.162206796,0.107308958,-1.32243385,0.543301221,-0.676732128,-0.729930245,0.878438136,0.008209768,-1.14148881,1.031642839,1.5586795,0.697553992,-0.311088663,-1.137912969,-0.781488916,0.119735408,0.145922516,-1.370309871,0.602898942,1.560709866,0.622765102,-0.88888248,-1.279420405,1
-0.902645512,-0.86043207,0.107308958,-1.32243385,-1.339678653,-1.440587041,0.805842231,0.152117912,-0.121074156,0.190905296,-0.039856426,-0.350099774,-0.0453433,-1.243779626,-0.238360219,-0.781488916,-0.302462052,0.27062553,-0.103124802,-1.263326408,-1.329097671,-1.253047332,-0.588514275,-0.32353837,1
-1.625251976,1.162206796,-1.181988297,-1.32243385,0.543301221,0.8509777,0.631801524,-0.317853998,-0.896777705,-0.342052346,-0.397022847,-1.304489412,0.697553992,-0.311088663,-1.100431605,1.27960868,0.119735408,-0.35288954,-0.103124802,-0.330213733,-1.329097671,0.622765102,-1.714895043,-0.32353837,1
-1.263948744,-0.86043207,0.107308958,-0.586083797,-1.339678653,0.8509777,-0.19889335,-0.446028155,-1.155345555,-0.342052346,-0.397022847,-1.304489412,-0.788240591,-0.311088663,1.673189375,-0.781488916,-1.56905443,-0.726998583,0.80200739,-1.263326408,-0.365828492,-1.253047332,0.688050595,1.588225698,1
0.452241607,1.162206796,1.396606212,1.622966363,-1.339678653,0.087122786,-1.165943749,-0.061505684,-0.379642006,0.190905296,-0.039856426,0.604289863,0.697553992,0.6216023,0.698673895,-0.781488916,0.964130327,0.769437586,0.077901636,-1.263326408,0.597440687,0.622765102,-1.339434787,-1.279420405,1
1.084522263,1.162206796,0.107308958,-1.32243385,-0.398188716,-0.676732128,-1.395904404,-0.873275346,0.525345467,0.99034176,-0.039856426,-1.304489412,-1.531137883,0.6216023,1.63570801,-0.781488916,0.541932867,0.021219502,-0.465177679,-1.263326408,-1.329097671,-1.253047332,0.688050595,-1.279420405,1
-0.541342281,-0.86043207,-1.181988297,0.886616309,0.543301221,0.087122786,-0.459245281,-0.787825908,1.042481167,-0.875009989,-0.754189269,-1.304489412,1.440451283,-0.311088663,-0.800580688,-0.781488916,-1.146856971,0.145922516,-0.284151241,-1.263326408,0.597440687,-1.253047332,0.763142646,0.632343664,1
-0.089713241,1.162206796,-1.181988297,-0.586083797,0.543301221,0.8509777,1.019188987,-0.104230403,-0.379642006,-0.075573525,-0.397022847,-0.350099774,0.697553992,-0.311088663,-0.725617959,1.27960868,0.119735408,-1.101107625,0.620980952,1.536011617,-0.365828492,0.622765102,0.237498288,-1.279420405,1
1.62647711,-0.86043207,-1.181988297,0.150266256,0.543301221,-0.676732128,-1.609656378,-0.531477594,0.396061543,-0.342052346,-1.468522111,0.604289863,-0.788240591,-0.311088663,-0.950506146,-0.781488916,0.541932867,0.27062553,1.526113144,-1.263326408,0.597440687,-0.315141115,0.012222134,-1.279420405,1
0.994196455,-0.86043207,0.107308958,0.886616309,0.543301221,-0.676732128,-0.954217861,1.262960608,0.525345467,0.457384117,1.031642839,-1.304489412,0.697553992,0.6216023,-0.800580688,-0.781488916,0.119735408,-0.976404611,0.80200739,-1.263326408,-1.329097671,-1.253047332,-1.189250685,0.632343664,1
0.361915799,-0.86043207,-1.181988297,0.150266256,-1.339678653,0.8509777,1.233954004,-1.599595571,0.654629392,0.190905296,-0.397022847,1.5586795,1.440451283,0.6216023,0.473785708,-0.781488916,0.964130327,0.520031558,-1.55133631,-1.263326408,-1.329097671,-1.253047332,-0.588514275,0.632343664,1
1.445825495,1.162206796,0.107308958,0.150266256,-0.398188716,0.8509777,-1.290547981,-0.70237647,1.171765091,-1.14148881,-0.754189269,-1.304489412,0.697553992,-1.243779626,-0.725617959,-0.781488916,-0.724659511,-0.103483512,0.439954513,-1.263326408,0.597440687,-1.253047332,0.838234697,-1.279420405,1
0.542567415,-0.86043207,-1.181988297,0.886616309,0.543301221,-0.676732128,1.536448503,0.622089822,1.301049016,1.256820581,-1.11135569,0.604289863,-0.788240591,-0.311088663,-0.538211136,1.27960868,0.119735408,0.769437586,-0.284151241,-0.330213733,0.597440687,0.622765102,0.087314185,0.632343664,1
0.361915799,-0.86043207,-1.181988297,-0.586083797,0.543301221,0.087122786,-0.595803414,1.049337012,0.783913317,-0.608531167,0.317309996,0.604289863,-1.531137883,-1.243779626,-0.275841584,-0.781488916,-0.724659511,-1.599919681,-0.103124802,-0.330213733,-0.365828492,-1.253047332,0.763142646,-0.32353837,1
0.361915799,1.162206796,0.107308958,0.886616309,-1.339678653,-0.676732128,-1.038502999,-0.616927032,-1.284629479,1.256820581,-1.11135569,0.604289863,-0.788240591,0.6216023,0.811117989,-0.781488916,-0.724659511,0.644734572,-0.646204118,0.602898942,-0.365828492,-0.315141115,-0.963974531,-1.279420405,1
-1.715577784,-0.86043207,-1.181988297,-1.32243385,1.484791158,-0.676732128,0.62146849,-0.958724784,-1.413913404,-1.407967631,-0.754189269,-1.304489412,1.440451283,-1.243779626,-1.100431605,1.27960868,-0.724659511,0.27062553,-0.284151241,0.602898942,-1.329097671,0.622765102,-0.963974531,0.632343664,1
1.355499687,1.162206796,0.107308958,-0.586083797,0.543301221,0.8509777,0.536980743,0.792988698,1.042481167,0.190905296,-1.468522111,-0.350099774,-0.788240591,0.6216023,-0.463248407,-0.781488916,-0.724659511,0.520031558,0.983033829,0.602898942,0.597440687,-0.315141115,1.514063157,0.632343664,1
-0.631668089,-0.86043207,-1.181988297,0.150266256,0.543301221,0.087122786,-0.137502973,0.451190945,1.301049016,-0.875009989,1.745975682,-0.350099774,-0.788240591,0.6216023,-0.950506146,-0.781488916,-0.302462052,0.021219502,-1.008256994,-0.330213733,0.597440687,-1.253047332,-0.813790429,0.632343664,1
-0.99297132,1.162206796,-1.181988297,-0.586083797,-0.398188716,-0.676732128,0.411768686,-0.70237647,0.137493693,-0.608531167,-0.754189269,1.5586795,-0.788240591,-1.243779626,0.286378885,-0.781488916,1.386327786,-0.976404611,0.077901636,-0.330213733,-0.365828492,1.560671319,0.312590339,-0.32353837,1
-0.180039049,-0.86043207,-1.181988297,-0.586083797,-1.339678653,0.087122786,-1.64997547,0.194842631,-0.638209856,0.457384117,-0.397022847,0.604289863,-0.0453433,0.6216023,-0.463248407,-0.781488916,-0.724659511,0.769437586,-0.284151241,1.536011617,-1.329097671,-0.315141115,-1.039066582,-0.32353837,1
-0.902645512,-0.86043207,0.107308958,1.622966363,1.484791158,-1.440587041,0.059027278,0.451190945,0.008209768,-1.674446452,0.674476417,0.604289863,1.440451283,-1.243779626,0.811117989,-0.781488916,0.541932867,0.8941406,0.258928075,0.602898942,-0.365828492,-0.315141115,-0.663606326,-1.279420405,1
